2026-08-07 00:03:05 | pocket.main          | INFO     | 🚀 Sistem başladılır...
2026-08-07 00:03:05 | pocket.main          | INFO     | ⚙️  Core komponentlər yaradılır...
2026-08-07 00:03:05 | pocket.main          | INFO     | ✅ Core və Martingale komponentlər hazırdır
2026-08-07 00:03:05 | pocket.main          | INFO     | 🔍 Bazar skaneri və Martingale icraçısı işə düşdü
2026-08-07 00:03:05 | core.po_trader       | INFO     | 🔌 Pocket Option-a qoşulunur... (Hesab: DEMO)
2026-08-07 00:03:05 | pocket.main          | INFO     | 🔍 Martingale Skaneri başladı
2026-08-07 00:03:05 | pocket.main          | INFO     | 🤖 Telegram Bot thread-i başladı
2026-08-07 00:03:05 | pocket.main          | INFO     | 🌐 Web Dashboard: http://localhost:5000
2026-08-07 00:03:06 | core.po_trader       | INFO     | ✅ Pocket Option-a uğurla qoşuldu!
2026-08-07 00:03:06 | core.po_trader       | INFO     | 💰 Balans: 68128.4 USD
2026-08-07 00:03:06 | pocket.main          | INFO     | 📊 Bazar skan edilir...
2026-08-07 00:03:06 | pocket.main          | INFO     | 🌐 Web Dashboard işə düşür: http://localhost:5000
2026-08-07 00:03:07 | pocket.main          | INFO     | 🤖 Telegram Bot işə düşür...
2026-08-07 00:03:07 | bot.telegram_bot     | INFO     | Bot starting...
2026-08-07 00:03:07 | telegram.ext         | ERROR    | Network Retry Loop (Bootstrap Initialize Application): Failed run number 0 of 0. Aborting.
Traceback (most recent call last):
  File "C:\Users\Sadiq\AppData\Local\Programs\Python\Python311\Lib\site-packages\httpx\_transports\default.py", line 101, in map_httpcore_exceptions
    yield
  File "C:\Users\Sadiq\AppData\Local\Programs\Python\Python311\Lib\site-packages\httpx\_transports\default.py", line 394, in handle_async_request
    resp = await self._pool.handle_async_request(req)
           ^^^^^^^^^^^^^^^^^^^^^^^^^^^^^^^^^^^^^^^^^^
  File "C:\Users\Sadiq\AppData\Local\Programs\Python\Python311\Lib\site-packages\httpcore\_async\connection_pool.py", line 256, in handle_async_request
    raise exc from None
  File "C:\Users\Sadiq\AppData\Local\Programs\Python\Python311\Lib\site-packages\httpcore\_async\connection_pool.py", line 236, in handle_async_request
    response = await connection.handle_async_request(
               ^^^^^^^^^^^^^^^^^^^^^^^^^^^^^^^^^^^^^^
  File "C:\Users\Sadiq\AppData\Local\Programs\Python\Python311\Lib\site-packages\httpcore\_async\connection.py", line 101, in handle_async_request
    raise exc
  File "C:\Users\Sadiq\AppData\Local\Programs\Python\Python311\Lib\site-packages\httpcore\_async\connection.py", line 78, in handle_async_request
    stream = await self._connect(request)
             ^^^^^^^^^^^^^^^^^^^^^^^^^^^^
  File "C:\Users\Sadiq\AppData\Local\Programs\Python\Python311\Lib\site-packages\httpcore\_async\connection.py", line 156, in _connect
    stream = await stream.start_tls(**kwargs)
             ^^^^^^^^^^^^^^^^^^^^^^^^^^^^^^^^
  File "C:\Users\Sadiq\AppData\Local\Programs\Python\Python311\Lib\site-packages\httpcore\_backends\anyio.py", line 67, in start_tls
    with map_exceptions(exc_map):
  File "C:\Users\Sadiq\AppData\Local\Programs\Python\Python311\Lib\contextlib.py", line 158, in __exit__
    self.gen.throw(typ, value, traceback)
  File "C:\Users\Sadiq\AppData\Local\Programs\Python\Python311\Lib\site-packages\httpcore\_exceptions.py", line 14, in map_exceptions
    raise to_exc(exc) from exc
httpcore.ConnectError

The above exception was the direct cause of the following exception:

Traceback (most recent call last):
  File "C:\Users\Sadiq\AppData\Local\Programs\Python\Python311\Lib\site-packages\telegram\request\_httpxrequest.py", line 279, in do_request
    res = await self._client.request(
          ^^^^^^^^^^^^^^^^^^^^^^^^^^^
  File "C:\Users\Sadiq\AppData\Local\Programs\Python\Python311\Lib\site-packages\httpx\_client.py", line 1540, in request
    return await self.send(request, auth=auth, follow_redirects=follow_redirects)
           ^^^^^^^^^^^^^^^^^^^^^^^^^^^^^^^^^^^^^^^^^^^^^^^^^^^^^^^^^^^^^^^^^^^^^^
  File "C:\Users\Sadiq\AppData\Local\Programs\Python\Python311\Lib\site-packages\httpx\_client.py", line 1629, in send
    response = await self._send_handling_auth(
               ^^^^^^^^^^^^^^^^^^^^^^^^^^^^^^^
  File "C:\Users\Sadiq\AppData\Local\Programs\Python\Python311\Lib\site-packages\httpx\_client.py", line 1657, in _send_handling_auth
    response = await self._send_handling_redirects(
               ^^^^^^^^^^^^^^^^^^^^^^^^^^^^^^^^^^^^
  File "C:\Users\Sadiq\AppData\Local\Programs\Python\Python311\Lib\site-packages\httpx\_client.py", line 1694, in _send_handling_redirects
    response = await self._send_single_request(request)
               ^^^^^^^^^^^^^^^^^^^^^^^^^^^^^^^^^^^^^^^^
  File "C:\Users\Sadiq\AppData\Local\Programs\Python\Python311\Lib\site-packages\httpx\_client.py", line 1730, in _send_single_request
    response = await transport.handle_async_request(request)
               ^^^^^^^^^^^^^^^^^^^^^^^^^^^^^^^^^^^^^^^^^^^^^
  File "C:\Users\Sadiq\AppData\Local\Programs\Python\Python311\Lib\site-packages\httpx\_transports\default.py", line 393, in handle_async_request
    with map_httpcore_exceptions():
  File "C:\Users\Sadiq\AppData\Local\Programs\Python\Python311\Lib\contextlib.py", line 158, in __exit__
    self.gen.throw(typ, value, traceback)
  File "C:\Users\Sadiq\AppData\Local\Programs\Python\Python311\Lib\site-packages\httpx\_transports\default.py", line 118, in map_httpcore_exceptions
    raise mapped_exc(message) from exc
httpx.ConnectError

The above exception was the direct cause of the following exception:

Traceback (most recent call last):
  File "C:\Users\Sadiq\AppData\Local\Programs\Python\Python311\Lib\site-packages\telegram\ext\_utils\networkloop.py", line 161, in network_retry_loop
    await do_action()
  File "C:\Users\Sadiq\AppData\Local\Programs\Python\Python311\Lib\site-packages\telegram\ext\_utils\networkloop.py", line 136, in do_action
    await action_cb()
  File "C:\Users\Sadiq\AppData\Local\Programs\Python\Python311\Lib\site-packages\telegram\ext\_application.py", line 489, in initialize
    await self.bot.initialize()
  File "C:\Users\Sadiq\AppData\Local\Programs\Python\Python311\Lib\site-packages\telegram\ext\_extbot.py", line 324, in initialize
    await super().initialize()
  File "C:\Users\Sadiq\AppData\Local\Programs\Python\Python311\Lib\site-packages\telegram\_bot.py", line 865, in initialize
    await self.get_me()
  File "C:\Users\Sadiq\AppData\Local\Programs\Python\Python311\Lib\site-packages\telegram\ext\_extbot.py", line 2040, in get_me
    return await super().get_me(
           ^^^^^^^^^^^^^^^^^^^^^
  File "C:\Users\Sadiq\AppData\Local\Programs\Python\Python311\Lib\site-packages\telegram\_bot.py", line 1005, in get_me
    result = await self._post(
             ^^^^^^^^^^^^^^^^^
  File "C:\Users\Sadiq\AppData\Local\Programs\Python\Python311\Lib\site-packages\telegram\_bot.py", line 712, in _post
    return await self._do_post(
           ^^^^^^^^^^^^^^^^^^^^
  File "C:\Users\Sadiq\AppData\Local\Programs\Python\Python311\Lib\site-packages\telegram\ext\_extbot.py", line 378, in _do_post
    return await super()._do_post(
           ^^^^^^^^^^^^^^^^^^^^^^^
  File "C:\Users\Sadiq\AppData\Local\Programs\Python\Python311\Lib\site-packages\telegram\_bot.py", line 741, in _do_post
    result = await request.post(
             ^^^^^^^^^^^^^^^^^^^
  File "C:\Users\Sadiq\AppData\Local\Programs\Python\Python311\Lib\site-packages\telegram\request\_baserequest.py", line 198, in post
    result = await self._request_wrapper(
             ^^^^^^^^^^^^^^^^^^^^^^^^^^^^
  File "C:\Users\Sadiq\AppData\Local\Programs\Python\Python311\Lib\site-packages\telegram\request\_baserequest.py", line 305, in _request_wrapper
    code, payload = await self.do_request(
                    ^^^^^^^^^^^^^^^^^^^^^^
  File "C:\Users\Sadiq\AppData\Local\Programs\Python\Python311\Lib\site-packages\telegram\request\_httpxrequest.py", line 303, in do_request
    raise NetworkError(f"httpx.{err.__class__.__name__}: {err}") from err
telegram.error.NetworkError: httpx.ConnectError: 
2026-08-07 00:03:07 | pocket.main          | ERROR    | ❌ Telegram Bot xətası: httpx.ConnectError: 
Traceback (most recent call last):
  File "C:\Users\Sadiq\AppData\Local\Programs\Python\Python311\Lib\site-packages\httpx\_transports\default.py", line 101, in map_httpcore_exceptions
    yield
  File "C:\Users\Sadiq\AppData\Local\Programs\Python\Python311\Lib\site-packages\httpx\_transports\default.py", line 394, in handle_async_request
    resp = await self._pool.handle_async_request(req)
           ^^^^^^^^^^^^^^^^^^^^^^^^^^^^^^^^^^^^^^^^^^
  File "C:\Users\Sadiq\AppData\Local\Programs\Python\Python311\Lib\site-packages\httpcore\_async\connection_pool.py", line 256, in handle_async_request
    raise exc from None
  File "C:\Users\Sadiq\AppData\Local\Programs\Python\Python311\Lib\site-packages\httpcore\_async\connection_pool.py", line 236, in handle_async_request
    response = await connection.handle_async_request(
               ^^^^^^^^^^^^^^^^^^^^^^^^^^^^^^^^^^^^^^
  File "C:\Users\Sadiq\AppData\Local\Programs\Python\Python311\Lib\site-packages\httpcore\_async\connection.py", line 101, in handle_async_request
    raise exc
  File "C:\Users\Sadiq\AppData\Local\Programs\Python\Python311\Lib\site-packages\httpcore\_async\connection.py", line 78, in handle_async_request
    stream = await self._connect(request)
             ^^^^^^^^^^^^^^^^^^^^^^^^^^^^
  File "C:\Users\Sadiq\AppData\Local\Programs\Python\Python311\Lib\site-packages\httpcore\_async\connection.py", line 156, in _connect
    stream = await stream.start_tls(**kwargs)
             ^^^^^^^^^^^^^^^^^^^^^^^^^^^^^^^^
  File "C:\Users\Sadiq\AppData\Local\Programs\Python\Python311\Lib\site-packages\httpcore\_backends\anyio.py", line 67, in start_tls
    with map_exceptions(exc_map):
  File "C:\Users\Sadiq\AppData\Local\Programs\Python\Python311\Lib\contextlib.py", line 158, in __exit__
    self.gen.throw(typ, value, traceback)
  File "C:\Users\Sadiq\AppData\Local\Programs\Python\Python311\Lib\site-packages\httpcore\_exceptions.py", line 14, in map_exceptions
    raise to_exc(exc) from exc
httpcore.ConnectError

The above exception was the direct cause of the following exception:

Traceback (most recent call last):
  File "C:\Users\Sadiq\AppData\Local\Programs\Python\Python311\Lib\site-packages\telegram\request\_httpxrequest.py", line 279, in do_request
    res = await self._client.request(
          ^^^^^^^^^^^^^^^^^^^^^^^^^^^
  File "C:\Users\Sadiq\AppData\Local\Programs\Python\Python311\Lib\site-packages\httpx\_client.py", line 1540, in request
    return await self.send(request, auth=auth, follow_redirects=follow_redirects)
           ^^^^^^^^^^^^^^^^^^^^^^^^^^^^^^^^^^^^^^^^^^^^^^^^^^^^^^^^^^^^^^^^^^^^^^
  File "C:\Users\Sadiq\AppData\Local\Programs\Python\Python311\Lib\site-packages\httpx\_client.py", line 1629, in send
    response = await self._send_handling_auth(
               ^^^^^^^^^^^^^^^^^^^^^^^^^^^^^^^
  File "C:\Users\Sadiq\AppData\Local\Programs\Python\Python311\Lib\site-packages\httpx\_client.py", line 1657, in _send_handling_auth
    response = await self._send_handling_redirects(
               ^^^^^^^^^^^^^^^^^^^^^^^^^^^^^^^^^^^^
  File "C:\Users\Sadiq\AppData\Local\Programs\Python\Python311\Lib\site-packages\httpx\_client.py", line 1694, in _send_handling_redirects
    response = await self._send_single_request(request)
               ^^^^^^^^^^^^^^^^^^^^^^^^^^^^^^^^^^^^^^^^
  File "C:\Users\Sadiq\AppData\Local\Programs\Python\Python311\Lib\site-packages\httpx\_client.py", line 1730, in _send_single_request
    response = await transport.handle_async_request(request)
               ^^^^^^^^^^^^^^^^^^^^^^^^^^^^^^^^^^^^^^^^^^^^^
  File "C:\Users\Sadiq\AppData\Local\Programs\Python\Python311\Lib\site-packages\httpx\_transports\default.py", line 393, in handle_async_request
    with map_httpcore_exceptions():
  File "C:\Users\Sadiq\AppData\Local\Programs\Python\Python311\Lib\contextlib.py", line 158, in __exit__
    self.gen.throw(typ, value, traceback)
  File "C:\Users\Sadiq\AppData\Local\Programs\Python\Python311\Lib\site-packages\httpx\_transports\default.py", line 118, in map_httpcore_exceptions
    raise mapped_exc(message) from exc
httpx.ConnectError

The above exception was the direct cause of the following exception:

Traceback (most recent call last):
  File "D:\pocket\main.py", line 223, in run_telegram_bot
    bot.start()
  File "D:\pocket\bot\telegram_bot.py", line 58, in start
    self.app.run_polling()
  File "C:\Users\Sadiq\AppData\Local\Programs\Python\Python311\Lib\site-packages\telegram\ext\_application.py", line 839, in run_polling
    return self.__run(
           ^^^^^^^^^^^
  File "C:\Users\Sadiq\AppData\Local\Programs\Python\Python311\Lib\site-packages\telegram\ext\_application.py", line 1054, in __run
    loop.run_until_complete(self._bootstrap_initialize(max_retries=bootstrap_retries))
  File "C:\Users\Sadiq\AppData\Local\Programs\Python\Python311\Lib\asyncio\base_events.py", line 654, in run_until_complete
    return future.result()
           ^^^^^^^^^^^^^^^
  File "C:\Users\Sadiq\AppData\Local\Programs\Python\Python311\Lib\site-packages\telegram\ext\_application.py", line 1014, in _bootstrap_initialize
    await network_retry_loop(
  File "C:\Users\Sadiq\AppData\Local\Programs\Python\Python311\Lib\site-packages\telegram\ext\_utils\networkloop.py", line 161, in network_retry_loop
    await do_action()
  File "C:\Users\Sadiq\AppData\Local\Programs\Python\Python311\Lib\site-packages\telegram\ext\_utils\networkloop.py", line 136, in do_action
    await action_cb()
  File "C:\Users\Sadiq\AppData\Local\Programs\Python\Python311\Lib\site-packages\telegram\ext\_application.py", line 489, in initialize
    await self.bot.initialize()
  File "C:\Users\Sadiq\AppData\Local\Programs\Python\Python311\Lib\site-packages\telegram\ext\_extbot.py", line 324, in initialize
    await super().initialize()
  File "C:\Users\Sadiq\AppData\Local\Programs\Python\Python311\Lib\site-packages\telegram\_bot.py", line 865, in initialize
    await self.get_me()
  File "C:\Users\Sadiq\AppData\Local\Programs\Python\Python311\Lib\site-packages\telegram\ext\_extbot.py", line 2040, in get_me
    return await super().get_me(
           ^^^^^^^^^^^^^^^^^^^^^
  File "C:\Users\Sadiq\AppData\Local\Programs\Python\Python311\Lib\site-packages\telegram\_bot.py", line 1005, in get_me
    result = await self._post(
             ^^^^^^^^^^^^^^^^^
  File "C:\Users\Sadiq\AppData\Local\Programs\Python\Python311\Lib\site-packages\telegram\_bot.py", line 712, in _post
    return await self._do_post(
           ^^^^^^^^^^^^^^^^^^^^
  File "C:\Users\Sadiq\AppData\Local\Programs\Python\Python311\Lib\site-packages\telegram\ext\_extbot.py", line 378, in _do_post
    return await super()._do_post(
           ^^^^^^^^^^^^^^^^^^^^^^^
  File "C:\Users\Sadiq\AppData\Local\Programs\Python\Python311\Lib\site-packages\telegram\_bot.py", line 741, in _do_post
    result = await request.post(
             ^^^^^^^^^^^^^^^^^^^
  File "C:\Users\Sadiq\AppData\Local\Programs\Python\Python311\Lib\site-packages\telegram\request\_baserequest.py", line 198, in post
    result = await self._request_wrapper(
             ^^^^^^^^^^^^^^^^^^^^^^^^^^^^
  File "C:\Users\Sadiq\AppData\Local\Programs\Python\Python311\Lib\site-packages\telegram\request\_baserequest.py", line 305, in _request_wrapper
    code, payload = await self.do_request(
                    ^^^^^^^^^^^^^^^^^^^^^^
  File "C:\Users\Sadiq\AppData\Local\Programs\Python\Python311\Lib\site-packages\telegram\request\_httpxrequest.py", line 303, in do_request
    raise NetworkError(f"httpx.{err.__class__.__name__}: {err}") from err
telegram.error.NetworkError: httpx.ConnectError: 
2026-08-07 00:03:08 | pocket.main          | INFO     | ℹ️  M1 üçün siqnal tapılmadı
2026-08-07 00:03:08 | pocket.main          | INFO     | ℹ️  M5 üçün siqnal tapılmadı
2026-08-07 00:03:10 | pocket.main          | INFO     | ℹ️  M15 üçün siqnal tapılmadı
2026-08-07 00:03:18 | core.data_fetcher    | ERROR    | Pocket Option şam alma xətası (USDJPY=X): 
2026-08-07 00:04:10 | pocket.main          | INFO     | 📊 Bazar skan edilir...
2026-08-07 00:04:12 | pocket.main          | INFO     | ℹ️  M1 üçün siqnal tapılmadı
2026-08-07 00:04:12 | pocket.main          | INFO     | ℹ️  M5 üçün siqnal tapılmadı
2026-08-07 00:04:14 | pocket.main          | INFO     | ℹ️  M15 üçün siqnal tapılmadı
2026-08-07 00:05:14 | pocket.main          | INFO     | 📊 Bazar skan edilir...
2026-08-07 00:05:14 | pocket.main          | INFO     | ℹ️  M1 üçün siqnal tapılmadı
2026-08-07 00:05:14 | pocket.main          | INFO     | ℹ️  M5 üçün siqnal tapılmadı
2026-08-07 00:05:16 | pocket.main          | INFO     | ℹ️  M15 üçün siqnal tapılmadı
2026-08-07 00:05:42 | pocket.main          | INFO     | 🚀 Sistem başladılır...
2026-08-07 00:05:42 | pocket.main          | INFO     | ⚙️  Core komponentlər yaradılır...
2026-08-07 00:05:42 | pocket.main          | INFO     | ✅ Core və Martingale komponentlər hazırdır
2026-08-07 00:05:42 | pocket.main          | INFO     | 🔍 Bazar skaneri və Martingale icraçısı işə düşdü
2026-08-07 00:05:42 | pocket.main          | INFO     | 🔍 Martingale Skaneri başladı
2026-08-07 00:05:42 | pocket.main          | INFO     | 🤖 Telegram Bot thread-i başladı
2026-08-07 00:05:42 | pocket.main          | INFO     | 🌐 Web Dashboard: http://localhost:5000
2026-08-07 00:05:42 | core.po_trader       | INFO     | 🔌 Pocket Option-a qoşulunur... (Hesab: DEMO)
2026-08-07 00:05:42 | core.po_trader       | INFO     | ✅ Pocket Option-a uğurla qoşuldu!
2026-08-07 00:05:42 | core.po_trader       | INFO     | 💰 Balans: 68128.4 USD
2026-08-07 00:05:42 | pocket.main          | INFO     | 📊 Bazar skan edilir...
2026-08-07 00:05:43 | pocket.main          | INFO     | 🌐 Web Dashboard işə düşür: http://localhost:5000
2026-08-07 00:05:43 | pocket.main          | INFO     | 🤖 Telegram Bot işə düşür...
2026-08-07 00:05:43 | bot.telegram_bot     | INFO     | Bot starting...
2026-08-07 00:05:44 | httpx                | INFO     | HTTP Request: POST https://api.telegram.org/bot8941505352:AAHsWfhljzdi9hH-pdjzsfA86Ih1YzBEBLA/getMe "HTTP/1.1 200 OK"
2026-08-07 00:05:44 | httpx                | INFO     | HTTP Request: POST https://api.telegram.org/bot8941505352:AAHsWfhljzdi9hH-pdjzsfA86Ih1YzBEBLA/deleteWebhook "HTTP/1.1 200 OK"
2026-08-07 00:05:44 | apscheduler.scheduler | INFO     | Scheduler started
2026-08-07 00:05:44 | telegram.ext.Application | INFO     | Application started
2026-08-07 00:05:44 | httpx                | INFO     | HTTP Request: POST https://api.telegram.org/bot8941505352:AAHsWfhljzdi9hH-pdjzsfA86Ih1YzBEBLA/getUpdates "HTTP/1.1 200 OK"
2026-08-07 00:05:44 | httpx                | INFO     | HTTP Request: POST https://api.telegram.org/bot8941505352:AAHsWfhljzdi9hH-pdjzsfA86Ih1YzBEBLA/answerCallbackQuery "HTTP/1.1 400 Bad Request"
2026-08-07 00:05:44 | bot.handlers         | ERROR    | Exception while handling an update: Query is too old and response timeout expired or query id is invalid
Traceback (most recent call last):
  File "C:\Users\Sadiq\AppData\Local\Programs\Python\Python311\Lib\site-packages\telegram\ext\_application.py", line 1315, in process_update
    await coroutine
  File "C:\Users\Sadiq\AppData\Local\Programs\Python\Python311\Lib\site-packages\telegram\ext\_handlers\basehandler.py", line 159, in handle_update
    return await self.callback(update, context)
           ^^^^^^^^^^^^^^^^^^^^^^^^^^^^^^^^^^^^
  File "D:\pocket\bot\handlers.py", line 145, in callback_handler
    await query.answer()
  File "C:\Users\Sadiq\AppData\Local\Programs\Python\Python311\Lib\site-packages\telegram\_callbackquery.py", line 190, in answer
    return await self.get_bot().answer_callback_query(
           ^^^^^^^^^^^^^^^^^^^^^^^^^^^^^^^^^^^^^^^^^^^
  File "C:\Users\Sadiq\AppData\Local\Programs\Python\Python311\Lib\site-packages\telegram\ext\_extbot.py", line 978, in answer_callback_query
    return await super().answer_callback_query(
           ^^^^^^^^^^^^^^^^^^^^^^^^^^^^^^^^^^^^
  File "C:\Users\Sadiq\AppData\Local\Programs\Python\Python311\Lib\site-packages\telegram\_bot.py", line 4362, in answer_callback_query
    return await self._post(
           ^^^^^^^^^^^^^^^^^
  File "C:\Users\Sadiq\AppData\Local\Programs\Python\Python311\Lib\site-packages\telegram\_bot.py", line 712, in _post
    return await self._do_post(
           ^^^^^^^^^^^^^^^^^^^^
  File "C:\Users\Sadiq\AppData\Local\Programs\Python\Python311\Lib\site-packages\telegram\ext\_extbot.py", line 378, in _do_post
    return await super()._do_post(
           ^^^^^^^^^^^^^^^^^^^^^^^
  File "C:\Users\Sadiq\AppData\Local\Programs\Python\Python311\Lib\site-packages\telegram\_bot.py", line 741, in _do_post
    result = await request.post(
             ^^^^^^^^^^^^^^^^^^^
  File "C:\Users\Sadiq\AppData\Local\Programs\Python\Python311\Lib\site-packages\telegram\request\_baserequest.py", line 198, in post
    result = await self._request_wrapper(
             ^^^^^^^^^^^^^^^^^^^^^^^^^^^^
  File "C:\Users\Sadiq\AppData\Local\Programs\Python\Python311\Lib\site-packages\telegram\request\_baserequest.py", line 375, in _request_wrapper
    raise exception
telegram.error.BadRequest: Query is too old and response timeout expired or query id is invalid
2026-08-07 00:05:44 | httpx                | INFO     | HTTP Request: POST https://api.telegram.org/bot8941505352:AAHsWfhljzdi9hH-pdjzsfA86Ih1YzBEBLA/sendMessage "HTTP/1.1 200 OK"
2026-08-07 00:05:44 | httpx                | INFO     | HTTP Request: POST https://api.telegram.org/bot8941505352:AAHsWfhljzdi9hH-pdjzsfA86Ih1YzBEBLA/answerCallbackQuery "HTTP/1.1 400 Bad Request"
2026-08-07 00:05:44 | bot.handlers         | ERROR    | Exception while handling an update: Query is too old and response timeout expired or query id is invalid
Traceback (most recent call last):
  File "C:\Users\Sadiq\AppData\Local\Programs\Python\Python311\Lib\site-packages\telegram\ext\_application.py", line 1315, in process_update
    await coroutine
  File "C:\Users\Sadiq\AppData\Local\Programs\Python\Python311\Lib\site-packages\telegram\ext\_handlers\basehandler.py", line 159, in handle_update
    return await self.callback(update, context)
           ^^^^^^^^^^^^^^^^^^^^^^^^^^^^^^^^^^^^
  File "D:\pocket\bot\handlers.py", line 145, in callback_handler
    await query.answer()
  File "C:\Users\Sadiq\AppData\Local\Programs\Python\Python311\Lib\site-packages\telegram\_callbackquery.py", line 190, in answer
    return await self.get_bot().answer_callback_query(
           ^^^^^^^^^^^^^^^^^^^^^^^^^^^^^^^^^^^^^^^^^^^
  File "C:\Users\Sadiq\AppData\Local\Programs\Python\Python311\Lib\site-packages\telegram\ext\_extbot.py", line 978, in answer_callback_query
    return await super().answer_callback_query(
           ^^^^^^^^^^^^^^^^^^^^^^^^^^^^^^^^^^^^
  File "C:\Users\Sadiq\AppData\Local\Programs\Python\Python311\Lib\site-packages\telegram\_bot.py", line 4362, in answer_callback_query
    return await self._post(
           ^^^^^^^^^^^^^^^^^
  File "C:\Users\Sadiq\AppData\Local\Programs\Python\Python311\Lib\site-packages\telegram\_bot.py", line 712, in _post
    return await self._do_post(
           ^^^^^^^^^^^^^^^^^^^^
  File "C:\Users\Sadiq\AppData\Local\Programs\Python\Python311\Lib\site-packages\telegram\ext\_extbot.py", line 378, in _do_post
    return await super()._do_post(
           ^^^^^^^^^^^^^^^^^^^^^^^
  File "C:\Users\Sadiq\AppData\Local\Programs\Python\Python311\Lib\site-packages\telegram\_bot.py", line 741, in _do_post
    result = await request.post(
             ^^^^^^^^^^^^^^^^^^^
  File "C:\Users\Sadiq\AppData\Local\Programs\Python\Python311\Lib\site-packages\telegram\request\_baserequest.py", line 198, in post
    result = await self._request_wrapper(
             ^^^^^^^^^^^^^^^^^^^^^^^^^^^^
  File "C:\Users\Sadiq\AppData\Local\Programs\Python\Python311\Lib\site-packages\telegram\request\_baserequest.py", line 375, in _request_wrapper
    raise exception
telegram.error.BadRequest: Query is too old and response timeout expired or query id is invalid
2026-08-07 00:05:44 | pocket.main          | INFO     | ℹ️  M1 üçün siqnal tapılmadı
2026-08-07 00:05:45 | httpx                | INFO     | HTTP Request: POST https://api.telegram.org/bot8941505352:AAHsWfhljzdi9hH-pdjzsfA86Ih1YzBEBLA/sendMessage "HTTP/1.1 200 OK"
2026-08-07 00:05:45 | httpx                | INFO     | HTTP Request: POST https://api.telegram.org/bot8941505352:AAHsWfhljzdi9hH-pdjzsfA86Ih1YzBEBLA/answerCallbackQuery "HTTP/1.1 400 Bad Request"
2026-08-07 00:05:45 | bot.handlers         | ERROR    | Exception while handling an update: Query is too old and response timeout expired or query id is invalid
Traceback (most recent call last):
  File "C:\Users\Sadiq\AppData\Local\Programs\Python\Python311\Lib\site-packages\telegram\ext\_application.py", line 1315, in process_update
    await coroutine
  File "C:\Users\Sadiq\AppData\Local\Programs\Python\Python311\Lib\site-packages\telegram\ext\_handlers\basehandler.py", line 159, in handle_update
    return await self.callback(update, context)
           ^^^^^^^^^^^^^^^^^^^^^^^^^^^^^^^^^^^^
  File "D:\pocket\bot\handlers.py", line 145, in callback_handler
    await query.answer()
  File "C:\Users\Sadiq\AppData\Local\Programs\Python\Python311\Lib\site-packages\telegram\_callbackquery.py", line 190, in answer
    return await self.get_bot().answer_callback_query(
           ^^^^^^^^^^^^^^^^^^^^^^^^^^^^^^^^^^^^^^^^^^^
  File "C:\Users\Sadiq\AppData\Local\Programs\Python\Python311\Lib\site-packages\telegram\ext\_extbot.py", line 978, in answer_callback_query
    return await super().answer_callback_query(
           ^^^^^^^^^^^^^^^^^^^^^^^^^^^^^^^^^^^^
  File "C:\Users\Sadiq\AppData\Local\Programs\Python\Python311\Lib\site-packages\telegram\_bot.py", line 4362, in answer_callback_query
    return await self._post(
           ^^^^^^^^^^^^^^^^^
  File "C:\Users\Sadiq\AppData\Local\Programs\Python\Python311\Lib\site-packages\telegram\_bot.py", line 712, in _post
    return await self._do_post(
           ^^^^^^^^^^^^^^^^^^^^
  File "C:\Users\Sadiq\AppData\Local\Programs\Python\Python311\Lib\site-packages\telegram\ext\_extbot.py", line 378, in _do_post
    return await super()._do_post(
           ^^^^^^^^^^^^^^^^^^^^^^^
  File "C:\Users\Sadiq\AppData\Local\Programs\Python\Python311\Lib\site-packages\telegram\_bot.py", line 741, in _do_post
    result = await request.post(
             ^^^^^^^^^^^^^^^^^^^
  File "C:\Users\Sadiq\AppData\Local\Programs\Python\Python311\Lib\site-packages\telegram\request\_baserequest.py", line 198, in post
    result = await self._request_wrapper(
             ^^^^^^^^^^^^^^^^^^^^^^^^^^^^
  File "C:\Users\Sadiq\AppData\Local\Programs\Python\Python311\Lib\site-packages\telegram\request\_baserequest.py", line 375, in _request_wrapper
    raise exception
telegram.error.BadRequest: Query is too old and response timeout expired or query id is invalid
2026-08-07 00:05:45 | httpx                | INFO     | HTTP Request: POST https://api.telegram.org/bot8941505352:AAHsWfhljzdi9hH-pdjzsfA86Ih1YzBEBLA/sendMessage "HTTP/1.1 200 OK"
2026-08-07 00:05:45 | httpx                | INFO     | HTTP Request: POST https://api.telegram.org/bot8941505352:AAHsWfhljzdi9hH-pdjzsfA86Ih1YzBEBLA/answerCallbackQuery "HTTP/1.1 400 Bad Request"
2026-08-07 00:05:45 | bot.handlers         | ERROR    | Exception while handling an update: Query is too old and response timeout expired or query id is invalid
Traceback (most recent call last):
  File "C:\Users\Sadiq\AppData\Local\Programs\Python\Python311\Lib\site-packages\telegram\ext\_application.py", line 1315, in process_update
    await coroutine
  File "C:\Users\Sadiq\AppData\Local\Programs\Python\Python311\Lib\site-packages\telegram\ext\_handlers\basehandler.py", line 159, in handle_update
    return await self.callback(update, context)
           ^^^^^^^^^^^^^^^^^^^^^^^^^^^^^^^^^^^^
  File "D:\pocket\bot\handlers.py", line 145, in callback_handler
    await query.answer()
  File "C:\Users\Sadiq\AppData\Local\Programs\Python\Python311\Lib\site-packages\telegram\_callbackquery.py", line 190, in answer
    return await self.get_bot().answer_callback_query(
           ^^^^^^^^^^^^^^^^^^^^^^^^^^^^^^^^^^^^^^^^^^^
  File "C:\Users\Sadiq\AppData\Local\Programs\Python\Python311\Lib\site-packages\telegram\ext\_extbot.py", line 978, in answer_callback_query
    return await super().answer_callback_query(
           ^^^^^^^^^^^^^^^^^^^^^^^^^^^^^^^^^^^^
  File "C:\Users\Sadiq\AppData\Local\Programs\Python\Python311\Lib\site-packages\telegram\_bot.py", line 4362, in answer_callback_query
    return await self._post(
           ^^^^^^^^^^^^^^^^^
  File "C:\Users\Sadiq\AppData\Local\Programs\Python\Python311\Lib\site-packages\telegram\_bot.py", line 712, in _post
    return await self._do_post(
           ^^^^^^^^^^^^^^^^^^^^
  File "C:\Users\Sadiq\AppData\Local\Programs\Python\Python311\Lib\site-packages\telegram\ext\_extbot.py", line 378, in _do_post
    return await super()._do_post(
           ^^^^^^^^^^^^^^^^^^^^^^^
  File "C:\Users\Sadiq\AppData\Local\Programs\Python\Python311\Lib\site-packages\telegram\_bot.py", line 741, in _do_post
    result = await request.post(
             ^^^^^^^^^^^^^^^^^^^
  File "C:\Users\Sadiq\AppData\Local\Programs\Python\Python311\Lib\site-packages\telegram\request\_baserequest.py", line 198, in post
    result = await self._request_wrapper(
             ^^^^^^^^^^^^^^^^^^^^^^^^^^^^
  File "C:\Users\Sadiq\AppData\Local\Programs\Python\Python311\Lib\site-packages\telegram\request\_baserequest.py", line 375, in _request_wrapper
    raise exception
telegram.error.BadRequest: Query is too old and response timeout expired or query id is invalid
2026-08-07 00:05:45 | httpx                | INFO     | HTTP Request: POST https://api.telegram.org/bot8941505352:AAHsWfhljzdi9hH-pdjzsfA86Ih1YzBEBLA/sendMessage "HTTP/1.1 200 OK"
2026-08-07 00:05:45 | httpx                | INFO     | HTTP Request: POST https://api.telegram.org/bot8941505352:AAHsWfhljzdi9hH-pdjzsfA86Ih1YzBEBLA/answerCallbackQuery "HTTP/1.1 400 Bad Request"
2026-08-07 00:05:45 | bot.handlers         | ERROR    | Exception while handling an update: Query is too old and response timeout expired or query id is invalid
Traceback (most recent call last):
  File "C:\Users\Sadiq\AppData\Local\Programs\Python\Python311\Lib\site-packages\telegram\ext\_application.py", line 1315, in process_update
    await coroutine
  File "C:\Users\Sadiq\AppData\Local\Programs\Python\Python311\Lib\site-packages\telegram\ext\_handlers\basehandler.py", line 159, in handle_update
    return await self.callback(update, context)
           ^^^^^^^^^^^^^^^^^^^^^^^^^^^^^^^^^^^^
  File "D:\pocket\bot\handlers.py", line 145, in callback_handler
    await query.answer()
  File "C:\Users\Sadiq\AppData\Local\Programs\Python\Python311\Lib\site-packages\telegram\_callbackquery.py", line 190, in answer
    return await self.get_bot().answer_callback_query(
           ^^^^^^^^^^^^^^^^^^^^^^^^^^^^^^^^^^^^^^^^^^^
  File "C:\Users\Sadiq\AppData\Local\Programs\Python\Python311\Lib\site-packages\telegram\ext\_extbot.py", line 978, in answer_callback_query
    return await super().answer_callback_query(
           ^^^^^^^^^^^^^^^^^^^^^^^^^^^^^^^^^^^^
  File "C:\Users\Sadiq\AppData\Local\Programs\Python\Python311\Lib\site-packages\telegram\_bot.py", line 4362, in answer_callback_query
    return await self._post(
           ^^^^^^^^^^^^^^^^^
  File "C:\Users\Sadiq\AppData\Local\Programs\Python\Python311\Lib\site-packages\telegram\_bot.py", line 712, in _post
    return await self._do_post(
           ^^^^^^^^^^^^^^^^^^^^
  File "C:\Users\Sadiq\AppData\Local\Programs\Python\Python311\Lib\site-packages\telegram\ext\_extbot.py", line 378, in _do_post
    return await super()._do_post(
           ^^^^^^^^^^^^^^^^^^^^^^^
  File "C:\Users\Sadiq\AppData\Local\Programs\Python\Python311\Lib\site-packages\telegram\_bot.py", line 741, in _do_post
    result = await request.post(
             ^^^^^^^^^^^^^^^^^^^
  File "C:\Users\Sadiq\AppData\Local\Programs\Python\Python311\Lib\site-packages\telegram\request\_baserequest.py", line 198, in post
    result = await self._request_wrapper(
             ^^^^^^^^^^^^^^^^^^^^^^^^^^^^
  File "C:\Users\Sadiq\AppData\Local\Programs\Python\Python311\Lib\site-packages\telegram\request\_baserequest.py", line 375, in _request_wrapper
    raise exception
telegram.error.BadRequest: Query is too old and response timeout expired or query id is invalid
2026-08-07 00:05:45 | httpx                | INFO     | HTTP Request: POST https://api.telegram.org/bot8941505352:AAHsWfhljzdi9hH-pdjzsfA86Ih1YzBEBLA/sendMessage "HTTP/1.1 200 OK"
2026-08-07 00:05:45 | httpx                | INFO     | HTTP Request: POST https://api.telegram.org/bot8941505352:AAHsWfhljzdi9hH-pdjzsfA86Ih1YzBEBLA/answerCallbackQuery "HTTP/1.1 400 Bad Request"
2026-08-07 00:05:45 | bot.handlers         | ERROR    | Exception while handling an update: Query is too old and response timeout expired or query id is invalid
Traceback (most recent call last):
  File "C:\Users\Sadiq\AppData\Local\Programs\Python\Python311\Lib\site-packages\telegram\ext\_application.py", line 1315, in process_update
    await coroutine
  File "C:\Users\Sadiq\AppData\Local\Programs\Python\Python311\Lib\site-packages\telegram\ext\_handlers\basehandler.py", line 159, in handle_update
    return await self.callback(update, context)
           ^^^^^^^^^^^^^^^^^^^^^^^^^^^^^^^^^^^^
  File "D:\pocket\bot\handlers.py", line 145, in callback_handler
    await query.answer()
  File "C:\Users\Sadiq\AppData\Local\Programs\Python\Python311\Lib\site-packages\telegram\_callbackquery.py", line 190, in answer
    return await self.get_bot().answer_callback_query(
           ^^^^^^^^^^^^^^^^^^^^^^^^^^^^^^^^^^^^^^^^^^^
  File "C:\Users\Sadiq\AppData\Local\Programs\Python\Python311\Lib\site-packages\telegram\ext\_extbot.py", line 978, in answer_callback_query
    return await super().answer_callback_query(
           ^^^^^^^^^^^^^^^^^^^^^^^^^^^^^^^^^^^^
  File "C:\Users\Sadiq\AppData\Local\Programs\Python\Python311\Lib\site-packages\telegram\_bot.py", line 4362, in answer_callback_query
    return await self._post(
           ^^^^^^^^^^^^^^^^^
  File "C:\Users\Sadiq\AppData\Local\Programs\Python\Python311\Lib\site-packages\telegram\_bot.py", line 712, in _post
    return await self._do_post(
           ^^^^^^^^^^^^^^^^^^^^
  File "C:\Users\Sadiq\AppData\Local\Programs\Python\Python311\Lib\site-packages\telegram\ext\_extbot.py", line 378, in _do_post
    return await super()._do_post(
           ^^^^^^^^^^^^^^^^^^^^^^^
  File "C:\Users\Sadiq\AppData\Local\Programs\Python\Python311\Lib\site-packages\telegram\_bot.py", line 741, in _do_post
    result = await request.post(
             ^^^^^^^^^^^^^^^^^^^
  File "C:\Users\Sadiq\AppData\Local\Programs\Python\Python311\Lib\site-packages\telegram\request\_baserequest.py", line 198, in post
    result = await self._request_wrapper(
             ^^^^^^^^^^^^^^^^^^^^^^^^^^^^
  File "C:\Users\Sadiq\AppData\Local\Programs\Python\Python311\Lib\site-packages\telegram\request\_baserequest.py", line 375, in _request_wrapper
    raise exception
telegram.error.BadRequest: Query is too old and response timeout expired or query id is invalid
2026-08-07 00:05:46 | httpx                | INFO     | HTTP Request: POST https://api.telegram.org/bot8941505352:AAHsWfhljzdi9hH-pdjzsfA86Ih1YzBEBLA/sendMessage "HTTP/1.1 200 OK"
2026-08-07 00:05:46 | httpx                | INFO     | HTTP Request: POST https://api.telegram.org/bot8941505352:AAHsWfhljzdi9hH-pdjzsfA86Ih1YzBEBLA/answerCallbackQuery "HTTP/1.1 400 Bad Request"
2026-08-07 00:05:46 | bot.handlers         | ERROR    | Exception while handling an update: Query is too old and response timeout expired or query id is invalid
Traceback (most recent call last):
  File "C:\Users\Sadiq\AppData\Local\Programs\Python\Python311\Lib\site-packages\telegram\ext\_application.py", line 1315, in process_update
    await coroutine
  File "C:\Users\Sadiq\AppData\Local\Programs\Python\Python311\Lib\site-packages\telegram\ext\_handlers\basehandler.py", line 159, in handle_update
    return await self.callback(update, context)
           ^^^^^^^^^^^^^^^^^^^^^^^^^^^^^^^^^^^^
  File "D:\pocket\bot\handlers.py", line 145, in callback_handler
    await query.answer()
  File "C:\Users\Sadiq\AppData\Local\Programs\Python\Python311\Lib\site-packages\telegram\_callbackquery.py", line 190, in answer
    return await self.get_bot().answer_callback_query(
           ^^^^^^^^^^^^^^^^^^^^^^^^^^^^^^^^^^^^^^^^^^^
  File "C:\Users\Sadiq\AppData\Local\Programs\Python\Python311\Lib\site-packages\telegram\ext\_extbot.py", line 978, in answer_callback_query
    return await super().answer_callback_query(
           ^^^^^^^^^^^^^^^^^^^^^^^^^^^^^^^^^^^^
  File "C:\Users\Sadiq\AppData\Local\Programs\Python\Python311\Lib\site-packages\telegram\_bot.py", line 4362, in answer_callback_query
    return await self._post(
           ^^^^^^^^^^^^^^^^^
  File "C:\Users\Sadiq\AppData\Local\Programs\Python\Python311\Lib\site-packages\telegram\_bot.py", line 712, in _post
    return await self._do_post(
           ^^^^^^^^^^^^^^^^^^^^
  File "C:\Users\Sadiq\AppData\Local\Programs\Python\Python311\Lib\site-packages\telegram\ext\_extbot.py", line 378, in _do_post
    return await super()._do_post(
           ^^^^^^^^^^^^^^^^^^^^^^^
  File "C:\Users\Sadiq\AppData\Local\Programs\Python\Python311\Lib\site-packages\telegram\_bot.py", line 741, in _do_post
    result = await request.post(
             ^^^^^^^^^^^^^^^^^^^
  File "C:\Users\Sadiq\AppData\Local\Programs\Python\Python311\Lib\site-packages\telegram\request\_baserequest.py", line 198, in post
    result = await self._request_wrapper(
             ^^^^^^^^^^^^^^^^^^^^^^^^^^^^
  File "C:\Users\Sadiq\AppData\Local\Programs\Python\Python311\Lib\site-packages\telegram\request\_baserequest.py", line 375, in _request_wrapper
    raise exception
telegram.error.BadRequest: Query is too old and response timeout expired or query id is invalid
2026-08-07 00:05:46 | httpx                | INFO     | HTTP Request: POST https://api.telegram.org/bot8941505352:AAHsWfhljzdi9hH-pdjzsfA86Ih1YzBEBLA/sendMessage "HTTP/1.1 200 OK"
2026-08-07 00:05:46 | pocket.main          | INFO     | ℹ️  M5 üçün siqnal tapılmadı
2026-08-07 00:05:48 | pocket.main          | INFO     | ℹ️  M15 üçün siqnal tapılmadı
2026-08-07 00:05:54 | httpx                | INFO     | HTTP Request: POST https://api.telegram.org/bot8941505352:AAHsWfhljzdi9hH-pdjzsfA86Ih1YzBEBLA/getUpdates "HTTP/1.1 200 OK"
2026-08-07 00:06:03 | httpx                | INFO     | HTTP Request: POST https://api.telegram.org/bot8941505352:AAHsWfhljzdi9hH-pdjzsfA86Ih1YzBEBLA/getUpdates "HTTP/1.1 200 OK"
2026-08-07 00:06:03 | bot.handlers         | ERROR    | Exception while handling an update: httpx.ConnectError: 
Traceback (most recent call last):
  File "C:\Users\Sadiq\AppData\Local\Programs\Python\Python311\Lib\site-packages\httpx\_transports\default.py", line 101, in map_httpcore_exceptions
    yield
  File "C:\Users\Sadiq\AppData\Local\Programs\Python\Python311\Lib\site-packages\httpx\_transports\default.py", line 394, in handle_async_request
    resp = await self._pool.handle_async_request(req)
           ^^^^^^^^^^^^^^^^^^^^^^^^^^^^^^^^^^^^^^^^^^
  File "C:\Users\Sadiq\AppData\Local\Programs\Python\Python311\Lib\site-packages\httpcore\_async\connection_pool.py", line 256, in handle_async_request
    raise exc from None
  File "C:\Users\Sadiq\AppData\Local\Programs\Python\Python311\Lib\site-packages\httpcore\_async\connection_pool.py", line 236, in handle_async_request
    response = await connection.handle_async_request(
               ^^^^^^^^^^^^^^^^^^^^^^^^^^^^^^^^^^^^^^
  File "C:\Users\Sadiq\AppData\Local\Programs\Python\Python311\Lib\site-packages\httpcore\_async\connection.py", line 101, in handle_async_request
    raise exc
  File "C:\Users\Sadiq\AppData\Local\Programs\Python\Python311\Lib\site-packages\httpcore\_async\connection.py", line 78, in handle_async_request
    stream = await self._connect(request)
             ^^^^^^^^^^^^^^^^^^^^^^^^^^^^
  File "C:\Users\Sadiq\AppData\Local\Programs\Python\Python311\Lib\site-packages\httpcore\_async\connection.py", line 156, in _connect
    stream = await stream.start_tls(**kwargs)
             ^^^^^^^^^^^^^^^^^^^^^^^^^^^^^^^^
  File "C:\Users\Sadiq\AppData\Local\Programs\Python\Python311\Lib\site-packages\httpcore\_backends\anyio.py", line 67, in start_tls
    with map_exceptions(exc_map):
  File "C:\Users\Sadiq\AppData\Local\Programs\Python\Python311\Lib\contextlib.py", line 158, in __exit__
    self.gen.throw(typ, value, traceback)
  File "C:\Users\Sadiq\AppData\Local\Programs\Python\Python311\Lib\site-packages\httpcore\_exceptions.py", line 14, in map_exceptions
    raise to_exc(exc) from exc
httpcore.ConnectError

The above exception was the direct cause of the following exception:

Traceback (most recent call last):
  File "C:\Users\Sadiq\AppData\Local\Programs\Python\Python311\Lib\site-packages\telegram\request\_httpxrequest.py", line 279, in do_request
    res = await self._client.request(
          ^^^^^^^^^^^^^^^^^^^^^^^^^^^
  File "C:\Users\Sadiq\AppData\Local\Programs\Python\Python311\Lib\site-packages\httpx\_client.py", line 1540, in request
    return await self.send(request, auth=auth, follow_redirects=follow_redirects)
           ^^^^^^^^^^^^^^^^^^^^^^^^^^^^^^^^^^^^^^^^^^^^^^^^^^^^^^^^^^^^^^^^^^^^^^
  File "C:\Users\Sadiq\AppData\Local\Programs\Python\Python311\Lib\site-packages\httpx\_client.py", line 1629, in send
    response = await self._send_handling_auth(
               ^^^^^^^^^^^^^^^^^^^^^^^^^^^^^^^
  File "C:\Users\Sadiq\AppData\Local\Programs\Python\Python311\Lib\site-packages\httpx\_client.py", line 1657, in _send_handling_auth
    response = await self._send_handling_redirects(
               ^^^^^^^^^^^^^^^^^^^^^^^^^^^^^^^^^^^^
  File "C:\Users\Sadiq\AppData\Local\Programs\Python\Python311\Lib\site-packages\httpx\_client.py", line 1694, in _send_handling_redirects
    response = await self._send_single_request(request)
               ^^^^^^^^^^^^^^^^^^^^^^^^^^^^^^^^^^^^^^^^
  File "C:\Users\Sadiq\AppData\Local\Programs\Python\Python311\Lib\site-packages\httpx\_client.py", line 1730, in _send_single_request
    response = await transport.handle_async_request(request)
               ^^^^^^^^^^^^^^^^^^^^^^^^^^^^^^^^^^^^^^^^^^^^^
  File "C:\Users\Sadiq\AppData\Local\Programs\Python\Python311\Lib\site-packages\httpx\_transports\default.py", line 393, in handle_async_request
    with map_httpcore_exceptions():
  File "C:\Users\Sadiq\AppData\Local\Programs\Python\Python311\Lib\contextlib.py", line 158, in __exit__
    self.gen.throw(typ, value, traceback)
  File "C:\Users\Sadiq\AppData\Local\Programs\Python\Python311\Lib\site-packages\httpx\_transports\default.py", line 118, in map_httpcore_exceptions
    raise mapped_exc(message) from exc
httpx.ConnectError

The above exception was the direct cause of the following exception:

Traceback (most recent call last):
  File "C:\Users\Sadiq\AppData\Local\Programs\Python\Python311\Lib\site-packages\telegram\ext\_application.py", line 1315, in process_update
    await coroutine
  File "C:\Users\Sadiq\AppData\Local\Programs\Python\Python311\Lib\site-packages\telegram\ext\_handlers\basehandler.py", line 159, in handle_update
    return await self.callback(update, context)
           ^^^^^^^^^^^^^^^^^^^^^^^^^^^^^^^^^^^^
  File "D:\pocket\bot\handlers.py", line 133, in text_message_handler
    await signals_handler(update, context)
  File "D:\pocket\bot\handlers.py", line 31, in signals_handler
    await update.message.reply_chat_action(constants.ChatAction.TYPING)
  File "C:\Users\Sadiq\AppData\Local\Programs\Python\Python311\Lib\site-packages\telegram\_message.py", line 3940, in reply_chat_action
    return await self.get_bot().send_chat_action(
           ^^^^^^^^^^^^^^^^^^^^^^^^^^^^^^^^^^^^^^
  File "C:\Users\Sadiq\AppData\Local\Programs\Python\Python311\Lib\site-packages\telegram\ext\_extbot.py", line 2652, in send_chat_action
    return await super().send_chat_action(
           ^^^^^^^^^^^^^^^^^^^^^^^^^^^^^^^
  File "C:\Users\Sadiq\AppData\Local\Programs\Python\Python311\Lib\site-packages\telegram\_bot.py", line 3771, in send_chat_action
    return await self._post(
           ^^^^^^^^^^^^^^^^^
  File "C:\Users\Sadiq\AppData\Local\Programs\Python\Python311\Lib\site-packages\telegram\_bot.py", line 712, in _post
    return await self._do_post(
           ^^^^^^^^^^^^^^^^^^^^
  File "C:\Users\Sadiq\AppData\Local\Programs\Python\Python311\Lib\site-packages\telegram\ext\_extbot.py", line 378, in _do_post
    return await super()._do_post(
           ^^^^^^^^^^^^^^^^^^^^^^^
  File "C:\Users\Sadiq\AppData\Local\Programs\Python\Python311\Lib\site-packages\telegram\_bot.py", line 741, in _do_post
    result = await request.post(
             ^^^^^^^^^^^^^^^^^^^
  File "C:\Users\Sadiq\AppData\Local\Programs\Python\Python311\Lib\site-packages\telegram\request\_baserequest.py", line 198, in post
    result = await self._request_wrapper(
             ^^^^^^^^^^^^^^^^^^^^^^^^^^^^
  File "C:\Users\Sadiq\AppData\Local\Programs\Python\Python311\Lib\site-packages\telegram\request\_baserequest.py", line 305, in _request_wrapper
    code, payload = await self.do_request(
                    ^^^^^^^^^^^^^^^^^^^^^^
  File "C:\Users\Sadiq\AppData\Local\Programs\Python\Python311\Lib\site-packages\telegram\request\_httpxrequest.py", line 303, in do_request
    raise NetworkError(f"httpx.{err.__class__.__name__}: {err}") from err
telegram.error.NetworkError: httpx.ConnectError: 
2026-08-07 00:06:03 | httpx                | INFO     | HTTP Request: POST https://api.telegram.org/bot8941505352:AAHsWfhljzdi9hH-pdjzsfA86Ih1YzBEBLA/sendMessage "HTTP/1.1 200 OK"
2026-08-07 00:06:13 | httpx                | INFO     | HTTP Request: POST https://api.telegram.org/bot8941505352:AAHsWfhljzdi9hH-pdjzsfA86Ih1YzBEBLA/getUpdates "HTTP/1.1 200 OK"
2026-08-07 00:06:18 | httpx                | INFO     | HTTP Request: POST https://api.telegram.org/bot8941505352:AAHsWfhljzdi9hH-pdjzsfA86Ih1YzBEBLA/getUpdates "HTTP/1.1 200 OK"
2026-08-07 00:06:19 | httpx                | INFO     | HTTP Request: POST https://api.telegram.org/bot8941505352:AAHsWfhljzdi9hH-pdjzsfA86Ih1YzBEBLA/sendChatAction "HTTP/1.1 200 OK"
2026-08-07 00:06:19 | core.data_fetcher    | ERROR    | Pocket Option şam alma xətası (EURUSD_otc): Cannot run the event loop while another loop is running
2026-08-07 00:06:20 | core.data_fetcher    | ERROR    | Pocket Option şam alma xətası (GBPUSD_otc): Cannot run the event loop while another loop is running
2026-08-07 00:06:20 | core.data_fetcher    | ERROR    | Pocket Option şam alma xətası (USDJPY_otc): Cannot run the event loop while another loop is running
2026-08-07 00:06:21 | core.data_fetcher    | ERROR    | Pocket Option şam alma xətası (AUDUSD_otc): Cannot run the event loop while another loop is running
2026-08-07 00:06:21 | core.data_fetcher    | ERROR    | Pocket Option şam alma xətası (AUDCAD_otc): Cannot run the event loop while another loop is running
2026-08-07 00:06:21 | core.data_fetcher    | ERROR    | Pocket Option şam alma xətası (USDCAD_otc): Cannot run the event loop while another loop is running
2026-08-07 00:06:22 | core.data_fetcher    | ERROR    | Pocket Option şam alma xətası (EURGBP_otc): Cannot run the event loop while another loop is running
2026-08-07 00:06:22 | core.data_fetcher    | ERROR    | Pocket Option şam alma xətası (EURJPY_otc): Cannot run the event loop while another loop is running
2026-08-07 00:06:22 | core.data_fetcher    | ERROR    | Pocket Option şam alma xətası (EURUSD=X): Cannot run the event loop while another loop is running
2026-08-07 00:06:22 | core.data_fetcher    | ERROR    | Pocket Option şam alma xətası (GBPUSD=X): Cannot run the event loop while another loop is running
2026-08-07 00:06:23 | core.data_fetcher    | ERROR    | Pocket Option şam alma xətası (USDJPY=X): Cannot run the event loop while another loop is running
2026-08-07 00:06:23 | core.data_fetcher    | ERROR    | Pocket Option şam alma xətası (AUDUSD=X): Cannot run the event loop while another loop is running
2026-08-07 00:06:23 | httpx                | INFO     | HTTP Request: POST https://api.telegram.org/bot8941505352:AAHsWfhljzdi9hH-pdjzsfA86Ih1YzBEBLA/sendMessage "HTTP/1.1 200 OK"
2026-08-07 00:06:29 | httpx                | INFO     | HTTP Request: POST https://api.telegram.org/bot8941505352:AAHsWfhljzdi9hH-pdjzsfA86Ih1YzBEBLA/getUpdates "HTTP/1.1 200 OK"
2026-08-07 00:09:06 | pocket.main          | INFO     | 🚀 Sistem başladılır...
2026-08-07 00:09:06 | pocket.main          | INFO     | ⚙️  Core komponentlər yaradılır...
2026-08-07 00:09:06 | pocket.main          | INFO     | ✅ Core və Martingale komponentlər hazırdır
2026-08-07 00:09:06 | pocket.main          | INFO     | 🔍 Bazar skaneri və Martingale icraçısı işə düşdü
2026-08-07 00:09:06 | pocket.main          | INFO     | 🔍 Martingale Skaneri başladı
2026-08-07 00:09:06 | pocket.main          | INFO     | 🤖 Telegram Bot thread-i başladı
2026-08-07 00:09:06 | pocket.main          | INFO     | 🌐 Web Dashboard: http://localhost:5000
2026-08-07 00:09:06 | core.po_trader       | INFO     | 🔌 Pocket Option-a qoşulunur... (Hesab: DEMO)
2026-08-07 00:09:07 | core.po_trader       | INFO     | ✅ Pocket Option-a uğurla qoşuldu!
2026-08-07 00:09:07 | core.po_trader       | INFO     | 💰 Balans: 68128.4 USD
2026-08-07 00:09:07 | pocket.main          | INFO     | 📊 Bazar skan edilir...
2026-08-07 00:09:07 | pocket.main          | INFO     | 🌐 Web Dashboard işə düşür: http://localhost:5000
2026-08-07 00:09:08 | pocket.main          | INFO     | 🤖 Telegram Bot işə düşür...
2026-08-07 00:09:08 | bot.telegram_bot     | INFO     | Bot starting...
2026-08-07 00:09:08 | httpx                | INFO     | HTTP Request: POST https://api.telegram.org/bot8941505352:AAHsWfhljzdi9hH-pdjzsfA86Ih1YzBEBLA/getMe "HTTP/1.1 200 OK"
2026-08-07 00:09:08 | httpx                | INFO     | HTTP Request: POST https://api.telegram.org/bot8941505352:AAHsWfhljzdi9hH-pdjzsfA86Ih1YzBEBLA/deleteWebhook "HTTP/1.1 200 OK"
2026-08-07 00:09:08 | apscheduler.scheduler | INFO     | Scheduler started
2026-08-07 00:09:08 | telegram.ext.Application | INFO     | Application started
2026-08-07 00:09:13 | pocket.main          | INFO     | ℹ️  M1 üçün siqnal tapılmadı
2026-08-07 00:09:15 | pocket.main          | INFO     | ℹ️  M5 üçün siqnal tapılmadı
2026-08-07 00:09:19 | httpx                | INFO     | HTTP Request: POST https://api.telegram.org/bot8941505352:AAHsWfhljzdi9hH-pdjzsfA86Ih1YzBEBLA/getUpdates "HTTP/1.1 200 OK"
2026-08-07 00:09:20 | pocket.main          | INFO     | ℹ️  M15 üçün siqnal tapılmadı
2026-08-07 00:09:29 | httpx                | INFO     | HTTP Request: POST https://api.telegram.org/bot8941505352:AAHsWfhljzdi9hH-pdjzsfA86Ih1YzBEBLA/getUpdates "HTTP/1.1 200 OK"
2026-08-07 00:09:40 | httpx                | INFO     | HTTP Request: POST https://api.telegram.org/bot8941505352:AAHsWfhljzdi9hH-pdjzsfA86Ih1YzBEBLA/getUpdates "HTTP/1.1 200 OK"
2026-08-07 00:09:50 | httpx                | INFO     | HTTP Request: POST https://api.telegram.org/bot8941505352:AAHsWfhljzdi9hH-pdjzsfA86Ih1YzBEBLA/getUpdates "HTTP/1.1 200 OK"
2026-08-07 00:10:00 | httpx                | INFO     | HTTP Request: POST https://api.telegram.org/bot8941505352:AAHsWfhljzdi9hH-pdjzsfA86Ih1YzBEBLA/getUpdates "HTTP/1.1 200 OK"
2026-08-07 00:10:10 | httpx                | INFO     | HTTP Request: POST https://api.telegram.org/bot8941505352:AAHsWfhljzdi9hH-pdjzsfA86Ih1YzBEBLA/getUpdates "HTTP/1.1 200 OK"
2026-08-07 00:10:20 | httpx                | INFO     | HTTP Request: POST https://api.telegram.org/bot8941505352:AAHsWfhljzdi9hH-pdjzsfA86Ih1YzBEBLA/getUpdates "HTTP/1.1 200 OK"
2026-08-07 00:10:20 | pocket.main          | INFO     | 📊 Bazar skan edilir...
2026-08-07 00:10:24 | pocket.main          | INFO     | ℹ️  M1 üçün siqnal tapılmadı
2026-08-07 00:10:26 | pocket.main          | INFO     | ℹ️  M5 üçün siqnal tapılmadı
2026-08-07 00:10:30 | httpx                | INFO     | HTTP Request: POST https://api.telegram.org/bot8941505352:AAHsWfhljzdi9hH-pdjzsfA86Ih1YzBEBLA/getUpdates "HTTP/1.1 200 OK"
2026-08-07 00:10:31 | pocket.main          | INFO     | ℹ️  M15 üçün siqnal tapılmadı
2026-08-07 00:10:33 | httpx                | INFO     | HTTP Request: POST https://api.telegram.org/bot8941505352:AAHsWfhljzdi9hH-pdjzsfA86Ih1YzBEBLA/getUpdates "HTTP/1.1 200 OK"
2026-08-07 00:10:33 | httpx                | INFO     | HTTP Request: POST https://api.telegram.org/bot8941505352:AAHsWfhljzdi9hH-pdjzsfA86Ih1YzBEBLA/sendChatAction "HTTP/1.1 200 OK"
2026-08-07 00:10:35 | httpx                | INFO     | HTTP Request: POST https://api.telegram.org/bot8941505352:AAHsWfhljzdi9hH-pdjzsfA86Ih1YzBEBLA/sendMessage "HTTP/1.1 200 OK"
2026-08-07 00:10:43 | httpx                | INFO     | HTTP Request: POST https://api.telegram.org/bot8941505352:AAHsWfhljzdi9hH-pdjzsfA86Ih1YzBEBLA/getUpdates "HTTP/1.1 200 OK"
2026-08-07 00:10:53 | httpx                | INFO     | HTTP Request: POST https://api.telegram.org/bot8941505352:AAHsWfhljzdi9hH-pdjzsfA86Ih1YzBEBLA/getUpdates "HTTP/1.1 200 OK"
2026-08-07 00:11:03 | httpx                | INFO     | HTTP Request: POST https://api.telegram.org/bot8941505352:AAHsWfhljzdi9hH-pdjzsfA86Ih1YzBEBLA/getUpdates "HTTP/1.1 200 OK"
2026-08-07 00:11:13 | httpx                | INFO     | HTTP Request: POST https://api.telegram.org/bot8941505352:AAHsWfhljzdi9hH-pdjzsfA86Ih1YzBEBLA/getUpdates "HTTP/1.1 200 OK"
2026-08-07 00:11:23 | httpx                | INFO     | HTTP Request: POST https://api.telegram.org/bot8941505352:AAHsWfhljzdi9hH-pdjzsfA86Ih1YzBEBLA/getUpdates "HTTP/1.1 200 OK"
2026-08-07 00:11:31 | pocket.main          | INFO     | 📊 Bazar skan edilir...
2026-08-07 00:11:33 | pocket.main          | INFO     | ℹ️  M1 üçün siqnal tapılmadı
2026-08-07 00:11:33 | httpx                | INFO     | HTTP Request: POST https://api.telegram.org/bot8941505352:AAHsWfhljzdi9hH-pdjzsfA86Ih1YzBEBLA/getUpdates "HTTP/1.1 200 OK"
2026-08-07 00:11:34 | pocket.main          | INFO     | ℹ️  M5 üçün siqnal tapılmadı
2026-08-07 00:11:39 | pocket.main          | INFO     | ℹ️  M15 üçün siqnal tapılmadı
2026-08-07 00:13:02 | pocket.main          | INFO     | 🚀 Sistem başladılır...
2026-08-07 00:13:02 | pocket.main          | INFO     | ⚙️  Core komponentlər yaradılır...
2026-08-07 00:13:02 | pocket.main          | INFO     | ✅ Core və Martingale komponentlər hazırdır
2026-08-07 00:13:02 | pocket.main          | INFO     | 🔍 Bazar skaneri və Martingale icraçısı işə düşdü
2026-08-07 00:13:02 | pocket.main          | INFO     | 🔍 Martingale Skaneri başladı
2026-08-07 00:13:02 | core.po_trader       | INFO     | 🔌 Pocket Option-a qoşulunur... (Hesab: DEMO)
2026-08-07 00:13:02 | pocket.main          | INFO     | 🤖 Telegram Bot thread-i başladı
2026-08-07 00:13:02 | pocket.main          | INFO     | 🌐 Web Dashboard: http://localhost:5000
2026-08-07 00:13:03 | core.po_trader       | INFO     | ✅ Pocket Option-a uğurla qoşuldu!
2026-08-07 00:13:03 | core.po_trader       | INFO     | 💰 Balans: 68128.4 USD
2026-08-07 00:13:03 | pocket.main          | INFO     | 📊 Bazar skan edilir...
2026-08-07 00:13:04 | pocket.main          | INFO     | 🌐 Web Dashboard işə düşür: http://localhost:5000
2026-08-07 00:13:05 | pocket.main          | INFO     | 🤖 Telegram Bot işə düşür...
2026-08-07 00:13:05 | bot.telegram_bot     | INFO     | Bot starting...
2026-08-07 00:13:05 | httpx                | INFO     | HTTP Request: POST https://api.telegram.org/bot8941505352:AAHsWfhljzdi9hH-pdjzsfA86Ih1YzBEBLA/getMe "HTTP/1.1 200 OK"
2026-08-07 00:13:05 | httpx                | INFO     | HTTP Request: POST https://api.telegram.org/bot8941505352:AAHsWfhljzdi9hH-pdjzsfA86Ih1YzBEBLA/deleteWebhook "HTTP/1.1 200 OK"
2026-08-07 00:13:05 | apscheduler.scheduler | INFO     | Scheduler started
2026-08-07 00:13:05 | telegram.ext.Application | INFO     | Application started
2026-08-07 00:13:09 | pocket.main          | INFO     | ✅ M1 üçün 1 siqnal tapıldı (Etibar >= 65%)
2026-08-07 00:13:10 | pocket.main          | INFO     | ⚡ Martingale Ticarəti İşə Düşür: AUD/CAD OTC SELL
2026-08-07 00:13:10 | core.po_trader       | INFO     | 🚀 Ticarət ardıcıllığı başlayır: AUD/CAD OTC | SELL | TF: M1
2026-08-07 00:13:10 | core.po_trader       | INFO     | 🎯 Addım 1/4: AUD/CAD OTC - PUT $1.0
2026-08-07 00:13:10 | bot.telegram_bot     | ERROR    | Failed to send signal to 8951931885: Unknown error in HTTP implementation: RuntimeError('<asyncio.locks.Event object at 0x0000020284F31E50 [unset]> is bound to a different event loop')
2026-08-07 00:13:10 | core.po_trader       | ERROR    | PO Real Trade Xətası: 'AsyncPocketOptionClient' object has no attribute 'buy'
2026-08-07 00:13:10 | core.po_trader       | INFO     | 🧪 [Simulyasiya] Trade icra edilir: AUDCAD_otc put $1.0 (60s)
2026-08-07 00:13:12 | pocket.main          | ERROR    | ❌ Skan xətası: MartingaleManager.on_loss() takes 0 positional arguments but 1 was given
Traceback (most recent call last):
  File "D:\pocket\main.py", line 151, in run_scanner
    loop.run_until_complete(
  File "C:\Users\Sadiq\AppData\Local\Programs\Python\Python311\Lib\asyncio\base_events.py", line 654, in run_until_complete
    return future.result()
           ^^^^^^^^^^^^^^^
  File "D:\pocket\core\po_trader.py", line 174, in execute_trade_sequence
    has_next = self.martingale.on_loss()
               ^^^^^^^^^^^^^^^^^^^^^^^^^
TypeError: MartingaleManager.on_loss() takes 0 positional arguments but 1 was given
2026-08-07 00:13:15 | httpx                | INFO     | HTTP Request: POST https://api.telegram.org/bot8941505352:AAHsWfhljzdi9hH-pdjzsfA86Ih1YzBEBLA/getUpdates "HTTP/1.1 200 OK"
2026-08-07 00:13:25 | httpx                | INFO     | HTTP Request: POST https://api.telegram.org/bot8941505352:AAHsWfhljzdi9hH-pdjzsfA86Ih1YzBEBLA/getUpdates "HTTP/1.1 200 OK"
2026-08-07 00:13:36 | httpx                | INFO     | HTTP Request: POST https://api.telegram.org/bot8941505352:AAHsWfhljzdi9hH-pdjzsfA86Ih1YzBEBLA/getUpdates "HTTP/1.1 200 OK"
2026-08-07 00:13:46 | httpx                | INFO     | HTTP Request: POST https://api.telegram.org/bot8941505352:AAHsWfhljzdi9hH-pdjzsfA86Ih1YzBEBLA/getUpdates "HTTP/1.1 200 OK"
2026-08-07 00:13:56 | httpx                | INFO     | HTTP Request: POST https://api.telegram.org/bot8941505352:AAHsWfhljzdi9hH-pdjzsfA86Ih1YzBEBLA/getUpdates "HTTP/1.1 200 OK"
2026-08-07 00:14:06 | httpx                | INFO     | HTTP Request: POST https://api.telegram.org/bot8941505352:AAHsWfhljzdi9hH-pdjzsfA86Ih1YzBEBLA/getUpdates "HTTP/1.1 200 OK"
2026-08-07 00:14:12 | pocket.main          | INFO     | 📊 Bazar skan edilir...
2026-08-07 00:14:16 | pocket.main          | INFO     | ℹ️  M1 üçün siqnal tapılmadı
2026-08-07 00:14:16 | httpx                | INFO     | HTTP Request: POST https://api.telegram.org/bot8941505352:AAHsWfhljzdi9hH-pdjzsfA86Ih1YzBEBLA/getUpdates "HTTP/1.1 200 OK"
2026-08-07 00:14:18 | pocket.main          | INFO     | ℹ️  M5 üçün siqnal tapılmadı
2026-08-07 00:14:23 | pocket.main          | INFO     | ℹ️  M15 üçün siqnal tapılmadı
2026-08-07 00:14:27 | httpx                | INFO     | HTTP Request: POST https://api.telegram.org/bot8941505352:AAHsWfhljzdi9hH-pdjzsfA86Ih1YzBEBLA/getUpdates "HTTP/1.1 200 OK"
2026-08-07 00:14:37 | httpx                | INFO     | HTTP Request: POST https://api.telegram.org/bot8941505352:AAHsWfhljzdi9hH-pdjzsfA86Ih1YzBEBLA/getUpdates "HTTP/1.1 200 OK"
2026-08-07 00:14:47 | httpx                | INFO     | HTTP Request: POST https://api.telegram.org/bot8941505352:AAHsWfhljzdi9hH-pdjzsfA86Ih1YzBEBLA/getUpdates "HTTP/1.1 200 OK"
2026-08-07 00:14:57 | httpx                | INFO     | HTTP Request: POST https://api.telegram.org/bot8941505352:AAHsWfhljzdi9hH-pdjzsfA86Ih1YzBEBLA/getUpdates "HTTP/1.1 200 OK"
2026-08-07 00:15:07 | httpx                | INFO     | HTTP Request: POST https://api.telegram.org/bot8941505352:AAHsWfhljzdi9hH-pdjzsfA86Ih1YzBEBLA/getUpdates "HTTP/1.1 200 OK"
2026-08-07 00:15:17 | httpx                | INFO     | HTTP Request: POST https://api.telegram.org/bot8941505352:AAHsWfhljzdi9hH-pdjzsfA86Ih1YzBEBLA/getUpdates "HTTP/1.1 200 OK"
2026-08-07 00:15:23 | pocket.main          | INFO     | 📊 Bazar skan edilir...
2026-08-07 00:15:25 | pocket.main          | INFO     | ℹ️  M1 üçün siqnal tapılmadı
2026-08-07 00:15:27 | pocket.main          | INFO     | ℹ️  M5 üçün siqnal tapılmadı
2026-08-07 00:15:27 | httpx                | INFO     | HTTP Request: POST https://api.telegram.org/bot8941505352:AAHsWfhljzdi9hH-pdjzsfA86Ih1YzBEBLA/getUpdates "HTTP/1.1 200 OK"
2026-08-07 00:15:32 | pocket.main          | INFO     | ℹ️  M15 üçün siqnal tapılmadı
2026-08-07 00:15:37 | httpx                | INFO     | HTTP Request: POST https://api.telegram.org/bot8941505352:AAHsWfhljzdi9hH-pdjzsfA86Ih1YzBEBLA/getUpdates "HTTP/1.1 200 OK"
2026-08-07 00:15:48 | httpx                | INFO     | HTTP Request: POST https://api.telegram.org/bot8941505352:AAHsWfhljzdi9hH-pdjzsfA86Ih1YzBEBLA/getUpdates "HTTP/1.1 200 OK"
2026-08-07 00:15:58 | httpx                | INFO     | HTTP Request: POST https://api.telegram.org/bot8941505352:AAHsWfhljzdi9hH-pdjzsfA86Ih1YzBEBLA/getUpdates "HTTP/1.1 200 OK"
2026-08-07 00:16:08 | httpx                | INFO     | HTTP Request: POST https://api.telegram.org/bot8941505352:AAHsWfhljzdi9hH-pdjzsfA86Ih1YzBEBLA/getUpdates "HTTP/1.1 200 OK"
2026-08-07 00:16:18 | httpx                | INFO     | HTTP Request: POST https://api.telegram.org/bot8941505352:AAHsWfhljzdi9hH-pdjzsfA86Ih1YzBEBLA/getUpdates "HTTP/1.1 200 OK"
2026-08-07 00:16:28 | httpx                | INFO     | HTTP Request: POST https://api.telegram.org/bot8941505352:AAHsWfhljzdi9hH-pdjzsfA86Ih1YzBEBLA/getUpdates "HTTP/1.1 200 OK"
2026-08-07 00:16:32 | pocket.main          | INFO     | 📊 Bazar skan edilir...
2026-08-07 00:16:34 | pocket.main          | INFO     | ℹ️  M1 üçün siqnal tapılmadı
2026-08-07 00:16:36 | pocket.main          | INFO     | ℹ️  M5 üçün siqnal tapılmadı
2026-08-07 00:16:38 | httpx                | INFO     | HTTP Request: POST https://api.telegram.org/bot8941505352:AAHsWfhljzdi9hH-pdjzsfA86Ih1YzBEBLA/getUpdates "HTTP/1.1 200 OK"
2026-08-07 00:16:41 | pocket.main          | INFO     | ℹ️  M15 üçün siqnal tapılmadı
2026-08-07 00:16:48 | httpx                | INFO     | HTTP Request: POST https://api.telegram.org/bot8941505352:AAHsWfhljzdi9hH-pdjzsfA86Ih1YzBEBLA/getUpdates "HTTP/1.1 200 OK"
2026-08-07 00:16:59 | httpx                | INFO     | HTTP Request: POST https://api.telegram.org/bot8941505352:AAHsWfhljzdi9hH-pdjzsfA86Ih1YzBEBLA/getUpdates "HTTP/1.1 200 OK"
2026-08-07 00:17:09 | httpx                | INFO     | HTTP Request: POST https://api.telegram.org/bot8941505352:AAHsWfhljzdi9hH-pdjzsfA86Ih1YzBEBLA/getUpdates "HTTP/1.1 200 OK"
2026-08-07 00:17:19 | httpx                | INFO     | HTTP Request: POST https://api.telegram.org/bot8941505352:AAHsWfhljzdi9hH-pdjzsfA86Ih1YzBEBLA/getUpdates "HTTP/1.1 200 OK"
2026-08-07 00:17:29 | httpx                | INFO     | HTTP Request: POST https://api.telegram.org/bot8941505352:AAHsWfhljzdi9hH-pdjzsfA86Ih1YzBEBLA/getUpdates "HTTP/1.1 200 OK"
2026-08-07 00:17:39 | httpx                | INFO     | HTTP Request: POST https://api.telegram.org/bot8941505352:AAHsWfhljzdi9hH-pdjzsfA86Ih1YzBEBLA/getUpdates "HTTP/1.1 200 OK"
2026-08-07 00:17:41 | pocket.main          | INFO     | 📊 Bazar skan edilir...
2026-08-07 00:17:45 | pocket.main          | INFO     | ℹ️  M1 üçün siqnal tapılmadı
2026-08-07 00:17:49 | httpx                | INFO     | HTTP Request: POST https://api.telegram.org/bot8941505352:AAHsWfhljzdi9hH-pdjzsfA86Ih1YzBEBLA/getUpdates "HTTP/1.1 200 OK"
2026-08-07 00:17:50 | pocket.main          | INFO     | ℹ️  M5 üçün siqnal tapılmadı
2026-08-07 00:17:55 | pocket.main          | INFO     | ℹ️  M15 üçün siqnal tapılmadı
2026-08-07 00:18:00 | httpx                | INFO     | HTTP Request: POST https://api.telegram.org/bot8941505352:AAHsWfhljzdi9hH-pdjzsfA86Ih1YzBEBLA/getUpdates "HTTP/1.1 200 OK"
2026-08-07 00:18:10 | httpx                | INFO     | HTTP Request: POST https://api.telegram.org/bot8941505352:AAHsWfhljzdi9hH-pdjzsfA86Ih1YzBEBLA/getUpdates "HTTP/1.1 200 OK"
2026-08-07 00:18:20 | httpx                | INFO     | HTTP Request: POST https://api.telegram.org/bot8941505352:AAHsWfhljzdi9hH-pdjzsfA86Ih1YzBEBLA/getUpdates "HTTP/1.1 200 OK"
2026-08-07 00:18:30 | httpx                | INFO     | HTTP Request: POST https://api.telegram.org/bot8941505352:AAHsWfhljzdi9hH-pdjzsfA86Ih1YzBEBLA/getUpdates "HTTP/1.1 200 OK"
2026-08-07 00:18:40 | httpx                | INFO     | HTTP Request: POST https://api.telegram.org/bot8941505352:AAHsWfhljzdi9hH-pdjzsfA86Ih1YzBEBLA/getUpdates "HTTP/1.1 200 OK"
2026-08-07 00:18:50 | httpx                | INFO     | HTTP Request: POST https://api.telegram.org/bot8941505352:AAHsWfhljzdi9hH-pdjzsfA86Ih1YzBEBLA/getUpdates "HTTP/1.1 200 OK"
2026-08-07 00:18:55 | pocket.main          | INFO     | 📊 Bazar skan edilir...
2026-08-07 00:18:59 | pocket.main          | INFO     | ℹ️  M1 üçün siqnal tapılmadı
2026-08-07 00:19:00 | httpx                | INFO     | HTTP Request: POST https://api.telegram.org/bot8941505352:AAHsWfhljzdi9hH-pdjzsfA86Ih1YzBEBLA/getUpdates "HTTP/1.1 200 OK"
2026-08-07 00:19:04 | pocket.main          | INFO     | ℹ️  M5 üçün siqnal tapılmadı
2026-08-07 00:19:10 | httpx                | INFO     | HTTP Request: POST https://api.telegram.org/bot8941505352:AAHsWfhljzdi9hH-pdjzsfA86Ih1YzBEBLA/getUpdates "HTTP/1.1 200 OK"
2026-08-07 00:19:11 | pocket.main          | INFO     | ℹ️  M15 üçün siqnal tapılmadı
2026-08-07 00:19:21 | httpx                | INFO     | HTTP Request: POST https://api.telegram.org/bot8941505352:AAHsWfhljzdi9hH-pdjzsfA86Ih1YzBEBLA/getUpdates "HTTP/1.1 200 OK"
2026-08-07 00:19:31 | httpx                | INFO     | HTTP Request: POST https://api.telegram.org/bot8941505352:AAHsWfhljzdi9hH-pdjzsfA86Ih1YzBEBLA/getUpdates "HTTP/1.1 200 OK"
2026-08-07 00:19:41 | httpx                | INFO     | HTTP Request: POST https://api.telegram.org/bot8941505352:AAHsWfhljzdi9hH-pdjzsfA86Ih1YzBEBLA/getUpdates "HTTP/1.1 200 OK"
2026-08-07 00:19:51 | httpx                | INFO     | HTTP Request: POST https://api.telegram.org/bot8941505352:AAHsWfhljzdi9hH-pdjzsfA86Ih1YzBEBLA/getUpdates "HTTP/1.1 200 OK"
2026-08-07 00:20:01 | httpx                | INFO     | HTTP Request: POST https://api.telegram.org/bot8941505352:AAHsWfhljzdi9hH-pdjzsfA86Ih1YzBEBLA/getUpdates "HTTP/1.1 200 OK"
2026-08-07 00:22:57 | pocket.main          | INFO     | 🚀 Sistem başladılır...
2026-08-07 00:22:57 | pocket.main          | INFO     | ⚙️  Core komponentlər yaradılır...
2026-08-07 00:22:57 | pocket.main          | INFO     | ✅ Core və Martingale komponentlər hazırdır
2026-08-07 00:22:57 | pocket.main          | INFO     | 🔍 Bazar skaneri və Martingale icraçısı işə düşdü
2026-08-07 00:22:57 | pocket.main          | INFO     | 🔍 Martingale Skaneri başladı
2026-08-07 00:22:57 | pocket.main          | INFO     | 🤖 Telegram Bot thread-i başladı
2026-08-07 00:22:57 | pocket.main          | INFO     | 🌐 Web Dashboard: http://localhost:5000
2026-08-07 00:22:57 | core.po_trader       | INFO     | 🔌 Pocket Option-a qoşulunur... (Hesab: DEMO)
2026-08-07 00:22:58 | core.po_trader       | INFO     | ✅ Pocket Option-a uğurla qoşuldu!
2026-08-07 00:22:58 | core.po_trader       | INFO     | 💰 Balans: 68128.4 USD
2026-08-07 00:22:58 | pocket.main          | INFO     | 📊 Bazar skan edilir...
2026-08-07 00:22:59 | pocket.main          | INFO     | 🌐 Web Dashboard işə düşür: http://localhost:5000
2026-08-07 00:23:00 | pocket.main          | INFO     | 🤖 Telegram Bot işə düşür...
2026-08-07 00:23:00 | bot.telegram_bot     | INFO     | Bot starting...
2026-08-07 00:23:00 | httpx                | INFO     | HTTP Request: POST https://api.telegram.org/bot8941505352:AAHsWfhljzdi9hH-pdjzsfA86Ih1YzBEBLA/getMe "HTTP/1.1 200 OK"
2026-08-07 00:23:00 | httpx                | INFO     | HTTP Request: POST https://api.telegram.org/bot8941505352:AAHsWfhljzdi9hH-pdjzsfA86Ih1YzBEBLA/deleteWebhook "HTTP/1.1 200 OK"
2026-08-07 00:23:00 | apscheduler.scheduler | INFO     | Scheduler started
2026-08-07 00:23:00 | telegram.ext.Application | INFO     | Application started
2026-08-07 00:23:04 | pocket.main          | INFO     | ✅ M1 üçün 1 siqnal tapıldı (Etibar >= 65%)
2026-08-07 00:23:04 | pocket.main          | INFO     | ⚡ Martingale Ticarəti İşə Düşür: AUD/CAD OTC SELL
2026-08-07 00:23:04 | core.po_trader       | INFO     | 🚀 Ticarət ardıcıllığı başlayır: AUD/CAD OTC | SELL | TF: M1
2026-08-07 00:23:04 | core.po_trader       | INFO     | 🎯 Addım 1/4: AUD/CAD OTC - PUT $1.0
2026-08-07 00:23:04 | bot.telegram_bot     | ERROR    | Failed to send signal to 8951931885: Unknown error in HTTP implementation: RuntimeError('<asyncio.locks.Event object at 0x0000021D0019BE10 [unset]> is bound to a different event loop')
2026-08-07 00:23:05 | core.po_trader       | INFO     | 🧪 [Simulyasiya] Trade icra edilir: AUDCAD_otc put $1.0 (60s)
2026-08-07 00:23:07 | core.po_trader       | INFO     | ✅ Trade UĞURLU oldu (Addım 1). Martingale sıfırlanır.
2026-08-07 00:23:07 | core.po_trader       | INFO     | ✅ <b>TİCARƏT QAZANDI!</b> 🎉
💱 AUD/CAD OTC (Addım 1)
💵 Qazanc: +$0.85
2026-08-07 00:23:07 | httpx                | INFO     | HTTP Request: POST https://api.telegram.org/bot8941505352:AAHsWfhljzdi9hH-pdjzsfA86Ih1YzBEBLA/sendMessage "HTTP/1.1 200 OK"
2026-08-07 00:23:11 | httpx                | INFO     | HTTP Request: POST https://api.telegram.org/bot8941505352:AAHsWfhljzdi9hH-pdjzsfA86Ih1YzBEBLA/getUpdates "HTTP/1.1 200 OK"
2026-08-07 00:23:12 | pocket.main          | INFO     | ℹ️  M5 üçün siqnal tapılmadı
2026-08-07 00:23:19 | pocket.main          | INFO     | ℹ️  M15 üçün siqnal tapılmadı
2026-08-07 00:23:21 | httpx                | INFO     | HTTP Request: POST https://api.telegram.org/bot8941505352:AAHsWfhljzdi9hH-pdjzsfA86Ih1YzBEBLA/getUpdates "HTTP/1.1 200 OK"
2026-08-07 00:23:31 | httpx                | INFO     | HTTP Request: POST https://api.telegram.org/bot8941505352:AAHsWfhljzdi9hH-pdjzsfA86Ih1YzBEBLA/getUpdates "HTTP/1.1 200 OK"
2026-08-07 00:28:09 | pocket.main          | INFO     | 🚀 Sistem başladılır...
2026-08-07 00:28:09 | pocket.main          | INFO     | ⚙️  Core komponentlər yaradılır...
2026-08-07 00:28:09 | pocket.main          | INFO     | ✅ Core və Martingale komponentlər hazırdır
2026-08-07 00:28:09 | pocket.main          | INFO     | 🔍 Bazar skaneri və Martingale icraçısı işə düşdü
2026-08-07 00:28:09 | pocket.main          | INFO     | 🔍 Martingale Skaneri başladı
2026-08-07 00:28:09 | pocket.main          | INFO     | 🤖 Telegram Bot thread-i başladı
2026-08-07 00:28:09 | pocket.main          | INFO     | 🌐 Web Dashboard: http://localhost:5000
2026-08-07 00:28:09 | core.po_trader       | INFO     | 🔌 Pocket Option-a qoşulunur... (Hesab: DEMO)
2026-08-07 00:28:10 | core.po_trader       | INFO     | ✅ Pocket Option-a uğurla qoşuldu!
2026-08-07 00:28:10 | core.po_trader       | INFO     | 💰 Balans: 68127.4 USD
2026-08-07 00:28:10 | pocket.main          | INFO     | 📊 Bazar skan edilir...
2026-08-07 00:28:11 | pocket.main          | INFO     | 🌐 Web Dashboard işə düşür: http://localhost:5000
2026-08-07 00:28:11 | pocket.main          | INFO     | 🤖 Telegram Bot işə düşür...
2026-08-07 00:28:11 | bot.telegram_bot     | INFO     | Bot starting...
2026-08-07 00:28:12 | httpx                | INFO     | HTTP Request: POST https://api.telegram.org/bot8941505352:AAHsWfhljzdi9hH-pdjzsfA86Ih1YzBEBLA/getMe "HTTP/1.1 200 OK"
2026-08-07 00:28:12 | httpx                | INFO     | HTTP Request: POST https://api.telegram.org/bot8941505352:AAHsWfhljzdi9hH-pdjzsfA86Ih1YzBEBLA/deleteWebhook "HTTP/1.1 200 OK"
2026-08-07 00:28:12 | apscheduler.scheduler | INFO     | Scheduler started
2026-08-07 00:28:12 | telegram.ext.Application | INFO     | Application started
2026-08-07 00:28:12 | bot.handlers         | ERROR    | Network / Bot exception: httpx.ReadError: 
2026-08-07 00:28:14 | bot.handlers         | ERROR    | Network / Bot exception: httpx.ReadError: 
2026-08-07 00:28:15 | pocket.main          | INFO     | ℹ️  M1 üçün siqnal tapılmadı
2026-08-07 00:28:19 | pocket.main          | INFO     | ℹ️  M5 üçün siqnal tapılmadı
2026-08-07 00:28:24 | pocket.main          | INFO     | ℹ️  M15 üçün siqnal tapılmadı
2026-08-07 00:28:26 | httpx                | INFO     | HTTP Request: POST https://api.telegram.org/bot8941505352:AAHsWfhljzdi9hH-pdjzsfA86Ih1YzBEBLA/getUpdates "HTTP/1.1 200 OK"
2026-08-07 00:28:36 | httpx                | INFO     | HTTP Request: POST https://api.telegram.org/bot8941505352:AAHsWfhljzdi9hH-pdjzsfA86Ih1YzBEBLA/getUpdates "HTTP/1.1 200 OK"
2026-08-07 00:28:46 | httpx                | INFO     | HTTP Request: POST https://api.telegram.org/bot8941505352:AAHsWfhljzdi9hH-pdjzsfA86Ih1YzBEBLA/getUpdates "HTTP/1.1 200 OK"
2026-08-07 00:28:56 | httpx                | INFO     | HTTP Request: POST https://api.telegram.org/bot8941505352:AAHsWfhljzdi9hH-pdjzsfA86Ih1YzBEBLA/getUpdates "HTTP/1.1 200 OK"
2026-08-07 00:29:06 | httpx                | INFO     | HTTP Request: POST https://api.telegram.org/bot8941505352:AAHsWfhljzdi9hH-pdjzsfA86Ih1YzBEBLA/getUpdates "HTTP/1.1 200 OK"
2026-08-07 00:29:16 | httpx                | INFO     | HTTP Request: POST https://api.telegram.org/bot8941505352:AAHsWfhljzdi9hH-pdjzsfA86Ih1YzBEBLA/getUpdates "HTTP/1.1 200 OK"
2026-08-07 00:29:24 | pocket.main          | INFO     | 📊 Bazar skan edilir...
2026-08-07 00:29:25 | pocket.main          | INFO     | ℹ️  M1 üçün siqnal tapılmadı
2026-08-07 00:29:26 | httpx                | INFO     | HTTP Request: POST https://api.telegram.org/bot8941505352:AAHsWfhljzdi9hH-pdjzsfA86Ih1YzBEBLA/getUpdates "HTTP/1.1 200 OK"
2026-08-07 00:29:27 | pocket.main          | INFO     | ℹ️  M5 üçün siqnal tapılmadı
2026-08-07 00:29:32 | pocket.main          | INFO     | ℹ️  M15 üçün siqnal tapılmadı
2026-08-07 00:29:36 | httpx                | INFO     | HTTP Request: POST https://api.telegram.org/bot8941505352:AAHsWfhljzdi9hH-pdjzsfA86Ih1YzBEBLA/getUpdates "HTTP/1.1 200 OK"
2026-08-07 00:29:47 | httpx                | INFO     | HTTP Request: POST https://api.telegram.org/bot8941505352:AAHsWfhljzdi9hH-pdjzsfA86Ih1YzBEBLA/getUpdates "HTTP/1.1 200 OK"
2026-08-07 00:29:57 | httpx                | INFO     | HTTP Request: POST https://api.telegram.org/bot8941505352:AAHsWfhljzdi9hH-pdjzsfA86Ih1YzBEBLA/getUpdates "HTTP/1.1 200 OK"
2026-08-07 00:30:07 | httpx                | INFO     | HTTP Request: POST https://api.telegram.org/bot8941505352:AAHsWfhljzdi9hH-pdjzsfA86Ih1YzBEBLA/getUpdates "HTTP/1.1 200 OK"
2026-08-07 00:30:17 | httpx                | INFO     | HTTP Request: POST https://api.telegram.org/bot8941505352:AAHsWfhljzdi9hH-pdjzsfA86Ih1YzBEBLA/getUpdates "HTTP/1.1 200 OK"
2026-08-07 00:30:27 | httpx                | INFO     | HTTP Request: POST https://api.telegram.org/bot8941505352:AAHsWfhljzdi9hH-pdjzsfA86Ih1YzBEBLA/getUpdates "HTTP/1.1 200 OK"
2026-08-07 00:30:32 | pocket.main          | INFO     | 📊 Bazar skan edilir...
2026-08-07 00:30:33 | pocket.main          | INFO     | ℹ️  M1 üçün siqnal tapılmadı
2026-08-07 00:30:35 | pocket.main          | INFO     | ℹ️  M5 üçün siqnal tapılmadı
2026-08-07 00:30:37 | httpx                | INFO     | HTTP Request: POST https://api.telegram.org/bot8941505352:AAHsWfhljzdi9hH-pdjzsfA86Ih1YzBEBLA/getUpdates "HTTP/1.1 200 OK"
2026-08-07 00:30:40 | pocket.main          | INFO     | ℹ️  M15 üçün siqnal tapılmadı
2026-08-07 00:30:56 | pocket.main          | INFO     | 🚀 Sistem başladılır...
2026-08-07 00:30:56 | pocket.main          | INFO     | ⚙️  Core komponentlər yaradılır...
2026-08-07 00:30:56 | pocket.main          | INFO     | ✅ Core və Martingale komponentlər hazırdır
2026-08-07 00:30:56 | pocket.main          | INFO     | 🔍 Bazar skaneri və Martingale icraçısı işə düşdü
2026-08-07 00:30:56 | pocket.main          | INFO     | 🔍 Martingale Skaneri başladı
2026-08-07 00:30:56 | pocket.main          | INFO     | 🤖 Telegram Bot thread-i başladı
2026-08-07 00:30:56 | pocket.main          | INFO     | 🌐 Web Dashboard: http://localhost:5000
2026-08-07 00:30:56 | core.po_trader       | INFO     | 🔌 Pocket Option-a qoşulunur... (Hesab: DEMO)
2026-08-07 00:30:58 | pocket.main          | INFO     | 🌐 Web Dashboard işə düşür: http://localhost:5000
2026-08-07 00:30:58 | pocket.main          | INFO     | 🤖 Telegram Bot işə düşür...
2026-08-07 00:30:58 | bot.telegram_bot     | INFO     | Bot starting...
2026-08-07 00:30:58 | httpx                | INFO     | HTTP Request: POST https://api.telegram.org/bot8941505352:AAHsWfhljzdi9hH-pdjzsfA86Ih1YzBEBLA/getMe "HTTP/1.1 200 OK"
2026-08-07 00:30:59 | httpx                | INFO     | HTTP Request: POST https://api.telegram.org/bot8941505352:AAHsWfhljzdi9hH-pdjzsfA86Ih1YzBEBLA/deleteWebhook "HTTP/1.1 200 OK"
2026-08-07 00:30:59 | apscheduler.scheduler | INFO     | Scheduler started
2026-08-07 00:30:59 | telegram.ext.Application | INFO     | Application started
2026-08-07 00:31:07 | core.po_trader       | ERROR    | ❌ Pocket Option-a qoşulmaq mümkün olmadı. SSID-ni yoxlayın.
2026-08-07 00:31:07 | pocket.main          | INFO     | 📊 Bazar skan edilir...
2026-08-07 00:31:09 | httpx                | INFO     | HTTP Request: POST https://api.telegram.org/bot8941505352:AAHsWfhljzdi9hH-pdjzsfA86Ih1YzBEBLA/getUpdates "HTTP/1.1 200 OK"
2026-08-07 00:31:11 | yfinance             | ERROR    | $USDCAD=X: possibly delisted; no price data found  (period=1d) (Yahoo error = "Error occurred while retrieving timeseries")
2026-08-07 00:31:11 | yfinance             | ERROR    | $USDCAD=X: possibly delisted; no price data found  (period=1d) (Yahoo error = "Error occurred while retrieving timeseries")
2026-08-07 00:31:12 | yfinance             | ERROR    | $USDCAD=X: possibly delisted; no price data found  (period=1d) (Yahoo error = "Error occurred while retrieving timeseries")
2026-08-07 00:31:12 | yfinance             | ERROR    | $USDCAD=X: possibly delisted; no price data found  (period=1d) (Yahoo error = "Error occurred while retrieving timeseries")
2026-08-07 00:31:14 | pocket.main          | INFO     | ℹ️  M1 üçün siqnal tapılmadı
2026-08-07 00:31:19 | httpx                | INFO     | HTTP Request: POST https://api.telegram.org/bot8941505352:AAHsWfhljzdi9hH-pdjzsfA86Ih1YzBEBLA/getUpdates "HTTP/1.1 200 OK"
2026-08-07 00:31:20 | pocket.main          | INFO     | ℹ️  M5 üçün siqnal tapılmadı
2026-08-07 00:31:25 | pocket.main          | INFO     | ℹ️  M15 üçün siqnal tapılmadı
2026-08-07 00:31:27 | httpx                | INFO     | HTTP Request: POST https://api.telegram.org/bot8941505352:AAHsWfhljzdi9hH-pdjzsfA86Ih1YzBEBLA/getUpdates "HTTP/1.1 200 OK"
2026-08-07 00:31:27 | httpx                | INFO     | HTTP Request: POST https://api.telegram.org/bot8941505352:AAHsWfhljzdi9hH-pdjzsfA86Ih1YzBEBLA/sendChatAction "HTTP/1.1 200 OK"
2026-08-07 00:31:27 | core.data_fetcher    | ERROR    | PO async candle error (EURUSD_otc): Not connected to PocketOption and reconnection failed
2026-08-07 00:31:28 | core.data_fetcher    | ERROR    | PO async candle error (GBPUSD_otc): Not connected to PocketOption and reconnection failed
2026-08-07 00:31:28 | core.data_fetcher    | ERROR    | PO async candle error (USDJPY_otc): Not connected to PocketOption and reconnection failed
2026-08-07 00:31:29 | core.data_fetcher    | ERROR    | PO async candle error (AUDUSD_otc): Not connected to PocketOption and reconnection failed
2026-08-07 00:31:29 | core.data_fetcher    | ERROR    | PO async candle error (AUDCAD_otc): Not connected to PocketOption and reconnection failed
2026-08-07 00:31:30 | core.data_fetcher    | ERROR    | PO async candle error (USDCAD_otc): Not connected to PocketOption and reconnection failed
2026-08-07 00:31:30 | pocket.main          | INFO     | 📊 Bazar skan edilir...
2026-08-07 00:31:30 | core.data_fetcher    | ERROR    | PO async candle error (EURGBP_otc): Not connected to PocketOption and reconnection failed
2026-08-07 00:31:31 | core.data_fetcher    | ERROR    | PO async candle error (EURJPY_otc): Not connected to PocketOption and reconnection failed
2026-08-07 00:31:32 | core.data_fetcher    | ERROR    | PO async candle error (EURUSD=X): Not connected to PocketOption and reconnection failed
2026-08-07 00:31:32 | core.data_fetcher    | ERROR    | PO async candle error (GBPUSD=X): Not connected to PocketOption and reconnection failed
2026-08-07 00:31:32 | core.data_fetcher    | ERROR    | PO async candle error (USDJPY=X): Not connected to PocketOption and reconnection failed
2026-08-07 00:31:33 | core.data_fetcher    | ERROR    | PO async candle error (AUDUSD=X): Not connected to PocketOption and reconnection failed
2026-08-07 00:31:34 | httpx                | INFO     | HTTP Request: POST https://api.telegram.org/bot8941505352:AAHsWfhljzdi9hH-pdjzsfA86Ih1YzBEBLA/sendMessage "HTTP/1.1 200 OK"
2026-08-07 00:31:35 | pocket.main          | INFO     | ℹ️  M1 üçün siqnal tapılmadı
2026-08-07 00:31:37 | httpx                | INFO     | HTTP Request: POST https://api.telegram.org/bot8941505352:AAHsWfhljzdi9hH-pdjzsfA86Ih1YzBEBLA/getUpdates "HTTP/1.1 200 OK"
2026-08-07 00:31:39 | pocket.main          | INFO     | ℹ️  M5 üçün siqnal tapılmadı
2026-08-07 00:31:44 | pocket.main          | INFO     | ℹ️  M15 üçün siqnal tapılmadı
2026-08-07 00:31:47 | httpx                | INFO     | HTTP Request: POST https://api.telegram.org/bot8941505352:AAHsWfhljzdi9hH-pdjzsfA86Ih1YzBEBLA/getUpdates "HTTP/1.1 200 OK"
2026-08-07 00:31:49 | pocket.main          | INFO     | 📊 Bazar skan edilir...
2026-08-07 00:31:53 | pocket.main          | INFO     | ℹ️  M1 üçün siqnal tapılmadı
2026-08-07 00:31:57 | httpx                | INFO     | HTTP Request: POST https://api.telegram.org/bot8941505352:AAHsWfhljzdi9hH-pdjzsfA86Ih1YzBEBLA/getUpdates "HTTP/1.1 200 OK"
2026-08-07 00:31:57 | pocket.main          | INFO     | ℹ️  M5 üçün siqnal tapılmadı
2026-08-07 00:32:03 | pocket.main          | INFO     | ℹ️  M15 üçün siqnal tapılmadı
2026-08-07 00:32:07 | httpx                | INFO     | HTTP Request: POST https://api.telegram.org/bot8941505352:AAHsWfhljzdi9hH-pdjzsfA86Ih1YzBEBLA/getUpdates "HTTP/1.1 200 OK"
2026-08-07 00:32:08 | pocket.main          | INFO     | 📊 Bazar skan edilir...
2026-08-07 00:32:13 | pocket.main          | INFO     | ℹ️  M1 üçün siqnal tapılmadı
2026-08-07 00:32:17 | httpx                | INFO     | HTTP Request: POST https://api.telegram.org/bot8941505352:AAHsWfhljzdi9hH-pdjzsfA86Ih1YzBEBLA/getUpdates "HTTP/1.1 200 OK"
2026-08-07 00:32:18 | pocket.main          | INFO     | ℹ️  M5 üçün siqnal tapılmadı
2026-08-07 00:32:23 | pocket.main          | INFO     | ℹ️  M15 üçün siqnal tapılmadı
2026-08-07 00:32:27 | httpx                | INFO     | HTTP Request: POST https://api.telegram.org/bot8941505352:AAHsWfhljzdi9hH-pdjzsfA86Ih1YzBEBLA/getUpdates "HTTP/1.1 200 OK"
2026-08-07 00:32:28 | pocket.main          | INFO     | 📊 Bazar skan edilir...
2026-08-07 00:32:32 | pocket.main          | INFO     | ℹ️  M1 üçün siqnal tapılmadı
2026-08-07 00:32:37 | pocket.main          | INFO     | ℹ️  M5 üçün siqnal tapılmadı
2026-08-07 00:32:38 | httpx                | INFO     | HTTP Request: POST https://api.telegram.org/bot8941505352:AAHsWfhljzdi9hH-pdjzsfA86Ih1YzBEBLA/getUpdates "HTTP/1.1 200 OK"
2026-08-07 00:32:42 | pocket.main          | INFO     | ℹ️  M15 üçün siqnal tapılmadı
2026-08-07 00:32:47 | pocket.main          | INFO     | 📊 Bazar skan edilir...
2026-08-07 00:32:48 | httpx                | INFO     | HTTP Request: POST https://api.telegram.org/bot8941505352:AAHsWfhljzdi9hH-pdjzsfA86Ih1YzBEBLA/getUpdates "HTTP/1.1 200 OK"
2026-08-07 00:32:51 | pocket.main          | INFO     | ℹ️  M1 üçün siqnal tapılmadı
2026-08-07 00:32:56 | pocket.main          | INFO     | ℹ️  M5 üçün siqnal tapılmadı
2026-08-07 00:32:58 | httpx                | INFO     | HTTP Request: POST https://api.telegram.org/bot8941505352:AAHsWfhljzdi9hH-pdjzsfA86Ih1YzBEBLA/getUpdates "HTTP/1.1 200 OK"
2026-08-07 00:33:01 | pocket.main          | INFO     | ℹ️  M15 üçün siqnal tapılmadı
2026-08-07 00:33:06 | pocket.main          | INFO     | 📊 Bazar skan edilir...
2026-08-07 00:33:08 | httpx                | INFO     | HTTP Request: POST https://api.telegram.org/bot8941505352:AAHsWfhljzdi9hH-pdjzsfA86Ih1YzBEBLA/getUpdates "HTTP/1.1 200 OK"
2026-08-07 00:33:25 | pocket.main          | INFO     | 🚀 Sistem başladılır...
2026-08-07 00:33:25 | pocket.main          | INFO     | ⚙️  Core komponentlər yaradılır...
2026-08-07 00:33:25 | pocket.main          | INFO     | ✅ Core və Martingale komponentlər hazırdır
2026-08-07 00:33:25 | pocket.main          | INFO     | 🔍 Bazar skaneri və Martingale icraçısı işə düşdü
2026-08-07 00:33:25 | pocket.main          | INFO     | 🔍 Martingale Skaneri başladı
2026-08-07 00:33:25 | pocket.main          | INFO     | 🤖 Telegram Bot thread-i başladı
2026-08-07 00:33:25 | pocket.main          | INFO     | 🌐 Web Dashboard: http://localhost:5000
2026-08-07 00:33:25 | core.po_trader       | INFO     | 🔌 Pocket Option-a qoşulunur... (Hesab: DEMO)
2026-08-07 00:33:25 | core.po_trader       | INFO     | ✅ Pocket Option-a uğurla qoşuldu!
2026-08-07 00:33:25 | core.po_trader       | INFO     | 💰 Balans: 68127.4 USD
2026-08-07 00:33:25 | pocket.main          | INFO     | 📊 Bazar skan edilir...
2026-08-07 00:33:26 | pocket.main          | INFO     | 🌐 Web Dashboard işə düşür: http://localhost:5000
2026-08-07 00:33:26 | pocket.main          | INFO     | 🤖 Telegram Bot işə düşür...
2026-08-07 00:33:26 | bot.telegram_bot     | INFO     | Bot starting...
2026-08-07 00:33:26 | httpx                | INFO     | HTTP Request: POST https://api.telegram.org/bot8941505352:AAHsWfhljzdi9hH-pdjzsfA86Ih1YzBEBLA/getMe "HTTP/1.1 200 OK"
2026-08-07 00:33:26 | httpx                | INFO     | HTTP Request: POST https://api.telegram.org/bot8941505352:AAHsWfhljzdi9hH-pdjzsfA86Ih1YzBEBLA/deleteWebhook "HTTP/1.1 200 OK"
2026-08-07 00:33:26 | apscheduler.scheduler | INFO     | Scheduler started
2026-08-07 00:33:26 | telegram.ext.Application | INFO     | Application started
2026-08-07 00:33:29 | pocket.main          | INFO     | ℹ️  M1 üçün siqnal tapılmadı
2026-08-07 00:33:32 | pocket.main          | INFO     | ℹ️  M5 üçün siqnal tapılmadı
2026-08-07 00:33:35 | pocket.main          | INFO     | ℹ️  M15 üçün siqnal tapılmadı
2026-08-07 00:33:36 | httpx                | INFO     | HTTP Request: POST https://api.telegram.org/bot8941505352:AAHsWfhljzdi9hH-pdjzsfA86Ih1YzBEBLA/getUpdates "HTTP/1.1 200 OK"
2026-08-07 00:33:40 | pocket.main          | INFO     | 📊 Bazar skan edilir...
2026-08-07 00:33:42 | pocket.main          | INFO     | ℹ️  M1 üçün siqnal tapılmadı
2026-08-07 00:33:45 | pocket.main          | INFO     | ℹ️  M5 üçün siqnal tapılmadı
2026-08-07 00:33:47 | httpx                | INFO     | HTTP Request: POST https://api.telegram.org/bot8941505352:AAHsWfhljzdi9hH-pdjzsfA86Ih1YzBEBLA/getUpdates "HTTP/1.1 200 OK"
2026-08-07 00:33:48 | pocket.main          | INFO     | ℹ️  M15 üçün siqnal tapılmadı
2026-08-07 00:33:53 | pocket.main          | INFO     | 📊 Bazar skan edilir...
2026-08-07 00:33:56 | pocket.main          | INFO     | ℹ️  M1 üçün siqnal tapılmadı
2026-08-07 00:33:57 | httpx                | INFO     | HTTP Request: POST https://api.telegram.org/bot8941505352:AAHsWfhljzdi9hH-pdjzsfA86Ih1YzBEBLA/getUpdates "HTTP/1.1 200 OK"
2026-08-07 00:33:59 | pocket.main          | INFO     | ℹ️  M5 üçün siqnal tapılmadı
2026-08-07 00:34:02 | pocket.main          | INFO     | ℹ️  M15 üçün siqnal tapılmadı
2026-08-07 00:34:07 | pocket.main          | INFO     | 📊 Bazar skan edilir...
2026-08-07 00:34:07 | httpx                | INFO     | HTTP Request: POST https://api.telegram.org/bot8941505352:AAHsWfhljzdi9hH-pdjzsfA86Ih1YzBEBLA/getUpdates "HTTP/1.1 200 OK"
2026-08-07 00:34:09 | pocket.main          | INFO     | ℹ️  M1 üçün siqnal tapılmadı
2026-08-07 00:34:11 | pocket.main          | INFO     | ℹ️  M5 üçün siqnal tapılmadı
2026-08-07 00:34:14 | pocket.main          | INFO     | ℹ️  M15 üçün siqnal tapılmadı
2026-08-07 00:34:17 | httpx                | INFO     | HTTP Request: POST https://api.telegram.org/bot8941505352:AAHsWfhljzdi9hH-pdjzsfA86Ih1YzBEBLA/getUpdates "HTTP/1.1 200 OK"
2026-08-07 00:34:19 | pocket.main          | INFO     | 📊 Bazar skan edilir...
2026-08-07 00:34:22 | pocket.main          | INFO     | ℹ️  M1 üçün siqnal tapılmadı
2026-08-07 00:34:25 | pocket.main          | INFO     | ℹ️  M5 üçün siqnal tapılmadı
2026-08-07 00:34:27 | httpx                | INFO     | HTTP Request: POST https://api.telegram.org/bot8941505352:AAHsWfhljzdi9hH-pdjzsfA86Ih1YzBEBLA/getUpdates "HTTP/1.1 200 OK"
2026-08-07 00:34:28 | pocket.main          | INFO     | ℹ️  M15 üçün siqnal tapılmadı
2026-08-07 00:34:33 | pocket.main          | INFO     | 📊 Bazar skan edilir...
2026-08-07 00:34:36 | pocket.main          | INFO     | ℹ️  M1 üçün siqnal tapılmadı
2026-08-07 00:34:37 | httpx                | INFO     | HTTP Request: POST https://api.telegram.org/bot8941505352:AAHsWfhljzdi9hH-pdjzsfA86Ih1YzBEBLA/getUpdates "HTTP/1.1 200 OK"
2026-08-07 00:34:38 | pocket.main          | INFO     | ℹ️  M5 üçün siqnal tapılmadı
2026-08-07 00:34:42 | pocket.main          | INFO     | ℹ️  M15 üçün siqnal tapılmadı
2026-08-07 00:34:47 | pocket.main          | INFO     | 📊 Bazar skan edilir...
2026-08-07 00:34:47 | httpx                | INFO     | HTTP Request: POST https://api.telegram.org/bot8941505352:AAHsWfhljzdi9hH-pdjzsfA86Ih1YzBEBLA/getUpdates "HTTP/1.1 200 OK"
2026-08-07 00:34:49 | pocket.main          | INFO     | ℹ️  M1 üçün siqnal tapılmadı
2026-08-07 00:34:52 | pocket.main          | INFO     | ℹ️  M5 üçün siqnal tapılmadı
2026-08-07 00:34:55 | pocket.main          | INFO     | ℹ️  M15 üçün siqnal tapılmadı
2026-08-07 00:34:57 | httpx                | INFO     | HTTP Request: POST https://api.telegram.org/bot8941505352:AAHsWfhljzdi9hH-pdjzsfA86Ih1YzBEBLA/getUpdates "HTTP/1.1 200 OK"
2026-08-07 00:35:00 | pocket.main          | INFO     | 📊 Bazar skan edilir...
2026-08-07 00:35:03 | pocket.main          | INFO     | ℹ️  M1 üçün siqnal tapılmadı
2026-08-07 00:35:06 | pocket.main          | INFO     | ℹ️  M5 üçün siqnal tapılmadı
2026-08-07 00:35:07 | httpx                | INFO     | HTTP Request: POST https://api.telegram.org/bot8941505352:AAHsWfhljzdi9hH-pdjzsfA86Ih1YzBEBLA/getUpdates "HTTP/1.1 200 OK"
2026-08-07 00:35:09 | pocket.main          | INFO     | ℹ️  M15 üçün siqnal tapılmadı
2026-08-07 00:35:14 | pocket.main          | INFO     | 📊 Bazar skan edilir...
2026-08-07 00:35:17 | pocket.main          | INFO     | ℹ️  M1 üçün siqnal tapılmadı
2026-08-07 00:35:17 | httpx                | INFO     | HTTP Request: POST https://api.telegram.org/bot8941505352:AAHsWfhljzdi9hH-pdjzsfA86Ih1YzBEBLA/getUpdates "HTTP/1.1 200 OK"
2026-08-07 00:35:20 | pocket.main          | INFO     | ℹ️  M5 üçün siqnal tapılmadı
2026-08-07 00:35:23 | pocket.main          | INFO     | ℹ️  M15 üçün siqnal tapılmadı
2026-08-07 00:35:27 | httpx                | INFO     | HTTP Request: POST https://api.telegram.org/bot8941505352:AAHsWfhljzdi9hH-pdjzsfA86Ih1YzBEBLA/getUpdates "HTTP/1.1 200 OK"
2026-08-07 00:35:28 | pocket.main          | INFO     | 📊 Bazar skan edilir...
2026-08-07 00:35:30 | pocket.main          | INFO     | ℹ️  M1 üçün siqnal tapılmadı
2026-08-07 00:35:35 | pocket.main          | INFO     | ℹ️  M5 üçün siqnal tapılmadı
2026-08-07 00:35:38 | httpx                | INFO     | HTTP Request: POST https://api.telegram.org/bot8941505352:AAHsWfhljzdi9hH-pdjzsfA86Ih1YzBEBLA/getUpdates "HTTP/1.1 200 OK"
2026-08-07 00:35:38 | pocket.main          | INFO     | ℹ️  M15 üçün siqnal tapılmadı
2026-08-07 00:35:43 | pocket.main          | INFO     | 📊 Bazar skan edilir...
2026-08-07 00:35:47 | pocket.main          | INFO     | ℹ️  M1 üçün siqnal tapılmadı
2026-08-07 00:35:48 | httpx                | INFO     | HTTP Request: POST https://api.telegram.org/bot8941505352:AAHsWfhljzdi9hH-pdjzsfA86Ih1YzBEBLA/getUpdates "HTTP/1.1 200 OK"
2026-08-07 00:35:50 | pocket.main          | INFO     | ℹ️  M5 üçün siqnal tapılmadı
2026-08-07 00:35:54 | pocket.main          | INFO     | ℹ️  M15 üçün siqnal tapılmadı
2026-08-07 00:35:58 | httpx                | INFO     | HTTP Request: POST https://api.telegram.org/bot8941505352:AAHsWfhljzdi9hH-pdjzsfA86Ih1YzBEBLA/getUpdates "HTTP/1.1 200 OK"
2026-08-07 00:35:59 | pocket.main          | INFO     | 📊 Bazar skan edilir...
2026-08-07 00:36:01 | pocket.main          | INFO     | ℹ️  M1 üçün siqnal tapılmadı
2026-08-07 00:36:04 | pocket.main          | INFO     | ℹ️  M5 üçün siqnal tapılmadı
2026-08-07 00:36:07 | pocket.main          | INFO     | ℹ️  M15 üçün siqnal tapılmadı
2026-08-07 00:36:08 | httpx                | INFO     | HTTP Request: POST https://api.telegram.org/bot8941505352:AAHsWfhljzdi9hH-pdjzsfA86Ih1YzBEBLA/getUpdates "HTTP/1.1 200 OK"
2026-08-07 00:36:12 | pocket.main          | INFO     | 📊 Bazar skan edilir...
2026-08-07 00:36:13 | pocket.main          | INFO     | ℹ️  M1 üçün siqnal tapılmadı
2026-08-07 00:36:16 | pocket.main          | INFO     | ℹ️  M5 üçün siqnal tapılmadı
2026-08-07 00:36:18 | httpx                | INFO     | HTTP Request: POST https://api.telegram.org/bot8941505352:AAHsWfhljzdi9hH-pdjzsfA86Ih1YzBEBLA/getUpdates "HTTP/1.1 200 OK"
2026-08-07 00:36:19 | httpx                | INFO     | HTTP Request: POST https://api.telegram.org/bot8941505352:AAHsWfhljzdi9hH-pdjzsfA86Ih1YzBEBLA/getUpdates "HTTP/1.1 200 OK"
2026-08-07 00:36:20 | httpx                | INFO     | HTTP Request: POST https://api.telegram.org/bot8941505352:AAHsWfhljzdi9hH-pdjzsfA86Ih1YzBEBLA/sendChatAction "HTTP/1.1 200 OK"
2026-08-07 00:36:20 | pocket.main          | INFO     | ℹ️  M15 üçün siqnal tapılmadı
2026-08-07 00:36:25 | pocket.main          | INFO     | 📊 Bazar skan edilir...
2026-08-07 00:36:29 | httpx                | INFO     | HTTP Request: POST https://api.telegram.org/bot8941505352:AAHsWfhljzdi9hH-pdjzsfA86Ih1YzBEBLA/getUpdates "HTTP/1.1 200 OK"
2026-08-07 00:36:32 | pocket.main          | INFO     | ℹ️  M1 üçün siqnal tapılmadı
2026-08-07 00:36:39 | httpx                | INFO     | HTTP Request: POST https://api.telegram.org/bot8941505352:AAHsWfhljzdi9hH-pdjzsfA86Ih1YzBEBLA/getUpdates "HTTP/1.1 200 OK"
2026-08-07 00:36:39 | pocket.main          | INFO     | ℹ️  M5 üçün siqnal tapılmadı
2026-08-07 00:36:49 | pocket.main          | INFO     | ℹ️  M15 üçün siqnal tapılmadı
2026-08-07 00:36:49 | httpx                | INFO     | HTTP Request: POST https://api.telegram.org/bot8941505352:AAHsWfhljzdi9hH-pdjzsfA86Ih1YzBEBLA/getUpdates "HTTP/1.1 200 OK"
2026-08-07 00:36:54 | pocket.main          | INFO     | 📊 Bazar skan edilir...
2026-08-07 00:36:59 | httpx                | INFO     | HTTP Request: POST https://api.telegram.org/bot8941505352:AAHsWfhljzdi9hH-pdjzsfA86Ih1YzBEBLA/getUpdates "HTTP/1.1 200 OK"
2026-08-07 00:37:01 | pocket.main          | INFO     | ℹ️  M1 üçün siqnal tapılmadı
2026-08-07 00:37:09 | pocket.main          | INFO     | ✅ M5 üçün 1 siqnal tapıldı (Ən yüksək: EUR/JPY OTC - 65.0%)
2026-08-07 00:37:09 | pocket.main          | INFO     | ⚡ Martingale Ticarəti İşə Düşür: EUR/JPY OTC BUY (65.0%)
2026-08-07 00:37:09 | core.po_trader       | INFO     | 🚀 Ticarət ardıcıllığı başlayır: EUR/JPY OTC | BUY | TF: M5
2026-08-07 00:37:09 | core.po_trader       | INFO     | 🎯 Addım 1/4: EUR/JPY OTC - CALL $1.0
2026-08-07 00:37:10 | httpx                | INFO     | HTTP Request: POST https://api.telegram.org/bot8941505352:AAHsWfhljzdi9hH-pdjzsfA86Ih1YzBEBLA/sendMessage "HTTP/1.1 200 OK"
2026-08-07 00:37:10 | core.po_trader       | ERROR    | PO Real Trade Xətası: Not connected to PocketOption
2026-08-07 00:37:10 | core.po_trader       | INFO     | 🧪 [Simulyasiya] Trade icra edilir: EURJPY_otc call $1.0 (300s)
2026-08-07 00:37:10 | httpx                | INFO     | HTTP Request: POST https://api.telegram.org/bot8941505352:AAHsWfhljzdi9hH-pdjzsfA86Ih1YzBEBLA/getUpdates "HTTP/1.1 200 OK"
2026-08-07 00:37:12 | core.po_trader       | WARNING  | ❌ Trade UĞURSUZ oldu (Addım 1).
2026-08-07 00:37:12 | core.po_trader       | INFO     | 🔄 Martingale növbəti addıma keçir: Addım 2 ($2.5)
2026-08-07 00:37:12 | core.po_trader       | WARNING  | ❌ <b>Ticarət Uğursuz Oldu</b> (Addım 1/4)
💱 EUR/JPY OTC - Məbləğ: $1.0
2026-08-07 00:37:12 | httpx                | INFO     | HTTP Request: POST https://api.telegram.org/bot8941505352:AAHsWfhljzdi9hH-pdjzsfA86Ih1YzBEBLA/sendMessage "HTTP/1.1 200 OK"
2026-08-07 00:37:16 | core.po_trader       | INFO     | 🎯 Addım 2/4: EUR/JPY OTC - CALL $2.5
2026-08-07 00:37:16 | httpx                | INFO     | HTTP Request: POST https://api.telegram.org/bot8941505352:AAHsWfhljzdi9hH-pdjzsfA86Ih1YzBEBLA/sendMessage "HTTP/1.1 200 OK"
2026-08-07 00:37:17 | core.po_trader       | INFO     | 🧪 [Simulyasiya] Trade icra edilir: EURJPY_otc call $2.5 (300s)
2026-08-07 00:37:19 | core.po_trader       | WARNING  | ❌ Trade UĞURSUZ oldu (Addım 2).
2026-08-07 00:37:19 | core.po_trader       | INFO     | 🔄 Martingale növbəti addıma keçir: Addım 3 ($6.25)
2026-08-07 00:37:19 | core.po_trader       | WARNING  | ❌ <b>Ticarət Uğursuz Oldu</b> (Addım 2/4)
💱 EUR/JPY OTC - Məbləğ: $2.5
2026-08-07 00:37:19 | httpx                | INFO     | HTTP Request: POST https://api.telegram.org/bot8941505352:AAHsWfhljzdi9hH-pdjzsfA86Ih1YzBEBLA/sendMessage "HTTP/1.1 200 OK"
2026-08-07 00:37:19 | core.po_trader       | INFO     | 🎯 Addım 3/4: EUR/JPY OTC - CALL $6.25
2026-08-07 00:37:19 | httpx                | INFO     | HTTP Request: POST https://api.telegram.org/bot8941505352:AAHsWfhljzdi9hH-pdjzsfA86Ih1YzBEBLA/sendMessage "HTTP/1.1 200 OK"
2026-08-07 00:37:19 | core.po_trader       | INFO     | 🧪 [Simulyasiya] Trade icra edilir: EURJPY_otc call $6.25 (300s)
2026-08-07 00:37:20 | httpx                | INFO     | HTTP Request: POST https://api.telegram.org/bot8941505352:AAHsWfhljzdi9hH-pdjzsfA86Ih1YzBEBLA/getUpdates "HTTP/1.1 200 OK"
2026-08-07 00:37:21 | core.po_trader       | WARNING  | ❌ Trade UĞURSUZ oldu (Addım 3).
2026-08-07 00:37:21 | core.po_trader       | INFO     | 🔄 Martingale növbəti addıma keçir: Addım 4 ($15.62)
2026-08-07 00:37:21 | core.po_trader       | WARNING  | ❌ <b>Ticarət Uğursuz Oldu</b> (Addım 3/4)
💱 EUR/JPY OTC - Məbləğ: $6.25
2026-08-07 00:37:21 | httpx                | INFO     | HTTP Request: POST https://api.telegram.org/bot8941505352:AAHsWfhljzdi9hH-pdjzsfA86Ih1YzBEBLA/sendMessage "HTTP/1.1 200 OK"
2026-08-07 00:37:21 | core.po_trader       | INFO     | 🎯 Addım 4/4: EUR/JPY OTC - CALL $15.62
2026-08-07 00:37:22 | httpx                | INFO     | HTTP Request: POST https://api.telegram.org/bot8941505352:AAHsWfhljzdi9hH-pdjzsfA86Ih1YzBEBLA/sendMessage "HTTP/1.1 200 OK"
2026-08-07 00:37:22 | core.po_trader       | INFO     | 🧪 [Simulyasiya] Trade icra edilir: EURJPY_otc call $15.62 (300s)
2026-08-07 00:37:33 | pocket.main          | INFO     | 🚀 Sistem başladılır...
2026-08-07 00:37:33 | pocket.main          | INFO     | ⚙️  Core komponentlər yaradılır...
2026-08-07 00:37:33 | pocket.main          | INFO     | ✅ Core və Martingale komponentlər hazırdır
2026-08-07 00:37:33 | pocket.main          | INFO     | 🔍 Bazar skaneri və Martingale icraçısı işə düşdü
2026-08-07 00:37:33 | pocket.main          | INFO     | 🔍 Martingale Skaneri başladı
2026-08-07 00:37:33 | pocket.main          | INFO     | 🤖 Telegram Bot thread-i başladı
2026-08-07 00:37:33 | pocket.main          | INFO     | 🌐 Web Dashboard: http://localhost:5000
2026-08-07 00:37:33 | core.po_trader       | INFO     | 🔌 Pocket Option-a qoşulunur... (Hesab: DEMO)
2026-08-07 00:37:34 | core.po_trader       | INFO     | ✅ Pocket Option-a uğurla qoşuldu!
2026-08-07 00:37:34 | core.po_trader       | INFO     | 💰 Balans: 68103.03 USD
2026-08-07 00:37:34 | pocket.main          | INFO     | 📊 Bazar skan edilir...
2026-08-07 00:37:34 | pocket.main          | INFO     | 🌐 Web Dashboard işə düşür: http://localhost:5000
2026-08-07 00:37:35 | pocket.main          | INFO     | 🤖 Telegram Bot işə düşür...
2026-08-07 00:37:35 | bot.telegram_bot     | INFO     | Bot starting...
2026-08-07 00:37:35 | httpx                | INFO     | HTTP Request: POST https://api.telegram.org/bot8941505352:AAHsWfhljzdi9hH-pdjzsfA86Ih1YzBEBLA/getMe "HTTP/1.1 200 OK"
2026-08-07 00:37:35 | httpx                | INFO     | HTTP Request: POST https://api.telegram.org/bot8941505352:AAHsWfhljzdi9hH-pdjzsfA86Ih1YzBEBLA/deleteWebhook "HTTP/1.1 200 OK"
2026-08-07 00:37:35 | apscheduler.scheduler | INFO     | Scheduler started
2026-08-07 00:37:35 | telegram.ext.Application | INFO     | Application started
2026-08-07 00:37:38 | pocket.main          | INFO     | ℹ️  M1 üçün siqnal tapılmadı
2026-08-07 00:37:42 | pocket.main          | INFO     | ✅ M5 üçün 1 siqnal tapıldı (Ən yüksək: EUR/JPY OTC - 65.0%)
2026-08-07 00:37:42 | pocket.main          | INFO     | ⚡ Martingale Ticarəti İşə Düşür: EUR/JPY OTC BUY (65.0%)
2026-08-07 00:37:42 | core.po_trader       | INFO     | 🚀 Ticarət ardıcıllığı başlayır: EUR/JPY OTC | BUY | TF: M5
2026-08-07 00:37:42 | core.po_trader       | INFO     | 🎯 Addım 1/4: EUR/JPY OTC - CALL $1.0
2026-08-07 00:37:42 | httpx                | INFO     | HTTP Request: POST https://api.telegram.org/bot8941505352:AAHsWfhljzdi9hH-pdjzsfA86Ih1YzBEBLA/sendMessage "HTTP/1.1 200 OK"
2026-08-07 00:37:43 | core.po_trader       | INFO     | 🧪 [Simulyasiya] Trade icra edilir: EURJPY_otc call $1.0 (300s)
2026-08-07 00:37:45 | core.po_trader       | WARNING  | ❌ Trade UĞURSUZ oldu (Addım 1).
2026-08-07 00:37:45 | core.po_trader       | INFO     | 🔄 Martingale növbəti addıma keçir: Addım 2 ($2.5)
2026-08-07 00:37:45 | core.po_trader       | WARNING  | ❌ <b>Ticarət Uğursuz Oldu</b> (Addım 1/4)
💱 EUR/JPY OTC - Məbləğ: $1.0
2026-08-07 00:37:45 | httpx                | INFO     | HTTP Request: POST https://api.telegram.org/bot8941505352:AAHsWfhljzdi9hH-pdjzsfA86Ih1YzBEBLA/sendMessage "HTTP/1.1 200 OK"
2026-08-07 00:37:45 | core.po_trader       | INFO     | 🔄 Növbəti addım üçün yenidən analiz edildi. Yeni yön: BUY
2026-08-07 00:37:45 | core.po_trader       | INFO     | 🎯 Addım 2/4: EUR/JPY OTC - CALL $2.5
2026-08-07 00:37:45 | httpx                | INFO     | HTTP Request: POST https://api.telegram.org/bot8941505352:AAHsWfhljzdi9hH-pdjzsfA86Ih1YzBEBLA/sendMessage "HTTP/1.1 200 OK"
2026-08-07 00:37:45 | core.po_trader       | INFO     | 🧪 [Simulyasiya] Trade icra edilir: EURJPY_otc call $2.5 (300s)
2026-08-07 00:37:45 | httpx                | INFO     | HTTP Request: POST https://api.telegram.org/bot8941505352:AAHsWfhljzdi9hH-pdjzsfA86Ih1YzBEBLA/getUpdates "HTTP/1.1 200 OK"
2026-08-07 00:37:47 | core.po_trader       | WARNING  | ❌ Trade UĞURSUZ oldu (Addım 2).
2026-08-07 00:37:47 | core.po_trader       | INFO     | 🔄 Martingale növbəti addıma keçir: Addım 3 ($6.25)
2026-08-07 00:37:47 | core.po_trader       | WARNING  | ❌ <b>Ticarət Uğursuz Oldu</b> (Addım 2/4)
💱 EUR/JPY OTC - Məbləğ: $2.5
2026-08-07 00:37:47 | httpx                | INFO     | HTTP Request: POST https://api.telegram.org/bot8941505352:AAHsWfhljzdi9hH-pdjzsfA86Ih1YzBEBLA/sendMessage "HTTP/1.1 200 OK"
2026-08-07 00:37:47 | core.po_trader       | INFO     | 🎯 Addım 3/4: EUR/JPY OTC - CALL $6.25
2026-08-07 00:37:47 | httpx                | INFO     | HTTP Request: POST https://api.telegram.org/bot8941505352:AAHsWfhljzdi9hH-pdjzsfA86Ih1YzBEBLA/sendMessage "HTTP/1.1 200 OK"
2026-08-07 00:37:48 | core.po_trader       | INFO     | 🧪 [Simulyasiya] Trade icra edilir: EURJPY_otc call $6.25 (300s)
2026-08-07 00:37:50 | core.po_trader       | INFO     | ✅ Trade UĞURLU oldu (Addım 3). Martingale sıfırlanır.
2026-08-07 00:37:50 | core.po_trader       | INFO     | ✅ <b>TİCARƏT QAZANDI!</b> 🎉 (Hədəf: 1/5)
💱 EUR/JPY OTC (Addım 3)
💵 Qazanc: +$5.31
2026-08-07 00:37:50 | httpx                | INFO     | HTTP Request: POST https://api.telegram.org/bot8941505352:AAHsWfhljzdi9hH-pdjzsfA86Ih1YzBEBLA/sendMessage "HTTP/1.1 200 OK"
2026-08-07 00:37:53 | pocket.main          | INFO     | ℹ️  M15 üçün siqnal tapılmadı
2026-08-07 00:37:55 | httpx                | INFO     | HTTP Request: POST https://api.telegram.org/bot8941505352:AAHsWfhljzdi9hH-pdjzsfA86Ih1YzBEBLA/getUpdates "HTTP/1.1 200 OK"
2026-08-07 00:37:58 | pocket.main          | INFO     | 📊 Bazar skan edilir...
2026-08-07 00:38:01 | pocket.main          | INFO     | ℹ️  M1 üçün siqnal tapılmadı
2026-08-07 00:38:04 | pocket.main          | INFO     | ℹ️  M5 üçün siqnal tapılmadı
2026-08-07 00:38:06 | httpx                | INFO     | HTTP Request: POST https://api.telegram.org/bot8941505352:AAHsWfhljzdi9hH-pdjzsfA86Ih1YzBEBLA/getUpdates "HTTP/1.1 200 OK"
2026-08-07 00:38:07 | pocket.main          | INFO     | ℹ️  M15 üçün siqnal tapılmadı
2026-08-07 00:38:12 | pocket.main          | INFO     | 📊 Bazar skan edilir...
2026-08-07 00:38:14 | pocket.main          | INFO     | ℹ️  M1 üçün siqnal tapılmadı
2026-08-07 00:38:16 | httpx                | INFO     | HTTP Request: POST https://api.telegram.org/bot8941505352:AAHsWfhljzdi9hH-pdjzsfA86Ih1YzBEBLA/getUpdates "HTTP/1.1 200 OK"
2026-08-07 00:38:18 | pocket.main          | INFO     | ℹ️  M5 üçün siqnal tapılmadı
2026-08-07 00:38:21 | pocket.main          | INFO     | ℹ️  M15 üçün siqnal tapılmadı
2026-08-07 00:38:26 | httpx                | INFO     | HTTP Request: POST https://api.telegram.org/bot8941505352:AAHsWfhljzdi9hH-pdjzsfA86Ih1YzBEBLA/getUpdates "HTTP/1.1 200 OK"
2026-08-07 00:38:26 | pocket.main          | INFO     | 📊 Bazar skan edilir...
2026-08-07 00:38:29 | pocket.main          | INFO     | ℹ️  M1 üçün siqnal tapılmadı
2026-08-07 00:38:32 | pocket.main          | INFO     | ℹ️  M5 üçün siqnal tapılmadı
2026-08-07 00:38:35 | pocket.main          | INFO     | ℹ️  M15 üçün siqnal tapılmadı
2026-08-07 00:38:36 | httpx                | INFO     | HTTP Request: POST https://api.telegram.org/bot8941505352:AAHsWfhljzdi9hH-pdjzsfA86Ih1YzBEBLA/getUpdates "HTTP/1.1 200 OK"
2026-08-07 00:38:40 | pocket.main          | INFO     | 📊 Bazar skan edilir...
2026-08-07 00:38:43 | pocket.main          | INFO     | ℹ️  M1 üçün siqnal tapılmadı
2026-08-07 00:38:45 | pocket.main          | INFO     | ℹ️  M5 üçün siqnal tapılmadı
2026-08-07 00:38:46 | httpx                | INFO     | HTTP Request: POST https://api.telegram.org/bot8941505352:AAHsWfhljzdi9hH-pdjzsfA86Ih1YzBEBLA/getUpdates "HTTP/1.1 200 OK"
2026-08-07 00:38:48 | pocket.main          | INFO     | ℹ️  M15 üçün siqnal tapılmadı
2026-08-07 00:38:53 | pocket.main          | INFO     | 📊 Bazar skan edilir...
2026-08-07 00:38:56 | httpx                | INFO     | HTTP Request: POST https://api.telegram.org/bot8941505352:AAHsWfhljzdi9hH-pdjzsfA86Ih1YzBEBLA/getUpdates "HTTP/1.1 200 OK"
2026-08-07 00:38:56 | pocket.main          | INFO     | ℹ️  M1 üçün siqnal tapılmadı
2026-08-07 00:39:00 | pocket.main          | INFO     | ℹ️  M5 üçün siqnal tapılmadı
2026-08-07 00:39:03 | pocket.main          | INFO     | ℹ️  M15 üçün siqnal tapılmadı
2026-08-07 00:39:06 | httpx                | INFO     | HTTP Request: POST https://api.telegram.org/bot8941505352:AAHsWfhljzdi9hH-pdjzsfA86Ih1YzBEBLA/getUpdates "HTTP/1.1 200 OK"
2026-08-07 00:39:08 | pocket.main          | INFO     | 📊 Bazar skan edilir...
2026-08-07 00:39:11 | pocket.main          | INFO     | ℹ️  M1 üçün siqnal tapılmadı
2026-08-07 00:39:15 | pocket.main          | INFO     | ℹ️  M5 üçün siqnal tapılmadı
2026-08-07 00:39:16 | httpx                | INFO     | HTTP Request: POST https://api.telegram.org/bot8941505352:AAHsWfhljzdi9hH-pdjzsfA86Ih1YzBEBLA/getUpdates "HTTP/1.1 200 OK"
2026-08-07 00:39:18 | pocket.main          | INFO     | ℹ️  M15 üçün siqnal tapılmadı
2026-08-07 00:39:23 | pocket.main          | INFO     | 📊 Bazar skan edilir...
2026-08-07 00:39:26 | pocket.main          | INFO     | ℹ️  M1 üçün siqnal tapılmadı
2026-08-07 00:39:26 | httpx                | INFO     | HTTP Request: POST https://api.telegram.org/bot8941505352:AAHsWfhljzdi9hH-pdjzsfA86Ih1YzBEBLA/getUpdates "HTTP/1.1 200 OK"
2026-08-07 00:39:29 | pocket.main          | INFO     | ℹ️  M5 üçün siqnal tapılmadı
2026-08-07 00:39:33 | pocket.main          | INFO     | ℹ️  M15 üçün siqnal tapılmadı
2026-08-07 00:39:36 | httpx                | INFO     | HTTP Request: POST https://api.telegram.org/bot8941505352:AAHsWfhljzdi9hH-pdjzsfA86Ih1YzBEBLA/getUpdates "HTTP/1.1 200 OK"
2026-08-07 00:39:38 | pocket.main          | INFO     | 📊 Bazar skan edilir...
2026-08-07 00:39:41 | pocket.main          | INFO     | ℹ️  M1 üçün siqnal tapılmadı
2026-08-07 00:39:45 | pocket.main          | INFO     | ℹ️  M5 üçün siqnal tapılmadı
2026-08-07 00:39:47 | httpx                | INFO     | HTTP Request: POST https://api.telegram.org/bot8941505352:AAHsWfhljzdi9hH-pdjzsfA86Ih1YzBEBLA/getUpdates "HTTP/1.1 200 OK"
2026-08-07 00:39:48 | pocket.main          | INFO     | ℹ️  M15 üçün siqnal tapılmadı
2026-08-07 00:39:53 | pocket.main          | INFO     | 📊 Bazar skan edilir...
2026-08-07 00:39:57 | httpx                | INFO     | HTTP Request: POST https://api.telegram.org/bot8941505352:AAHsWfhljzdi9hH-pdjzsfA86Ih1YzBEBLA/getUpdates "HTTP/1.1 200 OK"
2026-08-07 00:39:58 | pocket.main          | INFO     | ℹ️  M1 üçün siqnal tapılmadı
2026-08-07 00:40:00 | yfinance             | ERROR    | $USDJPY=X: possibly delisted; no price data found  (period=5d) (Yahoo error = "No data found, symbol may be delisted")
2026-08-07 00:40:01 | yfinance             | ERROR    | $USDJPY=X: possibly delisted; no price data found  (period=5d) (Yahoo error = "No data found, symbol may be delisted")
2026-08-07 00:40:05 | yfinance             | ERROR    | $USDJPY=X: possibly delisted; no price data found  (period=5d) (Yahoo error = "No data found, symbol may be delisted")
2026-08-07 00:40:06 | yfinance             | ERROR    | $USDJPY=X: possibly delisted; no price data found  (period=5d) (Yahoo error = "No data found, symbol may be delisted")
2026-08-07 00:40:06 | pocket.main          | INFO     | ℹ️  M5 üçün siqnal tapılmadı
2026-08-07 00:40:07 | httpx                | INFO     | HTTP Request: POST https://api.telegram.org/bot8941505352:AAHsWfhljzdi9hH-pdjzsfA86Ih1YzBEBLA/getUpdates "HTTP/1.1 200 OK"
2026-08-07 00:40:07 | yfinance             | ERROR    | $USDJPY=X: possibly delisted; no price data found  (period=5d) (Yahoo error = "No data found, symbol may be delisted")
2026-08-07 00:40:08 | yfinance             | ERROR    | $USDJPY=X: possibly delisted; no price data found  (period=15d) (Yahoo error = "No data found, symbol may be delisted")
2026-08-07 00:40:09 | yfinance             | ERROR    | $USDJPY=X: possibly delisted; no price data found  (period=5d) (Yahoo error = "No data found, symbol may be delisted")
2026-08-07 00:40:10 | yfinance             | ERROR    | $USDJPY=X: possibly delisted; no price data found  (period=15d) (Yahoo error = "No data found, symbol may be delisted")
2026-08-07 00:40:12 | yfinance             | ERROR    | $USDJPY=X: possibly delisted; no price data found  (period=5d) (Yahoo error = "No data found, symbol may be delisted")
2026-08-07 00:40:13 | yfinance             | ERROR    | $USDJPY=X: possibly delisted; no price data found  (period=5d) (Yahoo error = "No data found, symbol may be delisted")
2026-08-07 00:40:14 | yfinance             | ERROR    | $USDJPY=X: possibly delisted; no price data found  (period=15d) (Yahoo error = "Request Failed")
2026-08-07 00:40:15 | yfinance             | ERROR    | $USDJPY=X: possibly delisted; no price data found  (period=15d) (Yahoo error = "No data found, symbol may be delisted")
2026-08-07 00:40:15 | pocket.main          | INFO     | ℹ️  M15 üçün siqnal tapılmadı
2026-08-07 00:40:17 | httpx                | INFO     | HTTP Request: POST https://api.telegram.org/bot8941505352:AAHsWfhljzdi9hH-pdjzsfA86Ih1YzBEBLA/getUpdates "HTTP/1.1 200 OK"
2026-08-07 00:40:20 | pocket.main          | INFO     | 📊 Bazar skan edilir...
2026-08-07 00:40:23 | pocket.main          | INFO     | ℹ️  M1 üçün siqnal tapılmadı
2026-08-07 00:40:24 | yfinance             | ERROR    | $USDJPY=X: possibly delisted; no price data found  (period=5d) (Yahoo error = "Request Failed")
2026-08-07 00:40:25 | yfinance             | ERROR    | $USDJPY=X: possibly delisted; no price data found  (period=5d) (Yahoo error = "Request Failed")
2026-08-07 00:40:27 | httpx                | INFO     | HTTP Request: POST https://api.telegram.org/bot8941505352:AAHsWfhljzdi9hH-pdjzsfA86Ih1YzBEBLA/getUpdates "HTTP/1.1 200 OK"
2026-08-07 00:40:28 | yfinance             | ERROR    | $USDJPY=X: possibly delisted; no price data found  (period=5d) (Yahoo error = "Request Failed")
2026-08-07 00:40:29 | yfinance             | ERROR    | $USDJPY=X: possibly delisted; no price data found  (period=5d) (Yahoo error = "Request Failed")
2026-08-07 00:40:29 | pocket.main          | INFO     | ℹ️  M5 üçün siqnal tapılmadı
2026-08-07 00:40:31 | yfinance             | ERROR    | $USDJPY=X: possibly delisted; no price data found  (period=15d) (Yahoo error = "Request Failed")
2026-08-07 00:40:32 | yfinance             | ERROR    | $USDJPY=X: possibly delisted; no price data found  (period=15d) (Yahoo error = "Request Failed")
2026-08-07 00:40:35 | yfinance             | ERROR    | $USDJPY=X: possibly delisted; no price data found  (period=15d) (Yahoo error = "Request Failed")
2026-08-07 00:40:35 | yfinance             | ERROR    | $USDJPY=X: possibly delisted; no price data found  (period=15d) (Yahoo error = "Request Failed")
2026-08-07 00:40:36 | pocket.main          | INFO     | ℹ️  M15 üçün siqnal tapılmadı
2026-08-07 00:40:37 | httpx                | INFO     | HTTP Request: POST https://api.telegram.org/bot8941505352:AAHsWfhljzdi9hH-pdjzsfA86Ih1YzBEBLA/getUpdates "HTTP/1.1 200 OK"
2026-08-07 00:40:41 | pocket.main          | INFO     | 📊 Bazar skan edilir...
2026-08-07 00:40:44 | pocket.main          | INFO     | ℹ️  M1 üçün siqnal tapılmadı
2026-08-07 00:40:45 | pocket.main          | INFO     | ℹ️  M5 üçün siqnal tapılmadı
2026-08-07 00:40:47 | httpx                | INFO     | HTTP Request: POST https://api.telegram.org/bot8941505352:AAHsWfhljzdi9hH-pdjzsfA86Ih1YzBEBLA/getUpdates "HTTP/1.1 200 OK"
2026-08-07 00:40:49 | pocket.main          | INFO     | ℹ️  M15 üçün siqnal tapılmadı
2026-08-07 00:40:54 | pocket.main          | INFO     | 📊 Bazar skan edilir...
2026-08-07 00:40:56 | pocket.main          | INFO     | ℹ️  M1 üçün siqnal tapılmadı
2026-08-07 00:40:57 | httpx                | INFO     | HTTP Request: POST https://api.telegram.org/bot8941505352:AAHsWfhljzdi9hH-pdjzsfA86Ih1YzBEBLA/getUpdates "HTTP/1.1 200 OK"
2026-08-07 00:40:59 | pocket.main          | INFO     | ℹ️  M5 üçün siqnal tapılmadı
2026-08-07 00:41:02 | pocket.main          | INFO     | ℹ️  M15 üçün siqnal tapılmadı
2026-08-07 00:41:07 | pocket.main          | INFO     | 📊 Bazar skan edilir...
2026-08-07 00:41:07 | httpx                | INFO     | HTTP Request: POST https://api.telegram.org/bot8941505352:AAHsWfhljzdi9hH-pdjzsfA86Ih1YzBEBLA/getUpdates "HTTP/1.1 200 OK"
2026-08-07 00:41:10 | pocket.main          | INFO     | ℹ️  M1 üçün siqnal tapılmadı
2026-08-07 00:41:13 | pocket.main          | INFO     | ℹ️  M5 üçün siqnal tapılmadı
2026-08-07 00:41:16 | pocket.main          | INFO     | ℹ️  M15 üçün siqnal tapılmadı
2026-08-07 00:41:17 | httpx                | INFO     | HTTP Request: POST https://api.telegram.org/bot8941505352:AAHsWfhljzdi9hH-pdjzsfA86Ih1YzBEBLA/getUpdates "HTTP/1.1 200 OK"
2026-08-07 00:41:21 | pocket.main          | INFO     | 📊 Bazar skan edilir...
2026-08-07 00:41:23 | pocket.main          | INFO     | ℹ️  M1 üçün siqnal tapılmadı
2026-08-07 00:41:36 | pocket.main          | INFO     | 🚀 Sistem başladılır...
2026-08-07 00:41:36 | pocket.main          | INFO     | ⚙️  Core komponentlər yaradılır...
2026-08-07 00:41:36 | pocket.main          | INFO     | ✅ Core və Martingale komponentlər hazırdır
2026-08-07 00:41:36 | pocket.main          | INFO     | 🔍 Bazar skaneri və Martingale icraçısı işə düşdü
2026-08-07 00:41:36 | pocket.main          | INFO     | 🔍 Martingale Skaneri başladı
2026-08-07 00:41:36 | pocket.main          | INFO     | 🤖 Telegram Bot thread-i başladı
2026-08-07 00:41:36 | pocket.main          | INFO     | 🌐 Web Dashboard: http://localhost:5000
2026-08-07 00:41:36 | core.po_trader       | INFO     | 🔌 Pocket Option-a qoşulunur... (Hesab: DEMO)
2026-08-07 00:41:37 | core.po_trader       | INFO     | ✅ Pocket Option-a uğurla qoşuldu!
2026-08-07 00:41:37 | core.po_trader       | INFO     | 💰 Balans: 68093.28 USD
2026-08-07 00:41:37 | pocket.main          | INFO     | 📊 Bazar skan edilir...
2026-08-07 00:41:37 | pocket.main          | INFO     | 🌐 Web Dashboard işə düşür: http://localhost:5000
2026-08-07 00:41:37 | pocket.main          | INFO     | 🤖 Telegram Bot işə düşür...
2026-08-07 00:41:37 | bot.telegram_bot     | INFO     | Bot starting...
2026-08-07 00:41:37 | httpx                | INFO     | HTTP Request: POST https://api.telegram.org/bot8941505352:AAHsWfhljzdi9hH-pdjzsfA86Ih1YzBEBLA/getMe "HTTP/1.1 200 OK"
2026-08-07 00:41:37 | httpx                | INFO     | HTTP Request: POST https://api.telegram.org/bot8941505352:AAHsWfhljzdi9hH-pdjzsfA86Ih1YzBEBLA/deleteWebhook "HTTP/1.1 200 OK"
2026-08-07 00:41:37 | apscheduler.scheduler | INFO     | Scheduler started
2026-08-07 00:41:37 | telegram.ext.Application | INFO     | Application started
2026-08-07 00:41:40 | pocket.main          | INFO     | ℹ️  M1 üçün siqnal tapılmadı
2026-08-07 00:41:44 | pocket.main          | INFO     | ℹ️  M5 üçün siqnal tapılmadı
2026-08-07 00:41:46 | pocket.main          | INFO     | ℹ️  M15 üçün siqnal tapılmadı
2026-08-07 00:41:48 | httpx                | INFO     | HTTP Request: POST https://api.telegram.org/bot8941505352:AAHsWfhljzdi9hH-pdjzsfA86Ih1YzBEBLA/getUpdates "HTTP/1.1 200 OK"
2026-08-07 00:41:51 | pocket.main          | INFO     | 📊 Bazar skan edilir...
2026-08-07 00:41:54 | pocket.main          | INFO     | ℹ️  M1 üçün siqnal tapılmadı
2026-08-07 00:41:57 | pocket.main          | INFO     | ℹ️  M5 üçün siqnal tapılmadı
2026-08-07 00:41:58 | httpx                | INFO     | HTTP Request: POST https://api.telegram.org/bot8941505352:AAHsWfhljzdi9hH-pdjzsfA86Ih1YzBEBLA/getUpdates "HTTP/1.1 200 OK"
2026-08-07 00:42:00 | pocket.main          | INFO     | ℹ️  M15 üçün siqnal tapılmadı
2026-08-07 00:42:05 | pocket.main          | INFO     | 📊 Bazar skan edilir...
2026-08-07 00:42:08 | httpx                | INFO     | HTTP Request: POST https://api.telegram.org/bot8941505352:AAHsWfhljzdi9hH-pdjzsfA86Ih1YzBEBLA/getUpdates "HTTP/1.1 200 OK"
2026-08-07 00:42:08 | pocket.main          | INFO     | ℹ️  M1 üçün siqnal tapılmadı
2026-08-07 00:42:11 | pocket.main          | INFO     | ℹ️  M5 üçün siqnal tapılmadı
2026-08-07 00:42:13 | pocket.main          | INFO     | ℹ️  M15 üçün siqnal tapılmadı
2026-08-07 00:42:18 | httpx                | INFO     | HTTP Request: POST https://api.telegram.org/bot8941505352:AAHsWfhljzdi9hH-pdjzsfA86Ih1YzBEBLA/getUpdates "HTTP/1.1 200 OK"
2026-08-07 00:42:18 | pocket.main          | INFO     | 📊 Bazar skan edilir...
2026-08-07 00:42:22 | pocket.main          | INFO     | ℹ️  M1 üçün siqnal tapılmadı
2026-08-07 00:42:25 | pocket.main          | INFO     | ℹ️  M5 üçün siqnal tapılmadı
2026-08-07 00:42:28 | httpx                | INFO     | HTTP Request: POST https://api.telegram.org/bot8941505352:AAHsWfhljzdi9hH-pdjzsfA86Ih1YzBEBLA/getUpdates "HTTP/1.1 200 OK"
2026-08-07 00:42:29 | pocket.main          | INFO     | ℹ️  M15 üçün siqnal tapılmadı
2026-08-07 00:42:34 | pocket.main          | INFO     | 📊 Bazar skan edilir...
2026-08-07 00:42:36 | pocket.main          | INFO     | ℹ️  M1 üçün siqnal tapılmadı
2026-08-07 00:42:38 | httpx                | INFO     | HTTP Request: POST https://api.telegram.org/bot8941505352:AAHsWfhljzdi9hH-pdjzsfA86Ih1YzBEBLA/getUpdates "HTTP/1.1 200 OK"
2026-08-07 00:42:39 | pocket.main          | INFO     | ℹ️  M5 üçün siqnal tapılmadı
2026-08-07 00:42:43 | pocket.main          | INFO     | ℹ️  M15 üçün siqnal tapılmadı
2026-08-07 00:42:48 | pocket.main          | INFO     | 📊 Bazar skan edilir...
2026-08-07 00:42:48 | httpx                | INFO     | HTTP Request: POST https://api.telegram.org/bot8941505352:AAHsWfhljzdi9hH-pdjzsfA86Ih1YzBEBLA/getUpdates "HTTP/1.1 200 OK"
2026-08-07 00:42:51 | pocket.main          | INFO     | ℹ️  M1 üçün siqnal tapılmadı
2026-08-07 00:42:54 | pocket.main          | INFO     | ℹ️  M5 üçün siqnal tapılmadı
2026-08-07 00:42:58 | pocket.main          | INFO     | ℹ️  M15 üçün siqnal tapılmadı
2026-08-07 00:42:58 | httpx                | INFO     | HTTP Request: POST https://api.telegram.org/bot8941505352:AAHsWfhljzdi9hH-pdjzsfA86Ih1YzBEBLA/getUpdates "HTTP/1.1 200 OK"
2026-08-07 00:45:22 | pocket.main          | INFO     | 🚀 Sistem başladılır...
2026-08-07 00:45:22 | pocket.main          | INFO     | ⚙️  Core komponentlər yaradılır...
2026-08-07 00:45:22 | pocket.main          | INFO     | ✅ Core və Martingale komponentlər hazırdır
2026-08-07 00:45:22 | pocket.main          | INFO     | 🔍 Bazar skaneri və Martingale icraçısı işə düşdü
2026-08-07 00:45:22 | pocket.main          | INFO     | 🔍 Martingale Skaneri başladı
2026-08-07 00:45:22 | pocket.main          | INFO     | 🤖 Telegram Bot thread-i başladı
2026-08-07 00:45:22 | pocket.main          | INFO     | 🌐 Web Dashboard: http://localhost:5000
2026-08-07 00:45:22 | core.po_trader       | INFO     | 🔌 Pocket Option-a qoşulunur... (Hesab: DEMO)
2026-08-07 00:45:23 | core.po_trader       | INFO     | ✅ Pocket Option-a uğurla qoşuldu!
2026-08-07 00:45:23 | core.po_trader       | INFO     | 💰 Balans: 68093.28 USD
2026-08-07 00:45:23 | pocket.main          | INFO     | 📊 Bazar skan edilir...
2026-08-07 00:45:23 | pocket.main          | INFO     | 🌐 Web Dashboard işə düşür: http://localhost:5000
2026-08-07 00:45:23 | pocket.main          | INFO     | 🤖 Telegram Bot işə düşür...
2026-08-07 00:45:23 | bot.telegram_bot     | INFO     | Bot starting...
2026-08-07 00:45:23 | httpx                | INFO     | HTTP Request: POST https://api.telegram.org/bot8941505352:AAHsWfhljzdi9hH-pdjzsfA86Ih1YzBEBLA/getMe "HTTP/1.1 200 OK"
2026-08-07 00:45:23 | httpx                | INFO     | HTTP Request: POST https://api.telegram.org/bot8941505352:AAHsWfhljzdi9hH-pdjzsfA86Ih1YzBEBLA/deleteWebhook "HTTP/1.1 200 OK"
2026-08-07 00:45:23 | apscheduler.scheduler | INFO     | Scheduler started
2026-08-07 00:45:23 | telegram.ext.Application | INFO     | Application started
2026-08-07 00:45:26 | pocket.main          | INFO     | ℹ️  M1 üçün siqnal tapılmadı
2026-08-07 00:45:29 | pocket.main          | INFO     | ℹ️  M5 üçün siqnal tapılmadı
2026-08-07 00:45:31 | pocket.main          | INFO     | ℹ️  M15 üçün siqnal tapılmadı
2026-08-07 00:45:34 | httpx                | INFO     | HTTP Request: POST https://api.telegram.org/bot8941505352:AAHsWfhljzdi9hH-pdjzsfA86Ih1YzBEBLA/getUpdates "HTTP/1.1 200 OK"
2026-08-07 00:45:36 | pocket.main          | INFO     | 📊 Bazar skan edilir...
2026-08-07 00:45:39 | pocket.main          | INFO     | ℹ️  M1 üçün siqnal tapılmadı
2026-08-07 00:45:41 | pocket.main          | INFO     | ℹ️  M5 üçün siqnal tapılmadı
2026-08-07 00:45:44 | httpx                | INFO     | HTTP Request: POST https://api.telegram.org/bot8941505352:AAHsWfhljzdi9hH-pdjzsfA86Ih1YzBEBLA/getUpdates "HTTP/1.1 200 OK"
2026-08-07 00:45:44 | pocket.main          | INFO     | ℹ️  M15 üçün siqnal tapılmadı
2026-08-07 00:45:49 | pocket.main          | INFO     | 📊 Bazar skan edilir...
2026-08-07 00:45:52 | pocket.main          | INFO     | ℹ️  M1 üçün siqnal tapılmadı
2026-08-07 00:45:54 | httpx                | INFO     | HTTP Request: POST https://api.telegram.org/bot8941505352:AAHsWfhljzdi9hH-pdjzsfA86Ih1YzBEBLA/getUpdates "HTTP/1.1 200 OK"
2026-08-07 00:45:55 | httpx                | INFO     | HTTP Request: POST https://api.telegram.org/bot8941505352:AAHsWfhljzdi9hH-pdjzsfA86Ih1YzBEBLA/getUpdates "HTTP/1.1 200 OK"
2026-08-07 00:45:55 | pocket.main          | INFO     | ℹ️  M5 üçün siqnal tapılmadı
2026-08-07 00:45:58 | pocket.main          | INFO     | ℹ️  M15 üçün siqnal tapılmadı
2026-08-07 00:46:03 | pocket.main          | INFO     | 📊 Bazar skan edilir...
2026-08-07 00:46:05 | httpx                | INFO     | HTTP Request: POST https://api.telegram.org/bot8941505352:AAHsWfhljzdi9hH-pdjzsfA86Ih1YzBEBLA/getUpdates "HTTP/1.1 200 OK"
2026-08-07 00:46:06 | pocket.main          | INFO     | ℹ️  M1 üçün siqnal tapılmadı
2026-08-07 00:46:09 | pocket.main          | INFO     | ℹ️  M5 üçün siqnal tapılmadı
2026-08-07 00:46:13 | pocket.main          | INFO     | ℹ️  M15 üçün siqnal tapılmadı
2026-08-07 00:46:15 | httpx                | INFO     | HTTP Request: POST https://api.telegram.org/bot8941505352:AAHsWfhljzdi9hH-pdjzsfA86Ih1YzBEBLA/getUpdates "HTTP/1.1 200 OK"
2026-08-07 00:46:18 | pocket.main          | INFO     | 📊 Bazar skan edilir...
2026-08-07 00:46:21 | pocket.main          | INFO     | ℹ️  M1 üçün siqnal tapılmadı
2026-08-07 00:46:24 | pocket.main          | INFO     | ℹ️  M5 üçün siqnal tapılmadı
2026-08-07 00:46:25 | httpx                | INFO     | HTTP Request: POST https://api.telegram.org/bot8941505352:AAHsWfhljzdi9hH-pdjzsfA86Ih1YzBEBLA/getUpdates "HTTP/1.1 200 OK"
2026-08-07 00:46:27 | pocket.main          | INFO     | ℹ️  M15 üçün siqnal tapılmadı
2026-08-07 00:46:32 | pocket.main          | INFO     | 📊 Bazar skan edilir...
2026-08-07 00:46:34 | pocket.main          | INFO     | ✅ M1 üçün 1 siqnal tapıldı (Ən yüksək: AUD/CAD OTC - 66.67%)
2026-08-07 00:46:35 | pocket.main          | INFO     | ⚡ Martingale Ticarəti İşə Düşür: AUD/CAD OTC SELL (66.67%)
2026-08-07 00:46:35 | core.po_trader       | INFO     | 🚀 Ticarət ardıcıllığı başlayır: AUD/CAD OTC | SELL | TF: 60s
2026-08-07 00:46:35 | core.po_trader       | INFO     | 🎯 Addım 1/4: AUD/CAD OTC - PUT $1.0
2026-08-07 00:46:35 | httpx                | INFO     | HTTP Request: POST https://api.telegram.org/bot8941505352:AAHsWfhljzdi9hH-pdjzsfA86Ih1YzBEBLA/sendMessage "HTTP/1.1 200 OK"
2026-08-07 00:46:35 | core.po_trader       | ERROR    | PO Real Trade Xətası: Not connected to PocketOption
2026-08-07 00:46:35 | core.po_trader       | WARNING  | ❌ Trade UĞURSUZ oldu (Addım 1).
2026-08-07 00:46:35 | core.po_trader       | INFO     | 🔄 Martingale növbəti addıma keçir: Addım 2 ($2.5)
2026-08-07 00:46:35 | core.po_trader       | WARNING  | ❌ <b>Ticarət Uğursuz Oldu</b> (Addım 1/4)
💱 AUD/CAD OTC - Məbləğ: $1.0
2026-08-07 00:46:35 | httpx                | INFO     | HTTP Request: POST https://api.telegram.org/bot8941505352:AAHsWfhljzdi9hH-pdjzsfA86Ih1YzBEBLA/sendMessage "HTTP/1.1 200 OK"
2026-08-07 00:46:35 | core.po_trader       | INFO     | 🔄 Növbəti addım üçün yenidən analiz edildi. Yeni yön: SELL
2026-08-07 00:46:35 | core.po_trader       | INFO     | 🎯 Addım 2/4: AUD/CAD OTC - PUT $2.5
2026-08-07 00:46:35 | httpx                | INFO     | HTTP Request: POST https://api.telegram.org/bot8941505352:AAHsWfhljzdi9hH-pdjzsfA86Ih1YzBEBLA/sendMessage "HTTP/1.1 200 OK"
2026-08-07 00:46:35 | core.po_trader       | ERROR    | PO Real Trade Xətası: Not connected to PocketOption
2026-08-07 00:46:35 | core.po_trader       | WARNING  | ❌ Trade UĞURSUZ oldu (Addım 2).
2026-08-07 00:46:35 | core.po_trader       | INFO     | 🔄 Martingale növbəti addıma keçir: Addım 3 ($6.25)
2026-08-07 00:46:35 | core.po_trader       | WARNING  | ❌ <b>Ticarət Uğursuz Oldu</b> (Addım 2/4)
💱 AUD/CAD OTC - Məbləğ: $2.5
2026-08-07 00:46:35 | httpx                | INFO     | HTTP Request: POST https://api.telegram.org/bot8941505352:AAHsWfhljzdi9hH-pdjzsfA86Ih1YzBEBLA/getUpdates "HTTP/1.1 200 OK"
2026-08-07 00:46:35 | httpx                | INFO     | HTTP Request: POST https://api.telegram.org/bot8941505352:AAHsWfhljzdi9hH-pdjzsfA86Ih1YzBEBLA/sendMessage "HTTP/1.1 200 OK"
2026-08-07 00:46:35 | core.po_trader       | INFO     | 🔄 Növbəti addım üçün yenidən analiz edildi. Yeni yön: SELL
2026-08-07 00:46:35 | core.po_trader       | INFO     | 🎯 Addım 3/4: AUD/CAD OTC - PUT $6.25
2026-08-07 00:46:35 | httpx                | INFO     | HTTP Request: POST https://api.telegram.org/bot8941505352:AAHsWfhljzdi9hH-pdjzsfA86Ih1YzBEBLA/sendMessage "HTTP/1.1 200 OK"
2026-08-07 00:46:35 | core.po_trader       | ERROR    | PO Real Trade Xətası: Not connected to PocketOption
2026-08-07 00:46:35 | core.po_trader       | WARNING  | ❌ Trade UĞURSUZ oldu (Addım 3).
2026-08-07 00:46:35 | core.po_trader       | INFO     | 🔄 Martingale növbəti addıma keçir: Addım 4 ($15.62)
2026-08-07 00:46:35 | core.po_trader       | WARNING  | ❌ <b>Ticarət Uğursuz Oldu</b> (Addım 3/4)
💱 AUD/CAD OTC - Məbləğ: $6.25
2026-08-07 00:46:36 | httpx                | INFO     | HTTP Request: POST https://api.telegram.org/bot8941505352:AAHsWfhljzdi9hH-pdjzsfA86Ih1YzBEBLA/sendMessage "HTTP/1.1 200 OK"
2026-08-07 00:46:36 | core.po_trader       | INFO     | 🔄 Növbəti addım üçün yenidən analiz edildi. Yeni yön: SELL
2026-08-07 00:46:36 | core.po_trader       | INFO     | 🎯 Addım 4/4: AUD/CAD OTC - PUT $15.62
2026-08-07 00:46:36 | httpx                | INFO     | HTTP Request: POST https://api.telegram.org/bot8941505352:AAHsWfhljzdi9hH-pdjzsfA86Ih1YzBEBLA/sendMessage "HTTP/1.1 200 OK"
2026-08-07 00:46:36 | core.po_trader       | ERROR    | PO Real Trade Xətası: Not connected to PocketOption
2026-08-07 00:46:36 | core.po_trader       | WARNING  | ❌ Trade UĞURSUZ oldu (Addım 4).
2026-08-07 00:46:36 | core.po_trader       | ERROR    | 🛑 Maksimum Martingale addımına (4) çatıldı. Sıfırlanır.
2026-08-07 00:46:36 | core.po_trader       | WARNING  | ❌ <b>Ticarət Uğursuz Oldu</b> (Addım 4/4)
💱 AUD/CAD OTC - Məbləğ: $15.62
2026-08-07 00:46:36 | httpx                | INFO     | HTTP Request: POST https://api.telegram.org/bot8941505352:AAHsWfhljzdi9hH-pdjzsfA86Ih1YzBEBLA/sendMessage "HTTP/1.1 200 OK"
2026-08-07 00:46:36 | httpx                | INFO     | HTTP Request: POST https://api.telegram.org/bot8941505352:AAHsWfhljzdi9hH-pdjzsfA86Ih1YzBEBLA/sendMessage "HTTP/1.1 200 OK"
2026-08-07 00:46:39 | pocket.main          | INFO     | ℹ️  M5 üçün siqnal tapılmadı
2026-08-07 00:46:42 | pocket.main          | INFO     | ℹ️  M15 üçün siqnal tapılmadı
2026-08-07 00:46:43 | bot.handlers         | ERROR    | Error sending OTC report: Timed out
2026-08-07 00:46:45 | httpx                | INFO     | HTTP Request: POST https://api.telegram.org/bot8941505352:AAHsWfhljzdi9hH-pdjzsfA86Ih1YzBEBLA/getUpdates "HTTP/1.1 200 OK"
2026-08-07 00:46:47 | pocket.main          | INFO     | 📊 Bazar skan edilir...
2026-08-07 00:46:49 | pocket.main          | INFO     | ℹ️  M1 üçün siqnal tapılmadı
2026-08-07 00:46:52 | pocket.main          | INFO     | ℹ️  M5 üçün siqnal tapılmadı
2026-08-07 00:46:55 | pocket.main          | INFO     | ℹ️  M15 üçün siqnal tapılmadı
2026-08-07 00:46:55 | httpx                | INFO     | HTTP Request: POST https://api.telegram.org/bot8941505352:AAHsWfhljzdi9hH-pdjzsfA86Ih1YzBEBLA/getUpdates "HTTP/1.1 200 OK"
2026-08-07 00:47:00 | pocket.main          | INFO     | 📊 Bazar skan edilir...
2026-08-07 00:47:03 | pocket.main          | INFO     | ℹ️  M1 üçün siqnal tapılmadı
2026-08-07 00:47:05 | httpx                | INFO     | HTTP Request: POST https://api.telegram.org/bot8941505352:AAHsWfhljzdi9hH-pdjzsfA86Ih1YzBEBLA/getUpdates "HTTP/1.1 200 OK"
2026-08-07 00:47:06 | pocket.main          | INFO     | ℹ️  M5 üçün siqnal tapılmadı
2026-08-07 00:47:09 | pocket.main          | INFO     | ℹ️  M15 üçün siqnal tapılmadı
2026-08-07 00:47:14 | pocket.main          | INFO     | 📊 Bazar skan edilir...
2026-08-07 00:47:16 | httpx                | INFO     | HTTP Request: POST https://api.telegram.org/bot8941505352:AAHsWfhljzdi9hH-pdjzsfA86Ih1YzBEBLA/getUpdates "HTTP/1.1 200 OK"
2026-08-07 00:47:17 | pocket.main          | INFO     | ℹ️  M1 üçün siqnal tapılmadı
2026-08-07 00:47:19 | pocket.main          | INFO     | ℹ️  M5 üçün siqnal tapılmadı
2026-08-07 00:47:22 | pocket.main          | INFO     | ℹ️  M15 üçün siqnal tapılmadı
2026-08-07 00:47:26 | httpx                | INFO     | HTTP Request: POST https://api.telegram.org/bot8941505352:AAHsWfhljzdi9hH-pdjzsfA86Ih1YzBEBLA/getUpdates "HTTP/1.1 200 OK"
2026-08-07 00:47:27 | pocket.main          | INFO     | 📊 Bazar skan edilir...
2026-08-07 00:47:30 | pocket.main          | INFO     | ℹ️  M1 üçün siqnal tapılmadı
2026-08-07 00:47:33 | pocket.main          | INFO     | ℹ️  M5 üçün siqnal tapılmadı
2026-08-07 00:47:36 | httpx                | INFO     | HTTP Request: POST https://api.telegram.org/bot8941505352:AAHsWfhljzdi9hH-pdjzsfA86Ih1YzBEBLA/getUpdates "HTTP/1.1 200 OK"
2026-08-07 00:47:37 | pocket.main          | INFO     | ℹ️  M15 üçün siqnal tapılmadı
2026-08-07 00:47:42 | pocket.main          | INFO     | 📊 Bazar skan edilir...
2026-08-07 00:47:45 | pocket.main          | INFO     | ℹ️  M1 üçün siqnal tapılmadı
2026-08-07 00:47:46 | httpx                | INFO     | HTTP Request: POST https://api.telegram.org/bot8941505352:AAHsWfhljzdi9hH-pdjzsfA86Ih1YzBEBLA/getUpdates "HTTP/1.1 200 OK"
2026-08-07 00:47:48 | pocket.main          | INFO     | ℹ️  M5 üçün siqnal tapılmadı
2026-08-07 00:47:51 | pocket.main          | INFO     | ℹ️  M15 üçün siqnal tapılmadı
2026-08-07 00:47:56 | pocket.main          | INFO     | 📊 Bazar skan edilir...
2026-08-07 00:47:56 | httpx                | INFO     | HTTP Request: POST https://api.telegram.org/bot8941505352:AAHsWfhljzdi9hH-pdjzsfA86Ih1YzBEBLA/getUpdates "HTTP/1.1 200 OK"
2026-08-07 00:47:59 | pocket.main          | INFO     | ✅ M1 üçün 1 siqnal tapıldı (Ən yüksək: AUD/CAD OTC - 66.67%)
2026-08-07 00:47:59 | pocket.main          | INFO     | ⚡ Martingale Ticarəti İşə Düşür: AUD/CAD OTC SELL (66.67%)
2026-08-07 00:47:59 | core.po_trader       | INFO     | 🚀 Ticarət ardıcıllığı başlayır: AUD/CAD OTC | SELL | TF: 60s
2026-08-07 00:47:59 | core.po_trader       | INFO     | 🎯 Addım 1/4: AUD/CAD OTC - PUT $1.0
2026-08-07 00:47:59 | httpx                | INFO     | HTTP Request: POST https://api.telegram.org/bot8941505352:AAHsWfhljzdi9hH-pdjzsfA86Ih1YzBEBLA/sendMessage "HTTP/1.1 200 OK"
2026-08-07 00:47:59 | core.po_trader       | ERROR    | PO Real Trade Xətası: Not connected to PocketOption
2026-08-07 00:47:59 | core.po_trader       | WARNING  | ❌ Trade UĞURSUZ oldu (Addım 1).
2026-08-07 00:47:59 | core.po_trader       | INFO     | 🔄 Martingale növbəti addıma keçir: Addım 2 ($2.5)
2026-08-07 00:47:59 | core.po_trader       | WARNING  | ❌ <b>Ticarət Uğursuz Oldu</b> (Addım 1/4)
💱 AUD/CAD OTC - Məbləğ: $1.0
2026-08-07 00:47:59 | httpx                | INFO     | HTTP Request: POST https://api.telegram.org/bot8941505352:AAHsWfhljzdi9hH-pdjzsfA86Ih1YzBEBLA/sendMessage "HTTP/1.1 200 OK"
2026-08-07 00:47:59 | core.po_trader       | INFO     | 🔄 Növbəti addım üçün yenidən analiz edildi. Yeni yön: SELL
2026-08-07 00:47:59 | core.po_trader       | INFO     | 🎯 Addım 2/4: AUD/CAD OTC - PUT $2.5
2026-08-07 00:47:59 | httpx                | INFO     | HTTP Request: POST https://api.telegram.org/bot8941505352:AAHsWfhljzdi9hH-pdjzsfA86Ih1YzBEBLA/sendMessage "HTTP/1.1 200 OK"
2026-08-07 00:48:01 | core.po_trader       | INFO     | ✅ PO Əmri Açıldı: ID=87c5465c-224d-471a-861f-ffd43061c01c, $2.5, 60s. İlkin Balans=$68093.28
2026-08-07 00:48:06 | httpx                | INFO     | HTTP Request: POST https://api.telegram.org/bot8941505352:AAHsWfhljzdi9hH-pdjzsfA86Ih1YzBEBLA/getUpdates "HTTP/1.1 200 OK"
2026-08-07 00:48:16 | httpx                | INFO     | HTTP Request: POST https://api.telegram.org/bot8941505352:AAHsWfhljzdi9hH-pdjzsfA86Ih1YzBEBLA/getUpdates "HTTP/1.1 200 OK"
2026-08-07 00:48:26 | httpx                | INFO     | HTTP Request: POST https://api.telegram.org/bot8941505352:AAHsWfhljzdi9hH-pdjzsfA86Ih1YzBEBLA/getUpdates "HTTP/1.1 200 OK"
2026-08-07 00:48:36 | httpx                | INFO     | HTTP Request: POST https://api.telegram.org/bot8941505352:AAHsWfhljzdi9hH-pdjzsfA86Ih1YzBEBLA/getUpdates "HTTP/1.1 200 OK"
2026-08-07 00:48:47 | httpx                | INFO     | HTTP Request: POST https://api.telegram.org/bot8941505352:AAHsWfhljzdi9hH-pdjzsfA86Ih1YzBEBLA/getUpdates "HTTP/1.1 200 OK"
2026-08-07 00:48:57 | httpx                | INFO     | HTTP Request: POST https://api.telegram.org/bot8941505352:AAHsWfhljzdi9hH-pdjzsfA86Ih1YzBEBLA/getUpdates "HTTP/1.1 200 OK"
2026-08-07 00:49:05 | core.po_trader       | INFO     | 📊 PO Server Balans Analizi: Əvvəl=$68093.28 -> Sonra=$68094.73 (Fərq=$1.45)
2026-08-07 00:49:05 | core.po_trader       | INFO     | 🎉 PO REAL QAZANC VERDİ! Profit: +$1.45
2026-08-07 00:49:05 | core.po_trader       | INFO     | ✅ Trade UĞURLU oldu (Addım 2). Martingale sıfırlanır.
2026-08-07 00:49:05 | core.po_trader       | INFO     | ✅ <b>TİCARƏT QAZANDI!</b> 🎉 (Hədəf: 1/5)
💱 AUD/CAD OTC (Addım 2)
💵 Qazanc: +$1.45
2026-08-07 00:49:05 | httpx                | INFO     | HTTP Request: POST https://api.telegram.org/bot8941505352:AAHsWfhljzdi9hH-pdjzsfA86Ih1YzBEBLA/sendMessage "HTTP/1.1 200 OK"
2026-08-07 00:49:07 | httpx                | INFO     | HTTP Request: POST https://api.telegram.org/bot8941505352:AAHsWfhljzdi9hH-pdjzsfA86Ih1YzBEBLA/getUpdates "HTTP/1.1 200 OK"
2026-08-07 00:49:09 | pocket.main          | INFO     | ℹ️  M5 üçün siqnal tapılmadı
2026-08-07 00:49:12 | pocket.main          | INFO     | ℹ️  M15 üçün siqnal tapılmadı
2026-08-07 00:49:17 | httpx                | INFO     | HTTP Request: POST https://api.telegram.org/bot8941505352:AAHsWfhljzdi9hH-pdjzsfA86Ih1YzBEBLA/getUpdates "HTTP/1.1 200 OK"
2026-08-07 00:49:17 | pocket.main          | INFO     | 📊 Bazar skan edilir...
2026-08-07 00:49:20 | pocket.main          | INFO     | ℹ️  M1 üçün siqnal tapılmadı
2026-08-07 00:49:23 | pocket.main          | INFO     | ℹ️  M5 üçün siqnal tapılmadı
2026-08-07 00:49:26 | pocket.main          | INFO     | ℹ️  M15 üçün siqnal tapılmadı
2026-08-07 00:49:27 | httpx                | INFO     | HTTP Request: POST https://api.telegram.org/bot8941505352:AAHsWfhljzdi9hH-pdjzsfA86Ih1YzBEBLA/getUpdates "HTTP/1.1 200 OK"
2026-08-07 00:49:31 | pocket.main          | INFO     | 📊 Bazar skan edilir...
2026-08-07 00:49:34 | pocket.main          | INFO     | ℹ️  M1 üçün siqnal tapılmadı
2026-08-07 00:49:37 | pocket.main          | INFO     | ℹ️  M5 üçün siqnal tapılmadı
2026-08-07 00:49:37 | httpx                | INFO     | HTTP Request: POST https://api.telegram.org/bot8941505352:AAHsWfhljzdi9hH-pdjzsfA86Ih1YzBEBLA/getUpdates "HTTP/1.1 200 OK"
2026-08-07 00:49:40 | pocket.main          | INFO     | ℹ️  M15 üçün siqnal tapılmadı
2026-08-07 00:49:45 | pocket.main          | INFO     | 📊 Bazar skan edilir...
2026-08-07 00:49:47 | httpx                | INFO     | HTTP Request: POST https://api.telegram.org/bot8941505352:AAHsWfhljzdi9hH-pdjzsfA86Ih1YzBEBLA/getUpdates "HTTP/1.1 200 OK"
2026-08-07 00:49:47 | pocket.main          | INFO     | ℹ️  M1 üçün siqnal tapılmadı
2026-08-07 00:49:50 | pocket.main          | INFO     | ℹ️  M5 üçün siqnal tapılmadı
2026-08-07 00:49:53 | pocket.main          | INFO     | ℹ️  M15 üçün siqnal tapılmadı
2026-08-07 00:49:57 | httpx                | INFO     | HTTP Request: POST https://api.telegram.org/bot8941505352:AAHsWfhljzdi9hH-pdjzsfA86Ih1YzBEBLA/getUpdates "HTTP/1.1 200 OK"
2026-08-07 00:49:58 | pocket.main          | INFO     | 📊 Bazar skan edilir...
2026-08-07 00:50:01 | pocket.main          | INFO     | ℹ️  M1 üçün siqnal tapılmadı
2026-08-07 00:50:06 | pocket.main          | INFO     | ℹ️  M5 üçün siqnal tapılmadı
2026-08-07 00:50:07 | httpx                | INFO     | HTTP Request: POST https://api.telegram.org/bot8941505352:AAHsWfhljzdi9hH-pdjzsfA86Ih1YzBEBLA/getUpdates "HTTP/1.1 200 OK"
2026-08-07 00:50:10 | pocket.main          | INFO     | ℹ️  M15 üçün siqnal tapılmadı
2026-08-07 00:50:15 | pocket.main          | INFO     | 📊 Bazar skan edilir...
2026-08-07 00:50:17 | pocket.main          | INFO     | ℹ️  M1 üçün siqnal tapılmadı
2026-08-07 00:50:18 | httpx                | INFO     | HTTP Request: POST https://api.telegram.org/bot8941505352:AAHsWfhljzdi9hH-pdjzsfA86Ih1YzBEBLA/getUpdates "HTTP/1.1 200 OK"
2026-08-07 00:50:20 | pocket.main          | INFO     | ℹ️  M5 üçün siqnal tapılmadı
2026-08-07 00:50:23 | pocket.main          | INFO     | ℹ️  M15 üçün siqnal tapılmadı
2026-08-07 00:50:28 | httpx                | INFO     | HTTP Request: POST https://api.telegram.org/bot8941505352:AAHsWfhljzdi9hH-pdjzsfA86Ih1YzBEBLA/getUpdates "HTTP/1.1 200 OK"
2026-08-07 00:50:28 | pocket.main          | INFO     | 📊 Bazar skan edilir...
2026-08-07 00:50:31 | pocket.main          | INFO     | ℹ️  M1 üçün siqnal tapılmadı
2026-08-07 00:50:34 | pocket.main          | INFO     | ℹ️  M5 üçün siqnal tapılmadı
2026-08-07 00:50:37 | pocket.main          | INFO     | ℹ️  M15 üçün siqnal tapılmadı
2026-08-07 00:50:38 | httpx                | INFO     | HTTP Request: POST https://api.telegram.org/bot8941505352:AAHsWfhljzdi9hH-pdjzsfA86Ih1YzBEBLA/getUpdates "HTTP/1.1 200 OK"
2026-08-07 00:50:42 | pocket.main          | INFO     | 📊 Bazar skan edilir...
2026-08-07 00:50:45 | pocket.main          | INFO     | ℹ️  M1 üçün siqnal tapılmadı
2026-08-07 00:50:48 | httpx                | INFO     | HTTP Request: POST https://api.telegram.org/bot8941505352:AAHsWfhljzdi9hH-pdjzsfA86Ih1YzBEBLA/getUpdates "HTTP/1.1 200 OK"
2026-08-07 00:50:48 | pocket.main          | INFO     | ℹ️  M5 üçün siqnal tapılmadı
2026-08-07 00:50:51 | pocket.main          | INFO     | ℹ️  M15 üçün siqnal tapılmadı
2026-08-07 00:50:56 | pocket.main          | INFO     | 📊 Bazar skan edilir...
2026-08-07 00:50:58 | httpx                | INFO     | HTTP Request: POST https://api.telegram.org/bot8941505352:AAHsWfhljzdi9hH-pdjzsfA86Ih1YzBEBLA/getUpdates "HTTP/1.1 200 OK"
2026-08-07 00:50:59 | pocket.main          | INFO     | ℹ️  M1 üçün siqnal tapılmadı
2026-08-07 00:51:02 | pocket.main          | INFO     | ℹ️  M5 üçün siqnal tapılmadı
2026-08-07 00:51:05 | pocket.main          | INFO     | ℹ️  M15 üçün siqnal tapılmadı
2026-08-07 00:51:08 | httpx                | INFO     | HTTP Request: POST https://api.telegram.org/bot8941505352:AAHsWfhljzdi9hH-pdjzsfA86Ih1YzBEBLA/getUpdates "HTTP/1.1 200 OK"
2026-08-07 00:51:10 | pocket.main          | INFO     | 📊 Bazar skan edilir...
2026-08-07 00:51:13 | pocket.main          | INFO     | ℹ️  M1 üçün siqnal tapılmadı
2026-08-07 00:51:16 | pocket.main          | INFO     | ℹ️  M5 üçün siqnal tapılmadı
2026-08-07 00:51:18 | httpx                | INFO     | HTTP Request: POST https://api.telegram.org/bot8941505352:AAHsWfhljzdi9hH-pdjzsfA86Ih1YzBEBLA/getUpdates "HTTP/1.1 200 OK"
2026-08-07 00:51:19 | pocket.main          | INFO     | ℹ️  M15 üçün siqnal tapılmadı
2026-08-07 00:51:24 | pocket.main          | INFO     | 📊 Bazar skan edilir...
2026-08-07 00:51:27 | pocket.main          | INFO     | ℹ️  M1 üçün siqnal tapılmadı
2026-08-07 00:51:28 | httpx                | INFO     | HTTP Request: POST https://api.telegram.org/bot8941505352:AAHsWfhljzdi9hH-pdjzsfA86Ih1YzBEBLA/getUpdates "HTTP/1.1 200 OK"
2026-08-07 00:51:30 | pocket.main          | INFO     | ℹ️  M5 üçün siqnal tapılmadı
2026-08-07 00:51:33 | pocket.main          | INFO     | ℹ️  M15 üçün siqnal tapılmadı
2026-08-07 00:51:38 | pocket.main          | INFO     | 📊 Bazar skan edilir...
2026-08-07 00:51:38 | httpx                | INFO     | HTTP Request: POST https://api.telegram.org/bot8941505352:AAHsWfhljzdi9hH-pdjzsfA86Ih1YzBEBLA/getUpdates "HTTP/1.1 200 OK"
2026-08-07 00:51:41 | pocket.main          | INFO     | ℹ️  M1 üçün siqnal tapılmadı
2026-08-07 00:51:43 | pocket.main          | INFO     | ℹ️  M5 üçün siqnal tapılmadı
2026-08-07 00:51:47 | pocket.main          | INFO     | ℹ️  M15 üçün siqnal tapılmadı
2026-08-07 00:51:49 | httpx                | INFO     | HTTP Request: POST https://api.telegram.org/bot8941505352:AAHsWfhljzdi9hH-pdjzsfA86Ih1YzBEBLA/getUpdates "HTTP/1.1 200 OK"
2026-08-07 00:51:52 | pocket.main          | INFO     | 📊 Bazar skan edilir...
2026-08-07 00:51:55 | pocket.main          | INFO     | ℹ️  M1 üçün siqnal tapılmadı
2026-08-07 00:51:58 | pocket.main          | INFO     | ℹ️  M5 üçün siqnal tapılmadı
2026-08-07 00:51:59 | httpx                | INFO     | HTTP Request: POST https://api.telegram.org/bot8941505352:AAHsWfhljzdi9hH-pdjzsfA86Ih1YzBEBLA/getUpdates "HTTP/1.1 200 OK"
2026-08-07 00:52:01 | pocket.main          | INFO     | ℹ️  M15 üçün siqnal tapılmadı
2026-08-07 00:52:06 | pocket.main          | INFO     | 📊 Bazar skan edilir...
2026-08-07 00:52:09 | httpx                | INFO     | HTTP Request: POST https://api.telegram.org/bot8941505352:AAHsWfhljzdi9hH-pdjzsfA86Ih1YzBEBLA/getUpdates "HTTP/1.1 200 OK"
2026-08-07 00:52:10 | pocket.main          | INFO     | ℹ️  M1 üçün siqnal tapılmadı
2026-08-07 00:52:13 | pocket.main          | INFO     | ℹ️  M5 üçün siqnal tapılmadı
2026-08-07 00:52:16 | pocket.main          | INFO     | ℹ️  M15 üçün siqnal tapılmadı
2026-08-07 00:52:19 | httpx                | INFO     | HTTP Request: POST https://api.telegram.org/bot8941505352:AAHsWfhljzdi9hH-pdjzsfA86Ih1YzBEBLA/getUpdates "HTTP/1.1 200 OK"
2026-08-07 00:52:21 | pocket.main          | INFO     | 📊 Bazar skan edilir...
2026-08-07 00:52:24 | pocket.main          | INFO     | ℹ️  M1 üçün siqnal tapılmadı
2026-08-07 00:52:27 | pocket.main          | INFO     | ℹ️  M5 üçün siqnal tapılmadı
2026-08-07 00:52:29 | httpx                | INFO     | HTTP Request: POST https://api.telegram.org/bot8941505352:AAHsWfhljzdi9hH-pdjzsfA86Ih1YzBEBLA/getUpdates "HTTP/1.1 200 OK"
2026-08-07 00:52:30 | pocket.main          | INFO     | ℹ️  M15 üçün siqnal tapılmadı
2026-08-07 00:52:35 | pocket.main          | INFO     | 📊 Bazar skan edilir...
2026-08-07 00:52:37 | pocket.main          | INFO     | ℹ️  M1 üçün siqnal tapılmadı
2026-08-07 00:52:39 | httpx                | INFO     | HTTP Request: POST https://api.telegram.org/bot8941505352:AAHsWfhljzdi9hH-pdjzsfA86Ih1YzBEBLA/getUpdates "HTTP/1.1 200 OK"
2026-08-07 00:52:40 | pocket.main          | INFO     | ℹ️  M5 üçün siqnal tapılmadı
2026-08-07 00:52:43 | pocket.main          | INFO     | ℹ️  M15 üçün siqnal tapılmadı
2026-08-07 00:52:48 | pocket.main          | INFO     | 📊 Bazar skan edilir...
2026-08-07 00:52:49 | httpx                | INFO     | HTTP Request: POST https://api.telegram.org/bot8941505352:AAHsWfhljzdi9hH-pdjzsfA86Ih1YzBEBLA/getUpdates "HTTP/1.1 200 OK"
2026-08-07 00:52:51 | pocket.main          | INFO     | ℹ️  M1 üçün siqnal tapılmadı
2026-08-07 00:52:54 | pocket.main          | INFO     | ℹ️  M5 üçün siqnal tapılmadı
2026-08-07 00:52:57 | pocket.main          | INFO     | ℹ️  M15 üçün siqnal tapılmadı
2026-08-07 00:52:59 | httpx                | INFO     | HTTP Request: POST https://api.telegram.org/bot8941505352:AAHsWfhljzdi9hH-pdjzsfA86Ih1YzBEBLA/getUpdates "HTTP/1.1 200 OK"
2026-08-07 00:53:02 | pocket.main          | INFO     | 📊 Bazar skan edilir...
2026-08-07 00:53:04 | pocket.main          | INFO     | ℹ️  M1 üçün siqnal tapılmadı
2026-08-07 00:53:08 | pocket.main          | INFO     | ℹ️  M5 üçün siqnal tapılmadı
2026-08-07 00:53:09 | httpx                | INFO     | HTTP Request: POST https://api.telegram.org/bot8941505352:AAHsWfhljzdi9hH-pdjzsfA86Ih1YzBEBLA/getUpdates "HTTP/1.1 200 OK"
2026-08-07 00:53:11 | pocket.main          | INFO     | ℹ️  M15 üçün siqnal tapılmadı
2026-08-07 00:53:16 | pocket.main          | INFO     | 📊 Bazar skan edilir...
2026-08-07 00:53:19 | pocket.main          | INFO     | ℹ️  M1 üçün siqnal tapılmadı
2026-08-07 00:53:20 | httpx                | INFO     | HTTP Request: POST https://api.telegram.org/bot8941505352:AAHsWfhljzdi9hH-pdjzsfA86Ih1YzBEBLA/getUpdates "HTTP/1.1 200 OK"
2026-08-07 00:53:22 | pocket.main          | INFO     | ℹ️  M5 üçün siqnal tapılmadı
2026-08-07 00:53:25 | pocket.main          | INFO     | ℹ️  M15 üçün siqnal tapılmadı
2026-08-07 00:53:30 | httpx                | INFO     | HTTP Request: POST https://api.telegram.org/bot8941505352:AAHsWfhljzdi9hH-pdjzsfA86Ih1YzBEBLA/getUpdates "HTTP/1.1 200 OK"
2026-08-07 00:53:30 | pocket.main          | INFO     | 📊 Bazar skan edilir...
2026-08-07 00:53:33 | pocket.main          | INFO     | ℹ️  M1 üçün siqnal tapılmadı
2026-08-07 00:53:36 | pocket.main          | INFO     | ℹ️  M5 üçün siqnal tapılmadı
2026-08-07 00:53:40 | pocket.main          | INFO     | ℹ️  M15 üçün siqnal tapılmadı
2026-08-07 00:53:40 | httpx                | INFO     | HTTP Request: POST https://api.telegram.org/bot8941505352:AAHsWfhljzdi9hH-pdjzsfA86Ih1YzBEBLA/getUpdates "HTTP/1.1 200 OK"
2026-08-07 00:53:45 | pocket.main          | INFO     | 📊 Bazar skan edilir...
2026-08-07 00:53:48 | pocket.main          | INFO     | ℹ️  M1 üçün siqnal tapılmadı
2026-08-07 00:53:50 | httpx                | INFO     | HTTP Request: POST https://api.telegram.org/bot8941505352:AAHsWfhljzdi9hH-pdjzsfA86Ih1YzBEBLA/getUpdates "HTTP/1.1 200 OK"
2026-08-07 00:53:51 | pocket.main          | INFO     | ℹ️  M5 üçün siqnal tapılmadı
2026-08-07 00:53:54 | pocket.main          | INFO     | ℹ️  M15 üçün siqnal tapılmadı
2026-08-07 00:53:59 | pocket.main          | INFO     | 📊 Bazar skan edilir...
2026-08-07 00:54:00 | httpx                | INFO     | HTTP Request: POST https://api.telegram.org/bot8941505352:AAHsWfhljzdi9hH-pdjzsfA86Ih1YzBEBLA/getUpdates "HTTP/1.1 200 OK"
2026-08-07 00:54:01 | pocket.main          | INFO     | ℹ️  M1 üçün siqnal tapılmadı
2026-08-07 00:54:04 | pocket.main          | INFO     | ℹ️  M5 üçün siqnal tapılmadı
2026-08-07 00:54:07 | pocket.main          | INFO     | ℹ️  M15 üçün siqnal tapılmadı
2026-08-07 00:54:10 | httpx                | INFO     | HTTP Request: POST https://api.telegram.org/bot8941505352:AAHsWfhljzdi9hH-pdjzsfA86Ih1YzBEBLA/getUpdates "HTTP/1.1 200 OK"
2026-08-07 00:54:12 | pocket.main          | INFO     | 📊 Bazar skan edilir...
2026-08-07 00:54:14 | pocket.main          | INFO     | ℹ️  M1 üçün siqnal tapılmadı
2026-08-07 00:54:17 | pocket.main          | INFO     | ℹ️  M5 üçün siqnal tapılmadı
2026-08-07 00:54:20 | httpx                | INFO     | HTTP Request: POST https://api.telegram.org/bot8941505352:AAHsWfhljzdi9hH-pdjzsfA86Ih1YzBEBLA/getUpdates "HTTP/1.1 200 OK"
2026-08-07 00:54:20 | pocket.main          | INFO     | ℹ️  M15 üçün siqnal tapılmadı
2026-08-07 00:54:25 | pocket.main          | INFO     | 📊 Bazar skan edilir...
2026-08-07 00:54:28 | pocket.main          | INFO     | ℹ️  M1 üçün siqnal tapılmadı
2026-08-07 00:54:30 | httpx                | INFO     | HTTP Request: POST https://api.telegram.org/bot8941505352:AAHsWfhljzdi9hH-pdjzsfA86Ih1YzBEBLA/getUpdates "HTTP/1.1 200 OK"
2026-08-07 00:54:31 | pocket.main          | INFO     | ℹ️  M5 üçün siqnal tapılmadı
2026-08-07 00:54:34 | pocket.main          | INFO     | ℹ️  M15 üçün siqnal tapılmadı
2026-08-07 00:54:39 | pocket.main          | INFO     | 📊 Bazar skan edilir...
2026-08-07 00:54:41 | httpx                | INFO     | HTTP Request: POST https://api.telegram.org/bot8941505352:AAHsWfhljzdi9hH-pdjzsfA86Ih1YzBEBLA/getUpdates "HTTP/1.1 200 OK"
2026-08-07 00:54:41 | pocket.main          | INFO     | ℹ️  M1 üçün siqnal tapılmadı
2026-08-07 00:54:44 | pocket.main          | INFO     | ℹ️  M5 üçün siqnal tapılmadı
2026-08-07 00:54:47 | pocket.main          | INFO     | ℹ️  M15 üçün siqnal tapılmadı
2026-08-07 00:54:51 | httpx                | INFO     | HTTP Request: POST https://api.telegram.org/bot8941505352:AAHsWfhljzdi9hH-pdjzsfA86Ih1YzBEBLA/getUpdates "HTTP/1.1 200 OK"
2026-08-07 00:54:52 | pocket.main          | INFO     | 📊 Bazar skan edilir...
2026-08-07 00:54:55 | pocket.main          | INFO     | ℹ️  M1 üçün siqnal tapılmadı
2026-08-07 00:54:57 | pocket.main          | INFO     | ℹ️  M5 üçün siqnal tapılmadı
2026-08-07 00:55:00 | pocket.main          | INFO     | ℹ️  M15 üçün siqnal tapılmadı
2026-08-07 00:55:01 | httpx                | INFO     | HTTP Request: POST https://api.telegram.org/bot8941505352:AAHsWfhljzdi9hH-pdjzsfA86Ih1YzBEBLA/getUpdates "HTTP/1.1 200 OK"
2026-08-07 00:55:05 | pocket.main          | INFO     | 📊 Bazar skan edilir...
2026-08-07 00:55:08 | pocket.main          | INFO     | ℹ️  M1 üçün siqnal tapılmadı
2026-08-07 00:55:10 | pocket.main          | INFO     | ℹ️  M5 üçün siqnal tapılmadı
2026-08-07 00:55:11 | httpx                | INFO     | HTTP Request: POST https://api.telegram.org/bot8941505352:AAHsWfhljzdi9hH-pdjzsfA86Ih1YzBEBLA/getUpdates "HTTP/1.1 200 OK"
2026-08-07 00:55:14 | pocket.main          | INFO     | ℹ️  M15 üçün siqnal tapılmadı
2026-08-07 00:55:19 | pocket.main          | INFO     | 📊 Bazar skan edilir...
2026-08-07 00:55:21 | httpx                | INFO     | HTTP Request: POST https://api.telegram.org/bot8941505352:AAHsWfhljzdi9hH-pdjzsfA86Ih1YzBEBLA/getUpdates "HTTP/1.1 200 OK"
2026-08-07 00:55:22 | pocket.main          | INFO     | ℹ️  M1 üçün siqnal tapılmadı
2026-08-07 00:55:24 | pocket.main          | INFO     | ℹ️  M5 üçün siqnal tapılmadı
2026-08-07 00:55:28 | pocket.main          | INFO     | ℹ️  M15 üçün siqnal tapılmadı
2026-08-07 00:55:31 | httpx                | INFO     | HTTP Request: POST https://api.telegram.org/bot8941505352:AAHsWfhljzdi9hH-pdjzsfA86Ih1YzBEBLA/getUpdates "HTTP/1.1 200 OK"
2026-08-07 00:55:33 | pocket.main          | INFO     | 📊 Bazar skan edilir...
2026-08-07 00:55:35 | pocket.main          | INFO     | ℹ️  M1 üçün siqnal tapılmadı
2026-08-07 00:55:38 | pocket.main          | INFO     | ℹ️  M5 üçün siqnal tapılmadı
2026-08-07 00:55:41 | pocket.main          | INFO     | ℹ️  M15 üçün siqnal tapılmadı
2026-08-07 00:55:41 | httpx                | INFO     | HTTP Request: POST https://api.telegram.org/bot8941505352:AAHsWfhljzdi9hH-pdjzsfA86Ih1YzBEBLA/getUpdates "HTTP/1.1 200 OK"
2026-08-07 00:55:46 | pocket.main          | INFO     | 📊 Bazar skan edilir...
2026-08-07 00:55:49 | pocket.main          | INFO     | ℹ️  M1 üçün siqnal tapılmadı
2026-08-07 00:55:51 | httpx                | INFO     | HTTP Request: POST https://api.telegram.org/bot8941505352:AAHsWfhljzdi9hH-pdjzsfA86Ih1YzBEBLA/getUpdates "HTTP/1.1 200 OK"
2026-08-07 00:55:52 | pocket.main          | INFO     | ℹ️  M5 üçün siqnal tapılmadı
2026-08-07 00:55:55 | pocket.main          | INFO     | ℹ️  M15 üçün siqnal tapılmadı
2026-08-07 00:56:00 | pocket.main          | INFO     | 📊 Bazar skan edilir...
2026-08-07 00:56:01 | httpx                | INFO     | HTTP Request: POST https://api.telegram.org/bot8941505352:AAHsWfhljzdi9hH-pdjzsfA86Ih1YzBEBLA/getUpdates "HTTP/1.1 200 OK"
2026-08-07 00:56:02 | pocket.main          | INFO     | ℹ️  M1 üçün siqnal tapılmadı
2026-08-07 00:56:06 | pocket.main          | INFO     | ℹ️  M5 üçün siqnal tapılmadı
2026-08-07 00:56:09 | pocket.main          | INFO     | ℹ️  M15 üçün siqnal tapılmadı
2026-08-07 00:56:12 | httpx                | INFO     | HTTP Request: POST https://api.telegram.org/bot8941505352:AAHsWfhljzdi9hH-pdjzsfA86Ih1YzBEBLA/getUpdates "HTTP/1.1 200 OK"
2026-08-07 00:56:14 | pocket.main          | INFO     | 📊 Bazar skan edilir...
2026-08-07 00:56:17 | pocket.main          | INFO     | ℹ️  M1 üçün siqnal tapılmadı
2026-08-07 00:56:20 | pocket.main          | INFO     | ℹ️  M5 üçün siqnal tapılmadı
2026-08-07 00:56:22 | httpx                | INFO     | HTTP Request: POST https://api.telegram.org/bot8941505352:AAHsWfhljzdi9hH-pdjzsfA86Ih1YzBEBLA/getUpdates "HTTP/1.1 200 OK"
2026-08-07 00:56:23 | pocket.main          | INFO     | ℹ️  M15 üçün siqnal tapılmadı
2026-08-07 00:56:28 | pocket.main          | INFO     | 📊 Bazar skan edilir...
2026-08-07 00:56:31 | pocket.main          | INFO     | ℹ️  M1 üçün siqnal tapılmadı
2026-08-07 00:56:32 | httpx                | INFO     | HTTP Request: POST https://api.telegram.org/bot8941505352:AAHsWfhljzdi9hH-pdjzsfA86Ih1YzBEBLA/getUpdates "HTTP/1.1 200 OK"
2026-08-07 00:56:33 | pocket.main          | INFO     | ℹ️  M5 üçün siqnal tapılmadı
2026-08-07 00:56:36 | pocket.main          | INFO     | ℹ️  M15 üçün siqnal tapılmadı
2026-08-07 00:56:41 | pocket.main          | INFO     | 📊 Bazar skan edilir...
2026-08-07 00:56:42 | httpx                | INFO     | HTTP Request: POST https://api.telegram.org/bot8941505352:AAHsWfhljzdi9hH-pdjzsfA86Ih1YzBEBLA/getUpdates "HTTP/1.1 200 OK"
2026-08-07 00:56:44 | pocket.main          | INFO     | ℹ️  M1 üçün siqnal tapılmadı
2026-08-07 00:56:47 | pocket.main          | INFO     | ℹ️  M5 üçün siqnal tapılmadı
2026-08-07 00:56:50 | pocket.main          | INFO     | ℹ️  M15 üçün siqnal tapılmadı
2026-08-07 00:56:52 | httpx                | INFO     | HTTP Request: POST https://api.telegram.org/bot8941505352:AAHsWfhljzdi9hH-pdjzsfA86Ih1YzBEBLA/getUpdates "HTTP/1.1 200 OK"
2026-08-07 00:56:55 | pocket.main          | INFO     | 📊 Bazar skan edilir...
2026-08-07 00:56:58 | pocket.main          | INFO     | ℹ️  M1 üçün siqnal tapılmadı
2026-08-07 00:57:01 | pocket.main          | INFO     | ℹ️  M5 üçün siqnal tapılmadı
2026-08-07 00:57:02 | httpx                | INFO     | HTTP Request: POST https://api.telegram.org/bot8941505352:AAHsWfhljzdi9hH-pdjzsfA86Ih1YzBEBLA/getUpdates "HTTP/1.1 200 OK"
2026-08-07 00:57:04 | pocket.main          | INFO     | ℹ️  M15 üçün siqnal tapılmadı
2026-08-07 00:57:09 | pocket.main          | INFO     | 📊 Bazar skan edilir...
2026-08-07 00:57:12 | httpx                | INFO     | HTTP Request: POST https://api.telegram.org/bot8941505352:AAHsWfhljzdi9hH-pdjzsfA86Ih1YzBEBLA/getUpdates "HTTP/1.1 200 OK"
2026-08-07 00:57:12 | pocket.main          | INFO     | ℹ️  M1 üçün siqnal tapılmadı
2026-08-07 00:57:14 | pocket.main          | INFO     | ℹ️  M5 üçün siqnal tapılmadı
2026-08-07 00:57:17 | pocket.main          | INFO     | ℹ️  M15 üçün siqnal tapılmadı
2026-08-07 00:57:22 | pocket.main          | INFO     | 📊 Bazar skan edilir...
2026-08-07 00:57:22 | httpx                | INFO     | HTTP Request: POST https://api.telegram.org/bot8941505352:AAHsWfhljzdi9hH-pdjzsfA86Ih1YzBEBLA/getUpdates "HTTP/1.1 200 OK"
2026-08-07 00:57:25 | pocket.main          | INFO     | ℹ️  M1 üçün siqnal tapılmadı
2026-08-07 00:57:28 | pocket.main          | INFO     | ℹ️  M5 üçün siqnal tapılmadı
2026-08-07 00:57:31 | pocket.main          | INFO     | ℹ️  M15 üçün siqnal tapılmadı
2026-08-07 00:57:32 | httpx                | INFO     | HTTP Request: POST https://api.telegram.org/bot8941505352:AAHsWfhljzdi9hH-pdjzsfA86Ih1YzBEBLA/getUpdates "HTTP/1.1 200 OK"
2026-08-07 00:57:36 | pocket.main          | INFO     | 📊 Bazar skan edilir...
2026-08-07 00:57:39 | pocket.main          | INFO     | ℹ️  M1 üçün siqnal tapılmadı
2026-08-07 00:57:42 | pocket.main          | INFO     | ℹ️  M5 üçün siqnal tapılmadı
2026-08-07 00:57:43 | httpx                | INFO     | HTTP Request: POST https://api.telegram.org/bot8941505352:AAHsWfhljzdi9hH-pdjzsfA86Ih1YzBEBLA/getUpdates "HTTP/1.1 200 OK"
2026-08-07 00:57:45 | pocket.main          | INFO     | ℹ️  M15 üçün siqnal tapılmadı
2026-08-07 00:57:50 | pocket.main          | INFO     | 📊 Bazar skan edilir...
2026-08-07 00:57:53 | pocket.main          | INFO     | ℹ️  M1 üçün siqnal tapılmadı
2026-08-07 00:57:53 | httpx                | INFO     | HTTP Request: POST https://api.telegram.org/bot8941505352:AAHsWfhljzdi9hH-pdjzsfA86Ih1YzBEBLA/getUpdates "HTTP/1.1 200 OK"
2026-08-07 00:57:55 | pocket.main          | INFO     | ℹ️  M5 üçün siqnal tapılmadı
2026-08-07 00:57:58 | pocket.main          | INFO     | ℹ️  M15 üçün siqnal tapılmadı
2026-08-07 00:58:03 | httpx                | INFO     | HTTP Request: POST https://api.telegram.org/bot8941505352:AAHsWfhljzdi9hH-pdjzsfA86Ih1YzBEBLA/getUpdates "HTTP/1.1 200 OK"
2026-08-07 00:58:03 | pocket.main          | INFO     | 📊 Bazar skan edilir...
2026-08-07 00:58:06 | pocket.main          | INFO     | ℹ️  M1 üçün siqnal tapılmadı
2026-08-07 00:58:10 | pocket.main          | INFO     | ℹ️  M5 üçün siqnal tapılmadı
2026-08-07 00:58:13 | httpx                | INFO     | HTTP Request: POST https://api.telegram.org/bot8941505352:AAHsWfhljzdi9hH-pdjzsfA86Ih1YzBEBLA/getUpdates "HTTP/1.1 200 OK"
2026-08-07 00:58:14 | pocket.main          | INFO     | ℹ️  M15 üçün siqnal tapılmadı
2026-08-07 00:58:19 | pocket.main          | INFO     | 📊 Bazar skan edilir...
2026-08-07 00:58:21 | pocket.main          | INFO     | ℹ️  M1 üçün siqnal tapılmadı
2026-08-07 00:58:23 | httpx                | INFO     | HTTP Request: POST https://api.telegram.org/bot8941505352:AAHsWfhljzdi9hH-pdjzsfA86Ih1YzBEBLA/getUpdates "HTTP/1.1 200 OK"
2026-08-07 00:58:24 | pocket.main          | INFO     | ℹ️  M5 üçün siqnal tapılmadı
2026-08-07 00:58:28 | pocket.main          | INFO     | ℹ️  M15 üçün siqnal tapılmadı
2026-08-07 00:58:33 | pocket.main          | INFO     | 📊 Bazar skan edilir...
2026-08-07 00:58:33 | httpx                | INFO     | HTTP Request: POST https://api.telegram.org/bot8941505352:AAHsWfhljzdi9hH-pdjzsfA86Ih1YzBEBLA/getUpdates "HTTP/1.1 200 OK"
2026-08-07 00:58:35 | pocket.main          | INFO     | ℹ️  M1 üçün siqnal tapılmadı
2026-08-07 00:58:38 | pocket.main          | INFO     | ℹ️  M5 üçün siqnal tapılmadı
2026-08-07 00:58:41 | pocket.main          | INFO     | ℹ️  M15 üçün siqnal tapılmadı
2026-08-07 00:58:43 | httpx                | INFO     | HTTP Request: POST https://api.telegram.org/bot8941505352:AAHsWfhljzdi9hH-pdjzsfA86Ih1YzBEBLA/getUpdates "HTTP/1.1 200 OK"
2026-08-07 00:58:46 | pocket.main          | INFO     | 📊 Bazar skan edilir...
2026-08-07 00:58:49 | pocket.main          | INFO     | ℹ️  M1 üçün siqnal tapılmadı
2026-08-07 00:58:53 | pocket.main          | INFO     | ℹ️  M5 üçün siqnal tapılmadı
2026-08-07 00:58:53 | httpx                | INFO     | HTTP Request: POST https://api.telegram.org/bot8941505352:AAHsWfhljzdi9hH-pdjzsfA86Ih1YzBEBLA/getUpdates "HTTP/1.1 200 OK"
2026-08-07 00:58:56 | pocket.main          | INFO     | ℹ️  M15 üçün siqnal tapılmadı
2026-08-07 00:59:01 | pocket.main          | INFO     | 📊 Bazar skan edilir...
2026-08-07 00:59:03 | httpx                | INFO     | HTTP Request: POST https://api.telegram.org/bot8941505352:AAHsWfhljzdi9hH-pdjzsfA86Ih1YzBEBLA/getUpdates "HTTP/1.1 200 OK"
2026-08-07 00:59:04 | pocket.main          | INFO     | ✅ M1 üçün 3 siqnal tapıldı (Ən yüksək: USD/JPY OTC - 66.67%)
2026-08-07 00:59:04 | pocket.main          | INFO     | ⚡ Martingale Ticarəti İşə Düşür: USD/JPY OTC BUY (66.67%)
2026-08-07 00:59:04 | core.po_trader       | INFO     | 🚀 Ticarət ardıcıllığı başlayır: USD/JPY OTC | BUY | TF: 60s
2026-08-07 00:59:04 | core.po_trader       | INFO     | 🎯 Addım 1/4: USD/JPY OTC - CALL $1.0
2026-08-07 00:59:04 | httpx                | INFO     | HTTP Request: POST https://api.telegram.org/bot8941505352:AAHsWfhljzdi9hH-pdjzsfA86Ih1YzBEBLA/sendMessage "HTTP/1.1 200 OK"
2026-08-07 00:59:04 | core.po_trader       | ERROR    | PO Real Trade Xətası: Not connected to PocketOption
2026-08-07 00:59:04 | core.po_trader       | WARNING  | ❌ Trade UĞURSUZ oldu (Addım 1).
2026-08-07 00:59:04 | core.po_trader       | INFO     | 🔄 Martingale növbəti addıma keçir: Addım 2 ($2.5)
2026-08-07 00:59:04 | core.po_trader       | WARNING  | ❌ <b>Ticarət Uğursuz Oldu</b> (Addım 1/4)
💱 USD/JPY OTC - Məbləğ: $1.0
2026-08-07 00:59:05 | httpx                | INFO     | HTTP Request: POST https://api.telegram.org/bot8941505352:AAHsWfhljzdi9hH-pdjzsfA86Ih1YzBEBLA/sendMessage "HTTP/1.1 200 OK"
2026-08-07 00:59:08 | core.po_trader       | INFO     | 🎯 Addım 2/4: USD/JPY OTC - CALL $2.5
2026-08-07 00:59:08 | httpx                | INFO     | HTTP Request: POST https://api.telegram.org/bot8941505352:AAHsWfhljzdi9hH-pdjzsfA86Ih1YzBEBLA/sendMessage "HTTP/1.1 200 OK"
2026-08-07 00:59:08 | core.po_trader       | INFO     | ✅ PO Əmri Açıldı: ID=14606a7d-abb3-4df7-a8ca-8735b975ec30, $2.5, 60s. İlkin Balans=$68094.73
2026-08-07 00:59:13 | httpx                | INFO     | HTTP Request: POST https://api.telegram.org/bot8941505352:AAHsWfhljzdi9hH-pdjzsfA86Ih1YzBEBLA/getUpdates "HTTP/1.1 200 OK"
2026-08-07 00:59:24 | httpx                | INFO     | HTTP Request: POST https://api.telegram.org/bot8941505352:AAHsWfhljzdi9hH-pdjzsfA86Ih1YzBEBLA/getUpdates "HTTP/1.1 200 OK"
2026-08-07 00:59:34 | httpx                | INFO     | HTTP Request: POST https://api.telegram.org/bot8941505352:AAHsWfhljzdi9hH-pdjzsfA86Ih1YzBEBLA/getUpdates "HTTP/1.1 200 OK"
2026-08-07 00:59:44 | httpx                | INFO     | HTTP Request: POST https://api.telegram.org/bot8941505352:AAHsWfhljzdi9hH-pdjzsfA86Ih1YzBEBLA/getUpdates "HTTP/1.1 200 OK"
2026-08-07 00:59:54 | httpx                | INFO     | HTTP Request: POST https://api.telegram.org/bot8941505352:AAHsWfhljzdi9hH-pdjzsfA86Ih1YzBEBLA/getUpdates "HTTP/1.1 200 OK"
2026-08-07 01:00:04 | httpx                | INFO     | HTTP Request: POST https://api.telegram.org/bot8941505352:AAHsWfhljzdi9hH-pdjzsfA86Ih1YzBEBLA/getUpdates "HTTP/1.1 200 OK"
2026-08-07 01:00:12 | core.po_trader       | INFO     | 📊 PO Server Balans Analizi: Əvvəl=$68094.73 -> Sonra=$68096.21 (Fərq=$1.48)
2026-08-07 01:00:12 | core.po_trader       | INFO     | 🎉 PO REAL QAZANC VERDİ! Profit: +$1.48
2026-08-07 01:00:12 | core.po_trader       | INFO     | ✅ Trade UĞURLU oldu (Addım 2). Martingale sıfırlanır.
2026-08-07 01:00:12 | core.po_trader       | INFO     | ✅ <b>TİCARƏT QAZANDI!</b> 🎉 (Hədəf: 2/5)
💱 USD/JPY OTC (Addım 2)
💵 Qazanc: +$1.48
2026-08-07 01:00:14 | httpx                | INFO     | HTTP Request: POST https://api.telegram.org/bot8941505352:AAHsWfhljzdi9hH-pdjzsfA86Ih1YzBEBLA/getUpdates "HTTP/1.1 200 OK"
2026-08-07 01:00:17 | httpx                | INFO     | HTTP Request: POST https://api.telegram.org/bot8941505352:AAHsWfhljzdi9hH-pdjzsfA86Ih1YzBEBLA/sendMessage "HTTP/1.1 200 OK"
2026-08-07 01:00:21 | pocket.main          | INFO     | ℹ️  M5 üçün siqnal tapılmadı
2026-08-07 01:00:24 | pocket.main          | INFO     | ℹ️  M15 üçün siqnal tapılmadı
2026-08-07 01:00:24 | httpx                | INFO     | HTTP Request: POST https://api.telegram.org/bot8941505352:AAHsWfhljzdi9hH-pdjzsfA86Ih1YzBEBLA/getUpdates "HTTP/1.1 200 OK"
2026-08-07 01:00:29 | pocket.main          | INFO     | 📊 Bazar skan edilir...
2026-08-07 01:00:32 | pocket.main          | INFO     | ℹ️  M1 üçün siqnal tapılmadı
2026-08-07 01:00:34 | httpx                | INFO     | HTTP Request: POST https://api.telegram.org/bot8941505352:AAHsWfhljzdi9hH-pdjzsfA86Ih1YzBEBLA/getUpdates "HTTP/1.1 200 OK"
2026-08-07 01:00:35 | pocket.main          | INFO     | ℹ️  M5 üçün siqnal tapılmadı
2026-08-07 01:00:38 | pocket.main          | INFO     | ℹ️  M15 üçün siqnal tapılmadı
2026-08-07 01:00:43 | pocket.main          | INFO     | 📊 Bazar skan edilir...
2026-08-07 01:00:44 | httpx                | INFO     | HTTP Request: POST https://api.telegram.org/bot8941505352:AAHsWfhljzdi9hH-pdjzsfA86Ih1YzBEBLA/getUpdates "HTTP/1.1 200 OK"
2026-08-07 01:00:46 | pocket.main          | INFO     | ℹ️  M1 üçün siqnal tapılmadı
2026-08-07 01:00:49 | pocket.main          | INFO     | ℹ️  M5 üçün siqnal tapılmadı
2026-08-07 01:00:53 | pocket.main          | INFO     | ℹ️  M15 üçün siqnal tapılmadı
2026-08-07 01:00:54 | httpx                | INFO     | HTTP Request: POST https://api.telegram.org/bot8941505352:AAHsWfhljzdi9hH-pdjzsfA86Ih1YzBEBLA/getUpdates "HTTP/1.1 200 OK"
2026-08-07 01:00:58 | pocket.main          | INFO     | 📊 Bazar skan edilir...
2026-08-07 01:01:01 | pocket.main          | INFO     | ℹ️  M1 üçün siqnal tapılmadı
2026-08-07 01:01:03 | pocket.main          | INFO     | ℹ️  M5 üçün siqnal tapılmadı
2026-08-07 01:01:05 | httpx                | INFO     | HTTP Request: POST https://api.telegram.org/bot8941505352:AAHsWfhljzdi9hH-pdjzsfA86Ih1YzBEBLA/getUpdates "HTTP/1.1 200 OK"
2026-08-07 01:01:07 | pocket.main          | INFO     | ℹ️  M15 üçün siqnal tapılmadı
2026-08-07 01:01:12 | pocket.main          | INFO     | 📊 Bazar skan edilir...
2026-08-07 01:01:14 | pocket.main          | INFO     | ℹ️  M1 üçün siqnal tapılmadı
2026-08-07 01:01:15 | httpx                | INFO     | HTTP Request: POST https://api.telegram.org/bot8941505352:AAHsWfhljzdi9hH-pdjzsfA86Ih1YzBEBLA/getUpdates "HTTP/1.1 200 OK"
2026-08-07 01:01:18 | pocket.main          | INFO     | ℹ️  M5 üçün siqnal tapılmadı
2026-08-07 01:01:21 | pocket.main          | INFO     | ℹ️  M15 üçün siqnal tapılmadı
2026-08-07 01:01:25 | httpx                | INFO     | HTTP Request: POST https://api.telegram.org/bot8941505352:AAHsWfhljzdi9hH-pdjzsfA86Ih1YzBEBLA/getUpdates "HTTP/1.1 200 OK"
2026-08-07 01:01:26 | pocket.main          | INFO     | 📊 Bazar skan edilir...
2026-08-07 01:01:29 | pocket.main          | INFO     | ℹ️  M1 üçün siqnal tapılmadı
2026-08-07 01:01:32 | pocket.main          | INFO     | ℹ️  M5 üçün siqnal tapılmadı
2026-08-07 01:01:35 | httpx                | INFO     | HTTP Request: POST https://api.telegram.org/bot8941505352:AAHsWfhljzdi9hH-pdjzsfA86Ih1YzBEBLA/getUpdates "HTTP/1.1 200 OK"
2026-08-07 01:01:35 | pocket.main          | INFO     | ℹ️  M15 üçün siqnal tapılmadı
2026-08-07 01:01:40 | pocket.main          | INFO     | 📊 Bazar skan edilir...
2026-08-07 01:01:43 | pocket.main          | INFO     | ℹ️  M1 üçün siqnal tapılmadı
2026-08-07 01:01:45 | httpx                | INFO     | HTTP Request: POST https://api.telegram.org/bot8941505352:AAHsWfhljzdi9hH-pdjzsfA86Ih1YzBEBLA/getUpdates "HTTP/1.1 200 OK"
2026-08-07 01:01:47 | pocket.main          | INFO     | ℹ️  M5 üçün siqnal tapılmadı
2026-08-07 01:01:50 | pocket.main          | INFO     | ℹ️  M15 üçün siqnal tapılmadı
2026-08-07 01:01:55 | pocket.main          | INFO     | 📊 Bazar skan edilir...
2026-08-07 01:01:55 | httpx                | INFO     | HTTP Request: POST https://api.telegram.org/bot8941505352:AAHsWfhljzdi9hH-pdjzsfA86Ih1YzBEBLA/getUpdates "HTTP/1.1 200 OK"
2026-08-07 01:01:58 | pocket.main          | INFO     | ℹ️  M1 üçün siqnal tapılmadı
2026-08-07 01:02:01 | pocket.main          | INFO     | ℹ️  M5 üçün siqnal tapılmadı
2026-08-07 01:02:04 | pocket.main          | INFO     | ℹ️  M15 üçün siqnal tapılmadı
2026-08-07 01:02:05 | httpx                | INFO     | HTTP Request: POST https://api.telegram.org/bot8941505352:AAHsWfhljzdi9hH-pdjzsfA86Ih1YzBEBLA/getUpdates "HTTP/1.1 200 OK"
2026-08-07 01:02:09 | pocket.main          | INFO     | 📊 Bazar skan edilir...
2026-08-07 01:02:13 | pocket.main          | INFO     | ℹ️  M1 üçün siqnal tapılmadı
2026-08-07 01:02:15 | pocket.main          | INFO     | ℹ️  M5 üçün siqnal tapılmadı
2026-08-07 01:02:15 | httpx                | INFO     | HTTP Request: POST https://api.telegram.org/bot8941505352:AAHsWfhljzdi9hH-pdjzsfA86Ih1YzBEBLA/getUpdates "HTTP/1.1 200 OK"
2026-08-07 01:02:18 | pocket.main          | INFO     | ℹ️  M15 üçün siqnal tapılmadı
2026-08-07 01:02:23 | pocket.main          | INFO     | 📊 Bazar skan edilir...
2026-08-07 01:02:26 | httpx                | INFO     | HTTP Request: POST https://api.telegram.org/bot8941505352:AAHsWfhljzdi9hH-pdjzsfA86Ih1YzBEBLA/getUpdates "HTTP/1.1 200 OK"
2026-08-07 01:02:27 | pocket.main          | INFO     | ℹ️  M1 üçün siqnal tapılmadı
2026-08-07 01:02:31 | pocket.main          | INFO     | ℹ️  M5 üçün siqnal tapılmadı
2026-08-07 01:02:35 | pocket.main          | INFO     | ℹ️  M15 üçün siqnal tapılmadı
2026-08-07 01:02:36 | httpx                | INFO     | HTTP Request: POST https://api.telegram.org/bot8941505352:AAHsWfhljzdi9hH-pdjzsfA86Ih1YzBEBLA/getUpdates "HTTP/1.1 200 OK"
2026-08-07 01:02:40 | pocket.main          | INFO     | 📊 Bazar skan edilir...
2026-08-07 01:02:43 | pocket.main          | INFO     | ℹ️  M1 üçün siqnal tapılmadı
2026-08-07 01:02:46 | httpx                | INFO     | HTTP Request: POST https://api.telegram.org/bot8941505352:AAHsWfhljzdi9hH-pdjzsfA86Ih1YzBEBLA/getUpdates "HTTP/1.1 200 OK"
2026-08-07 01:02:46 | pocket.main          | INFO     | ℹ️  M5 üçün siqnal tapılmadı
2026-08-07 01:02:50 | pocket.main          | INFO     | ℹ️  M15 üçün siqnal tapılmadı
2026-08-07 01:02:55 | pocket.main          | INFO     | 📊 Bazar skan edilir...
2026-08-07 01:02:56 | httpx                | INFO     | HTTP Request: POST https://api.telegram.org/bot8941505352:AAHsWfhljzdi9hH-pdjzsfA86Ih1YzBEBLA/getUpdates "HTTP/1.1 200 OK"
2026-08-07 01:02:58 | pocket.main          | INFO     | ℹ️  M1 üçün siqnal tapılmadı
2026-08-07 01:03:01 | pocket.main          | INFO     | ℹ️  M5 üçün siqnal tapılmadı
2026-08-07 01:03:04 | pocket.main          | INFO     | ℹ️  M15 üçün siqnal tapılmadı
2026-08-07 01:03:06 | httpx                | INFO     | HTTP Request: POST https://api.telegram.org/bot8941505352:AAHsWfhljzdi9hH-pdjzsfA86Ih1YzBEBLA/getUpdates "HTTP/1.1 200 OK"
2026-08-07 01:03:09 | pocket.main          | INFO     | 📊 Bazar skan edilir...
2026-08-07 01:03:13 | pocket.main          | INFO     | ℹ️  M1 üçün siqnal tapılmadı
2026-08-07 01:03:16 | pocket.main          | INFO     | ℹ️  M5 üçün siqnal tapılmadı
2026-08-07 01:03:16 | httpx                | INFO     | HTTP Request: POST https://api.telegram.org/bot8941505352:AAHsWfhljzdi9hH-pdjzsfA86Ih1YzBEBLA/getUpdates "HTTP/1.1 200 OK"
2026-08-07 01:03:19 | pocket.main          | INFO     | ℹ️  M15 üçün siqnal tapılmadı
2026-08-07 01:03:24 | pocket.main          | INFO     | 📊 Bazar skan edilir...
2026-08-07 01:03:26 | httpx                | INFO     | HTTP Request: POST https://api.telegram.org/bot8941505352:AAHsWfhljzdi9hH-pdjzsfA86Ih1YzBEBLA/getUpdates "HTTP/1.1 200 OK"
2026-08-07 01:03:27 | pocket.main          | INFO     | ℹ️  M1 üçün siqnal tapılmadı
2026-08-07 01:03:30 | pocket.main          | INFO     | ℹ️  M5 üçün siqnal tapılmadı
2026-08-07 01:03:33 | pocket.main          | INFO     | ℹ️  M15 üçün siqnal tapılmadı
2026-08-07 01:03:36 | httpx                | INFO     | HTTP Request: POST https://api.telegram.org/bot8941505352:AAHsWfhljzdi9hH-pdjzsfA86Ih1YzBEBLA/getUpdates "HTTP/1.1 200 OK"
2026-08-07 01:03:38 | pocket.main          | INFO     | 📊 Bazar skan edilir...
2026-08-07 01:03:41 | pocket.main          | INFO     | ℹ️  M1 üçün siqnal tapılmadı
2026-08-07 01:03:44 | pocket.main          | INFO     | ℹ️  M5 üçün siqnal tapılmadı
2026-08-07 01:03:46 | httpx                | INFO     | HTTP Request: POST https://api.telegram.org/bot8941505352:AAHsWfhljzdi9hH-pdjzsfA86Ih1YzBEBLA/getUpdates "HTTP/1.1 200 OK"
2026-08-07 01:03:47 | pocket.main          | INFO     | ℹ️  M15 üçün siqnal tapılmadı
2026-08-07 01:03:52 | pocket.main          | INFO     | 📊 Bazar skan edilir...
2026-08-07 01:03:55 | pocket.main          | INFO     | ℹ️  M1 üçün siqnal tapılmadı
2026-08-07 01:03:57 | httpx                | INFO     | HTTP Request: POST https://api.telegram.org/bot8941505352:AAHsWfhljzdi9hH-pdjzsfA86Ih1YzBEBLA/getUpdates "HTTP/1.1 200 OK"
2026-08-07 01:03:58 | pocket.main          | INFO     | ℹ️  M5 üçün siqnal tapılmadı
2026-08-07 01:04:02 | pocket.main          | INFO     | ℹ️  M15 üçün siqnal tapılmadı
2026-08-07 01:04:07 | httpx                | INFO     | HTTP Request: POST https://api.telegram.org/bot8941505352:AAHsWfhljzdi9hH-pdjzsfA86Ih1YzBEBLA/getUpdates "HTTP/1.1 200 OK"
2026-08-07 01:04:07 | pocket.main          | INFO     | 📊 Bazar skan edilir...
2026-08-07 01:04:10 | pocket.main          | INFO     | ℹ️  M1 üçün siqnal tapılmadı
2026-08-07 01:04:13 | pocket.main          | INFO     | ℹ️  M5 üçün siqnal tapılmadı
2026-08-07 01:04:17 | httpx                | INFO     | HTTP Request: POST https://api.telegram.org/bot8941505352:AAHsWfhljzdi9hH-pdjzsfA86Ih1YzBEBLA/getUpdates "HTTP/1.1 200 OK"
2026-08-07 01:04:18 | pocket.main          | INFO     | ℹ️  M15 üçün siqnal tapılmadı
2026-08-07 01:04:23 | pocket.main          | INFO     | 📊 Bazar skan edilir...
2026-08-07 01:04:27 | httpx                | INFO     | HTTP Request: POST https://api.telegram.org/bot8941505352:AAHsWfhljzdi9hH-pdjzsfA86Ih1YzBEBLA/getUpdates "HTTP/1.1 200 OK"
2026-08-07 01:04:28 | pocket.main          | INFO     | ℹ️  M1 üçün siqnal tapılmadı
2026-08-07 01:04:35 | pocket.main          | INFO     | ℹ️  M5 üçün siqnal tapılmadı
2026-08-07 01:04:37 | httpx                | INFO     | HTTP Request: POST https://api.telegram.org/bot8941505352:AAHsWfhljzdi9hH-pdjzsfA86Ih1YzBEBLA/getUpdates "HTTP/1.1 200 OK"
2026-08-07 01:04:39 | pocket.main          | INFO     | ℹ️  M15 üçün siqnal tapılmadı
2026-08-07 01:04:44 | pocket.main          | INFO     | 📊 Bazar skan edilir...
2026-08-07 01:04:47 | pocket.main          | INFO     | ℹ️  M1 üçün siqnal tapılmadı
2026-08-07 01:04:47 | httpx                | INFO     | HTTP Request: POST https://api.telegram.org/bot8941505352:AAHsWfhljzdi9hH-pdjzsfA86Ih1YzBEBLA/getUpdates "HTTP/1.1 200 OK"
2026-08-07 01:04:50 | pocket.main          | INFO     | ℹ️  M5 üçün siqnal tapılmadı
2026-08-07 01:04:54 | pocket.main          | INFO     | ℹ️  M15 üçün siqnal tapılmadı
2026-08-07 01:04:57 | httpx                | INFO     | HTTP Request: POST https://api.telegram.org/bot8941505352:AAHsWfhljzdi9hH-pdjzsfA86Ih1YzBEBLA/getUpdates "HTTP/1.1 200 OK"
2026-08-07 01:04:59 | pocket.main          | INFO     | 📊 Bazar skan edilir...
2026-08-07 01:05:02 | pocket.main          | INFO     | ℹ️  M1 üçün siqnal tapılmadı
2026-08-07 01:05:05 | pocket.main          | INFO     | ℹ️  M5 üçün siqnal tapılmadı
2026-08-07 01:05:07 | httpx                | INFO     | HTTP Request: POST https://api.telegram.org/bot8941505352:AAHsWfhljzdi9hH-pdjzsfA86Ih1YzBEBLA/getUpdates "HTTP/1.1 200 OK"
2026-08-07 01:05:08 | pocket.main          | INFO     | ℹ️  M15 üçün siqnal tapılmadı
2026-08-07 01:05:13 | pocket.main          | INFO     | 📊 Bazar skan edilir...
2026-08-07 01:05:16 | pocket.main          | INFO     | ℹ️  M1 üçün siqnal tapılmadı
2026-08-07 01:05:17 | httpx                | INFO     | HTTP Request: POST https://api.telegram.org/bot8941505352:AAHsWfhljzdi9hH-pdjzsfA86Ih1YzBEBLA/getUpdates "HTTP/1.1 200 OK"
2026-08-07 01:05:19 | pocket.main          | INFO     | ℹ️  M5 üçün siqnal tapılmadı
2026-08-07 01:05:22 | pocket.main          | INFO     | ℹ️  M15 üçün siqnal tapılmadı
2026-08-07 01:05:27 | pocket.main          | INFO     | 📊 Bazar skan edilir...
2026-08-07 01:05:28 | httpx                | INFO     | HTTP Request: POST https://api.telegram.org/bot8941505352:AAHsWfhljzdi9hH-pdjzsfA86Ih1YzBEBLA/getUpdates "HTTP/1.1 200 OK"
2026-08-07 01:05:30 | pocket.main          | INFO     | ℹ️  M1 üçün siqnal tapılmadı
2026-08-07 01:05:33 | pocket.main          | INFO     | ℹ️  M5 üçün siqnal tapılmadı
2026-08-07 01:05:36 | pocket.main          | INFO     | ℹ️  M15 üçün siqnal tapılmadı
2026-08-07 01:05:38 | httpx                | INFO     | HTTP Request: POST https://api.telegram.org/bot8941505352:AAHsWfhljzdi9hH-pdjzsfA86Ih1YzBEBLA/getUpdates "HTTP/1.1 200 OK"
2026-08-07 01:05:41 | pocket.main          | INFO     | 📊 Bazar skan edilir...
2026-08-07 01:05:45 | pocket.main          | INFO     | ℹ️  M1 üçün siqnal tapılmadı
2026-08-07 01:05:48 | pocket.main          | INFO     | ℹ️  M5 üçün siqnal tapılmadı
2026-08-07 01:05:48 | httpx                | INFO     | HTTP Request: POST https://api.telegram.org/bot8941505352:AAHsWfhljzdi9hH-pdjzsfA86Ih1YzBEBLA/getUpdates "HTTP/1.1 200 OK"
2026-08-07 01:05:51 | pocket.main          | INFO     | ℹ️  M15 üçün siqnal tapılmadı
2026-08-07 01:05:56 | pocket.main          | INFO     | 📊 Bazar skan edilir...
2026-08-07 01:05:58 | httpx                | INFO     | HTTP Request: POST https://api.telegram.org/bot8941505352:AAHsWfhljzdi9hH-pdjzsfA86Ih1YzBEBLA/getUpdates "HTTP/1.1 200 OK"
2026-08-07 01:05:58 | pocket.main          | INFO     | ℹ️  M1 üçün siqnal tapılmadı
2026-08-07 01:06:01 | pocket.main          | INFO     | ℹ️  M5 üçün siqnal tapılmadı
2026-08-07 01:06:04 | pocket.main          | INFO     | ℹ️  M15 üçün siqnal tapılmadı
2026-08-07 01:06:08 | httpx                | INFO     | HTTP Request: POST https://api.telegram.org/bot8941505352:AAHsWfhljzdi9hH-pdjzsfA86Ih1YzBEBLA/getUpdates "HTTP/1.1 200 OK"
2026-08-07 01:06:09 | pocket.main          | INFO     | 📊 Bazar skan edilir...
2026-08-07 01:06:13 | pocket.main          | INFO     | ℹ️  M1 üçün siqnal tapılmadı
2026-08-07 01:06:16 | pocket.main          | INFO     | ℹ️  M5 üçün siqnal tapılmadı
2026-08-07 01:06:18 | httpx                | INFO     | HTTP Request: POST https://api.telegram.org/bot8941505352:AAHsWfhljzdi9hH-pdjzsfA86Ih1YzBEBLA/getUpdates "HTTP/1.1 200 OK"
2026-08-07 01:06:19 | pocket.main          | INFO     | ℹ️  M15 üçün siqnal tapılmadı
2026-08-07 01:06:24 | pocket.main          | INFO     | 📊 Bazar skan edilir...
2026-08-07 01:06:27 | pocket.main          | INFO     | ℹ️  M1 üçün siqnal tapılmadı
2026-08-07 01:06:28 | httpx                | INFO     | HTTP Request: POST https://api.telegram.org/bot8941505352:AAHsWfhljzdi9hH-pdjzsfA86Ih1YzBEBLA/getUpdates "HTTP/1.1 200 OK"
2026-08-07 01:06:29 | pocket.main          | INFO     | ℹ️  M5 üçün siqnal tapılmadı
2026-08-07 01:06:33 | pocket.main          | INFO     | ℹ️  M15 üçün siqnal tapılmadı
2026-08-07 01:06:38 | pocket.main          | INFO     | 📊 Bazar skan edilir...
2026-08-07 01:06:38 | httpx                | INFO     | HTTP Request: POST https://api.telegram.org/bot8941505352:AAHsWfhljzdi9hH-pdjzsfA86Ih1YzBEBLA/getUpdates "HTTP/1.1 200 OK"
2026-08-07 01:06:40 | pocket.main          | INFO     | ℹ️  M1 üçün siqnal tapılmadı
2026-08-07 01:06:43 | pocket.main          | INFO     | ℹ️  M5 üçün siqnal tapılmadı
2026-08-07 01:06:46 | pocket.main          | INFO     | ℹ️  M15 üçün siqnal tapılmadı
2026-08-07 01:06:48 | httpx                | INFO     | HTTP Request: POST https://api.telegram.org/bot8941505352:AAHsWfhljzdi9hH-pdjzsfA86Ih1YzBEBLA/getUpdates "HTTP/1.1 200 OK"
2026-08-07 01:06:51 | pocket.main          | INFO     | 📊 Bazar skan edilir...
2026-08-07 01:06:55 | pocket.main          | INFO     | ℹ️  M1 üçün siqnal tapılmadı
2026-08-07 01:06:58 | pocket.main          | INFO     | ℹ️  M5 üçün siqnal tapılmadı
2026-08-07 01:06:59 | httpx                | INFO     | HTTP Request: POST https://api.telegram.org/bot8941505352:AAHsWfhljzdi9hH-pdjzsfA86Ih1YzBEBLA/getUpdates "HTTP/1.1 200 OK"
2026-08-07 01:07:01 | pocket.main          | INFO     | ℹ️  M15 üçün siqnal tapılmadı
2026-08-07 01:07:06 | pocket.main          | INFO     | 📊 Bazar skan edilir...
2026-08-07 01:07:09 | httpx                | INFO     | HTTP Request: POST https://api.telegram.org/bot8941505352:AAHsWfhljzdi9hH-pdjzsfA86Ih1YzBEBLA/getUpdates "HTTP/1.1 200 OK"
2026-08-07 01:07:10 | pocket.main          | INFO     | ℹ️  M1 üçün siqnal tapılmadı
2026-08-07 01:07:13 | pocket.main          | INFO     | ℹ️  M5 üçün siqnal tapılmadı
2026-08-07 01:07:17 | pocket.main          | INFO     | ℹ️  M15 üçün siqnal tapılmadı
2026-08-07 01:07:19 | httpx                | INFO     | HTTP Request: POST https://api.telegram.org/bot8941505352:AAHsWfhljzdi9hH-pdjzsfA86Ih1YzBEBLA/getUpdates "HTTP/1.1 200 OK"
2026-08-07 01:07:22 | pocket.main          | INFO     | 📊 Bazar skan edilir...
2026-08-07 01:07:24 | pocket.main          | INFO     | ℹ️  M1 üçün siqnal tapılmadı
2026-08-07 01:07:29 | httpx                | INFO     | HTTP Request: POST https://api.telegram.org/bot8941505352:AAHsWfhljzdi9hH-pdjzsfA86Ih1YzBEBLA/getUpdates "HTTP/1.1 200 OK"
2026-08-07 01:07:29 | pocket.main          | INFO     | ℹ️  M5 üçün siqnal tapılmadı
2026-08-07 01:07:34 | pocket.main          | INFO     | ℹ️  M15 üçün siqnal tapılmadı
2026-08-07 01:07:39 | httpx                | INFO     | HTTP Request: POST https://api.telegram.org/bot8941505352:AAHsWfhljzdi9hH-pdjzsfA86Ih1YzBEBLA/getUpdates "HTTP/1.1 200 OK"
2026-08-07 01:07:39 | pocket.main          | INFO     | 📊 Bazar skan edilir...
2026-08-07 01:07:42 | pocket.main          | INFO     | ℹ️  M1 üçün siqnal tapılmadı
2026-08-07 01:07:46 | pocket.main          | INFO     | ℹ️  M5 üçün siqnal tapılmadı
2026-08-07 01:07:49 | httpx                | INFO     | HTTP Request: POST https://api.telegram.org/bot8941505352:AAHsWfhljzdi9hH-pdjzsfA86Ih1YzBEBLA/getUpdates "HTTP/1.1 200 OK"
2026-08-07 01:07:50 | pocket.main          | INFO     | ℹ️  M15 üçün siqnal tapılmadı
2026-08-07 01:07:55 | pocket.main          | INFO     | 📊 Bazar skan edilir...
2026-08-07 01:07:58 | pocket.main          | INFO     | ℹ️  M1 üçün siqnal tapılmadı
2026-08-07 01:07:59 | httpx                | INFO     | HTTP Request: POST https://api.telegram.org/bot8941505352:AAHsWfhljzdi9hH-pdjzsfA86Ih1YzBEBLA/getUpdates "HTTP/1.1 200 OK"
2026-08-07 01:08:01 | pocket.main          | INFO     | ℹ️  M5 üçün siqnal tapılmadı
2026-08-07 01:08:04 | pocket.main          | INFO     | ℹ️  M15 üçün siqnal tapılmadı
2026-08-07 01:08:09 | pocket.main          | INFO     | 📊 Bazar skan edilir...
2026-08-07 01:08:09 | httpx                | INFO     | HTTP Request: POST https://api.telegram.org/bot8941505352:AAHsWfhljzdi9hH-pdjzsfA86Ih1YzBEBLA/getUpdates "HTTP/1.1 200 OK"
2026-08-07 01:08:13 | pocket.main          | INFO     | ℹ️  M1 üçün siqnal tapılmadı
2026-08-07 01:08:15 | pocket.main          | INFO     | ℹ️  M5 üçün siqnal tapılmadı
2026-08-07 01:08:19 | pocket.main          | INFO     | ℹ️  M15 üçün siqnal tapılmadı
2026-08-07 01:08:19 | httpx                | INFO     | HTTP Request: POST https://api.telegram.org/bot8941505352:AAHsWfhljzdi9hH-pdjzsfA86Ih1YzBEBLA/getUpdates "HTTP/1.1 200 OK"
2026-08-07 01:08:24 | pocket.main          | INFO     | 📊 Bazar skan edilir...
2026-08-07 01:08:27 | pocket.main          | INFO     | ℹ️  M1 üçün siqnal tapılmadı
2026-08-07 01:08:29 | httpx                | INFO     | HTTP Request: POST https://api.telegram.org/bot8941505352:AAHsWfhljzdi9hH-pdjzsfA86Ih1YzBEBLA/getUpdates "HTTP/1.1 200 OK"
2026-08-07 01:08:30 | pocket.main          | INFO     | ℹ️  M5 üçün siqnal tapılmadı
2026-08-07 01:08:33 | pocket.main          | INFO     | ℹ️  M15 üçün siqnal tapılmadı
2026-08-07 01:08:38 | pocket.main          | INFO     | 📊 Bazar skan edilir...
2026-08-07 01:08:40 | httpx                | INFO     | HTTP Request: POST https://api.telegram.org/bot8941505352:AAHsWfhljzdi9hH-pdjzsfA86Ih1YzBEBLA/getUpdates "HTTP/1.1 200 OK"
2026-08-07 01:08:41 | pocket.main          | INFO     | ℹ️  M1 üçün siqnal tapılmadı
2026-08-07 01:08:44 | pocket.main          | INFO     | ℹ️  M5 üçün siqnal tapılmadı
2026-08-07 01:08:47 | pocket.main          | INFO     | ℹ️  M15 üçün siqnal tapılmadı
2026-08-07 01:08:50 | httpx                | INFO     | HTTP Request: POST https://api.telegram.org/bot8941505352:AAHsWfhljzdi9hH-pdjzsfA86Ih1YzBEBLA/getUpdates "HTTP/1.1 200 OK"
2026-08-07 01:08:52 | pocket.main          | INFO     | 📊 Bazar skan edilir...
2026-08-07 01:08:55 | pocket.main          | INFO     | ℹ️  M1 üçün siqnal tapılmadı
2026-08-07 01:08:58 | pocket.main          | INFO     | ℹ️  M5 üçün siqnal tapılmadı
2026-08-07 01:09:00 | httpx                | INFO     | HTTP Request: POST https://api.telegram.org/bot8941505352:AAHsWfhljzdi9hH-pdjzsfA86Ih1YzBEBLA/getUpdates "HTTP/1.1 200 OK"
2026-08-07 01:09:02 | pocket.main          | INFO     | ℹ️  M15 üçün siqnal tapılmadı
2026-08-07 01:09:07 | pocket.main          | INFO     | 📊 Bazar skan edilir...
2026-08-07 01:09:10 | httpx                | INFO     | HTTP Request: POST https://api.telegram.org/bot8941505352:AAHsWfhljzdi9hH-pdjzsfA86Ih1YzBEBLA/getUpdates "HTTP/1.1 200 OK"
2026-08-07 01:09:10 | pocket.main          | INFO     | ℹ️  M1 üçün siqnal tapılmadı
2026-08-07 01:09:14 | pocket.main          | INFO     | ℹ️  M5 üçün siqnal tapılmadı
2026-08-07 01:09:17 | pocket.main          | INFO     | ℹ️  M15 üçün siqnal tapılmadı
2026-08-07 01:09:20 | httpx                | INFO     | HTTP Request: POST https://api.telegram.org/bot8941505352:AAHsWfhljzdi9hH-pdjzsfA86Ih1YzBEBLA/getUpdates "HTTP/1.1 200 OK"
2026-08-07 01:09:22 | pocket.main          | INFO     | 📊 Bazar skan edilir...
2026-08-07 01:09:25 | pocket.main          | INFO     | ℹ️  M1 üçün siqnal tapılmadı
2026-08-07 01:09:28 | pocket.main          | INFO     | ℹ️  M5 üçün siqnal tapılmadı
2026-08-07 01:09:30 | httpx                | INFO     | HTTP Request: POST https://api.telegram.org/bot8941505352:AAHsWfhljzdi9hH-pdjzsfA86Ih1YzBEBLA/getUpdates "HTTP/1.1 200 OK"
2026-08-07 01:09:32 | pocket.main          | INFO     | ℹ️  M15 üçün siqnal tapılmadı
2026-08-07 01:09:37 | pocket.main          | INFO     | 📊 Bazar skan edilir...
2026-08-07 01:09:40 | pocket.main          | INFO     | ℹ️  M1 üçün siqnal tapılmadı
2026-08-07 01:09:40 | httpx                | INFO     | HTTP Request: POST https://api.telegram.org/bot8941505352:AAHsWfhljzdi9hH-pdjzsfA86Ih1YzBEBLA/getUpdates "HTTP/1.1 200 OK"
2026-08-07 01:09:43 | pocket.main          | INFO     | ℹ️  M5 üçün siqnal tapılmadı
2026-08-07 01:09:46 | pocket.main          | INFO     | ℹ️  M15 üçün siqnal tapılmadı
2026-08-07 01:09:50 | httpx                | INFO     | HTTP Request: POST https://api.telegram.org/bot8941505352:AAHsWfhljzdi9hH-pdjzsfA86Ih1YzBEBLA/getUpdates "HTTP/1.1 200 OK"
2026-08-07 01:09:51 | pocket.main          | INFO     | 📊 Bazar skan edilir...
2026-08-07 01:09:54 | pocket.main          | INFO     | ℹ️  M1 üçün siqnal tapılmadı
2026-08-07 01:09:57 | pocket.main          | INFO     | ℹ️  M5 üçün siqnal tapılmadı
2026-08-07 01:10:00 | pocket.main          | INFO     | ℹ️  M15 üçün siqnal tapılmadı
2026-08-07 01:10:01 | httpx                | INFO     | HTTP Request: POST https://api.telegram.org/bot8941505352:AAHsWfhljzdi9hH-pdjzsfA86Ih1YzBEBLA/getUpdates "HTTP/1.1 200 OK"
2026-08-07 01:10:05 | pocket.main          | INFO     | 📊 Bazar skan edilir...
2026-08-07 01:10:08 | pocket.main          | INFO     | ℹ️  M1 üçün siqnal tapılmadı
2026-08-07 01:10:10 | pocket.main          | INFO     | ℹ️  M5 üçün siqnal tapılmadı
2026-08-07 01:10:11 | httpx                | INFO     | HTTP Request: POST https://api.telegram.org/bot8941505352:AAHsWfhljzdi9hH-pdjzsfA86Ih1YzBEBLA/getUpdates "HTTP/1.1 200 OK"
2026-08-07 01:10:14 | pocket.main          | INFO     | ℹ️  M15 üçün siqnal tapılmadı
2026-08-07 01:10:19 | pocket.main          | INFO     | 📊 Bazar skan edilir...
2026-08-07 01:10:21 | httpx                | INFO     | HTTP Request: POST https://api.telegram.org/bot8941505352:AAHsWfhljzdi9hH-pdjzsfA86Ih1YzBEBLA/getUpdates "HTTP/1.1 200 OK"
2026-08-07 01:10:22 | pocket.main          | INFO     | ℹ️  M1 üçün siqnal tapılmadı
2026-08-07 01:10:24 | pocket.main          | INFO     | ℹ️  M5 üçün siqnal tapılmadı
2026-08-07 01:10:27 | pocket.main          | INFO     | ℹ️  M15 üçün siqnal tapılmadı
2026-08-07 01:10:31 | httpx                | INFO     | HTTP Request: POST https://api.telegram.org/bot8941505352:AAHsWfhljzdi9hH-pdjzsfA86Ih1YzBEBLA/getUpdates "HTTP/1.1 200 OK"
2026-08-07 01:10:32 | pocket.main          | INFO     | 📊 Bazar skan edilir...
2026-08-07 01:10:35 | pocket.main          | INFO     | ℹ️  M1 üçün siqnal tapılmadı
2026-08-07 01:10:38 | pocket.main          | INFO     | ℹ️  M5 üçün siqnal tapılmadı
2026-08-07 01:10:41 | httpx                | INFO     | HTTP Request: POST https://api.telegram.org/bot8941505352:AAHsWfhljzdi9hH-pdjzsfA86Ih1YzBEBLA/getUpdates "HTTP/1.1 200 OK"
2026-08-07 01:10:42 | pocket.main          | INFO     | ℹ️  M15 üçün siqnal tapılmadı
2026-08-07 01:10:47 | pocket.main          | INFO     | 📊 Bazar skan edilir...
2026-08-07 01:10:50 | pocket.main          | INFO     | ℹ️  M1 üçün siqnal tapılmadı
2026-08-07 01:10:51 | httpx                | INFO     | HTTP Request: POST https://api.telegram.org/bot8941505352:AAHsWfhljzdi9hH-pdjzsfA86Ih1YzBEBLA/getUpdates "HTTP/1.1 200 OK"
2026-08-07 01:10:53 | pocket.main          | INFO     | ℹ️  M5 üçün siqnal tapılmadı
2026-08-07 01:10:56 | pocket.main          | INFO     | ℹ️  M15 üçün siqnal tapılmadı
2026-08-07 01:11:01 | httpx                | INFO     | HTTP Request: POST https://api.telegram.org/bot8941505352:AAHsWfhljzdi9hH-pdjzsfA86Ih1YzBEBLA/getUpdates "HTTP/1.1 200 OK"
2026-08-07 01:11:01 | pocket.main          | INFO     | 📊 Bazar skan edilir...
2026-08-07 01:11:04 | pocket.main          | INFO     | ℹ️  M1 üçün siqnal tapılmadı
2026-08-07 01:11:08 | pocket.main          | INFO     | ℹ️  M5 üçün siqnal tapılmadı
2026-08-07 01:11:11 | httpx                | INFO     | HTTP Request: POST https://api.telegram.org/bot8941505352:AAHsWfhljzdi9hH-pdjzsfA86Ih1YzBEBLA/getUpdates "HTTP/1.1 200 OK"
2026-08-07 01:11:11 | pocket.main          | INFO     | ℹ️  M15 üçün siqnal tapılmadı
2026-08-07 01:11:16 | pocket.main          | INFO     | 📊 Bazar skan edilir...
2026-08-07 01:11:19 | pocket.main          | INFO     | ℹ️  M1 üçün siqnal tapılmadı
2026-08-07 01:11:21 | httpx                | INFO     | HTTP Request: POST https://api.telegram.org/bot8941505352:AAHsWfhljzdi9hH-pdjzsfA86Ih1YzBEBLA/getUpdates "HTTP/1.1 200 OK"
2026-08-07 01:11:22 | pocket.main          | INFO     | ℹ️  M5 üçün siqnal tapılmadı
2026-08-07 01:11:25 | pocket.main          | INFO     | ℹ️  M15 üçün siqnal tapılmadı
2026-08-07 01:11:30 | pocket.main          | INFO     | 📊 Bazar skan edilir...
2026-08-07 01:11:31 | httpx                | INFO     | HTTP Request: POST https://api.telegram.org/bot8941505352:AAHsWfhljzdi9hH-pdjzsfA86Ih1YzBEBLA/getUpdates "HTTP/1.1 200 OK"
2026-08-07 01:11:33 | pocket.main          | INFO     | ℹ️  M1 üçün siqnal tapılmadı
2026-08-07 01:11:36 | pocket.main          | INFO     | ℹ️  M5 üçün siqnal tapılmadı
2026-08-07 01:11:39 | pocket.main          | INFO     | ℹ️  M15 üçün siqnal tapılmadı
2026-08-07 01:11:42 | httpx                | INFO     | HTTP Request: POST https://api.telegram.org/bot8941505352:AAHsWfhljzdi9hH-pdjzsfA86Ih1YzBEBLA/getUpdates "HTTP/1.1 200 OK"
2026-08-07 01:11:44 | pocket.main          | INFO     | 📊 Bazar skan edilir...
2026-08-07 01:11:47 | pocket.main          | INFO     | ℹ️  M1 üçün siqnal tapılmadı
2026-08-07 01:11:49 | pocket.main          | INFO     | ℹ️  M5 üçün siqnal tapılmadı
2026-08-07 01:11:52 | httpx                | INFO     | HTTP Request: POST https://api.telegram.org/bot8941505352:AAHsWfhljzdi9hH-pdjzsfA86Ih1YzBEBLA/getUpdates "HTTP/1.1 200 OK"
2026-08-07 01:11:52 | pocket.main          | INFO     | ℹ️  M15 üçün siqnal tapılmadı
2026-08-07 01:11:57 | pocket.main          | INFO     | 📊 Bazar skan edilir...
2026-08-07 01:12:00 | pocket.main          | INFO     | ℹ️  M1 üçün siqnal tapılmadı
2026-08-07 01:12:02 | httpx                | INFO     | HTTP Request: POST https://api.telegram.org/bot8941505352:AAHsWfhljzdi9hH-pdjzsfA86Ih1YzBEBLA/getUpdates "HTTP/1.1 200 OK"
2026-08-07 01:12:03 | pocket.main          | INFO     | ℹ️  M5 üçün siqnal tapılmadı
2026-08-07 01:12:06 | pocket.main          | INFO     | ℹ️  M15 üçün siqnal tapılmadı
2026-08-07 01:12:11 | pocket.main          | INFO     | 📊 Bazar skan edilir...
2026-08-07 01:12:12 | httpx                | INFO     | HTTP Request: POST https://api.telegram.org/bot8941505352:AAHsWfhljzdi9hH-pdjzsfA86Ih1YzBEBLA/getUpdates "HTTP/1.1 200 OK"
2026-08-07 01:12:14 | pocket.main          | INFO     | ℹ️  M1 üçün siqnal tapılmadı
2026-08-07 01:12:17 | pocket.main          | INFO     | ℹ️  M5 üçün siqnal tapılmadı
2026-08-07 01:12:20 | pocket.main          | INFO     | ℹ️  M15 üçün siqnal tapılmadı
2026-08-07 01:12:22 | httpx                | INFO     | HTTP Request: POST https://api.telegram.org/bot8941505352:AAHsWfhljzdi9hH-pdjzsfA86Ih1YzBEBLA/getUpdates "HTTP/1.1 200 OK"
2026-08-07 01:12:25 | pocket.main          | INFO     | 📊 Bazar skan edilir...
2026-08-07 01:12:27 | pocket.main          | INFO     | ℹ️  M1 üçün siqnal tapılmadı
2026-08-07 01:12:30 | pocket.main          | INFO     | ℹ️  M5 üçün siqnal tapılmadı
2026-08-07 01:12:32 | httpx                | INFO     | HTTP Request: POST https://api.telegram.org/bot8941505352:AAHsWfhljzdi9hH-pdjzsfA86Ih1YzBEBLA/getUpdates "HTTP/1.1 200 OK"
2026-08-07 01:12:34 | pocket.main          | INFO     | ℹ️  M15 üçün siqnal tapılmadı
2026-08-07 01:12:39 | pocket.main          | INFO     | 📊 Bazar skan edilir...
2026-08-07 01:12:42 | httpx                | INFO     | HTTP Request: POST https://api.telegram.org/bot8941505352:AAHsWfhljzdi9hH-pdjzsfA86Ih1YzBEBLA/getUpdates "HTTP/1.1 200 OK"
2026-08-07 01:12:43 | pocket.main          | INFO     | ℹ️  M1 üçün siqnal tapılmadı
2026-08-07 01:12:46 | pocket.main          | INFO     | ℹ️  M5 üçün siqnal tapılmadı
2026-08-07 01:12:49 | pocket.main          | INFO     | ℹ️  M15 üçün siqnal tapılmadı
2026-08-07 01:12:52 | httpx                | INFO     | HTTP Request: POST https://api.telegram.org/bot8941505352:AAHsWfhljzdi9hH-pdjzsfA86Ih1YzBEBLA/getUpdates "HTTP/1.1 200 OK"
2026-08-07 01:12:54 | pocket.main          | INFO     | 📊 Bazar skan edilir...
2026-08-07 01:12:57 | pocket.main          | INFO     | ℹ️  M1 üçün siqnal tapılmadı
2026-08-07 01:13:00 | pocket.main          | INFO     | ℹ️  M5 üçün siqnal tapılmadı
2026-08-07 01:13:02 | httpx                | INFO     | HTTP Request: POST https://api.telegram.org/bot8941505352:AAHsWfhljzdi9hH-pdjzsfA86Ih1YzBEBLA/getUpdates "HTTP/1.1 200 OK"
2026-08-07 01:13:03 | pocket.main          | INFO     | ℹ️  M15 üçün siqnal tapılmadı
2026-08-07 01:13:08 | pocket.main          | INFO     | 📊 Bazar skan edilir...
2026-08-07 01:13:11 | pocket.main          | INFO     | ℹ️  M1 üçün siqnal tapılmadı
2026-08-07 01:13:13 | httpx                | INFO     | HTTP Request: POST https://api.telegram.org/bot8941505352:AAHsWfhljzdi9hH-pdjzsfA86Ih1YzBEBLA/getUpdates "HTTP/1.1 200 OK"
2026-08-07 01:13:14 | pocket.main          | INFO     | ℹ️  M5 üçün siqnal tapılmadı
2026-08-07 01:13:16 | pocket.main          | INFO     | ℹ️  M15 üçün siqnal tapılmadı
2026-08-07 01:13:21 | pocket.main          | INFO     | 📊 Bazar skan edilir...
2026-08-07 01:13:23 | httpx                | INFO     | HTTP Request: POST https://api.telegram.org/bot8941505352:AAHsWfhljzdi9hH-pdjzsfA86Ih1YzBEBLA/getUpdates "HTTP/1.1 200 OK"
2026-08-07 01:13:24 | pocket.main          | INFO     | ℹ️  M1 üçün siqnal tapılmadı
2026-08-07 01:13:27 | pocket.main          | INFO     | ℹ️  M5 üçün siqnal tapılmadı
2026-08-07 01:13:30 | pocket.main          | INFO     | ℹ️  M15 üçün siqnal tapılmadı
2026-08-07 01:13:33 | httpx                | INFO     | HTTP Request: POST https://api.telegram.org/bot8941505352:AAHsWfhljzdi9hH-pdjzsfA86Ih1YzBEBLA/getUpdates "HTTP/1.1 200 OK"
2026-08-07 01:13:35 | pocket.main          | INFO     | 📊 Bazar skan edilir...
2026-08-07 01:13:40 | pocket.main          | INFO     | ℹ️  M1 üçün siqnal tapılmadı
2026-08-07 01:13:43 | httpx                | INFO     | HTTP Request: POST https://api.telegram.org/bot8941505352:AAHsWfhljzdi9hH-pdjzsfA86Ih1YzBEBLA/getUpdates "HTTP/1.1 200 OK"
2026-08-07 01:13:43 | pocket.main          | INFO     | ℹ️  M5 üçün siqnal tapılmadı
2026-08-07 01:13:46 | pocket.main          | INFO     | ℹ️  M15 üçün siqnal tapılmadı
2026-08-07 01:13:51 | pocket.main          | INFO     | 📊 Bazar skan edilir...
2026-08-07 01:13:53 | httpx                | INFO     | HTTP Request: POST https://api.telegram.org/bot8941505352:AAHsWfhljzdi9hH-pdjzsfA86Ih1YzBEBLA/getUpdates "HTTP/1.1 200 OK"
2026-08-07 01:13:54 | pocket.main          | INFO     | ℹ️  M1 üçün siqnal tapılmadı
2026-08-07 01:13:57 | pocket.main          | INFO     | ℹ️  M5 üçün siqnal tapılmadı
2026-08-07 01:14:00 | pocket.main          | INFO     | ℹ️  M15 üçün siqnal tapılmadı
2026-08-07 01:14:03 | httpx                | INFO     | HTTP Request: POST https://api.telegram.org/bot8941505352:AAHsWfhljzdi9hH-pdjzsfA86Ih1YzBEBLA/getUpdates "HTTP/1.1 200 OK"
2026-08-07 01:14:05 | pocket.main          | INFO     | 📊 Bazar skan edilir...
2026-08-07 01:14:08 | pocket.main          | INFO     | ℹ️  M1 üçün siqnal tapılmadı
2026-08-07 01:14:11 | pocket.main          | INFO     | ℹ️  M5 üçün siqnal tapılmadı
2026-08-07 01:14:13 | httpx                | INFO     | HTTP Request: POST https://api.telegram.org/bot8941505352:AAHsWfhljzdi9hH-pdjzsfA86Ih1YzBEBLA/getUpdates "HTTP/1.1 200 OK"
2026-08-07 01:14:15 | pocket.main          | INFO     | ℹ️  M15 üçün siqnal tapılmadı
2026-08-07 01:14:20 | pocket.main          | INFO     | 📊 Bazar skan edilir...
2026-08-07 01:14:23 | pocket.main          | INFO     | ℹ️  M1 üçün siqnal tapılmadı
2026-08-07 01:14:23 | httpx                | INFO     | HTTP Request: POST https://api.telegram.org/bot8941505352:AAHsWfhljzdi9hH-pdjzsfA86Ih1YzBEBLA/getUpdates "HTTP/1.1 200 OK"
2026-08-07 01:14:26 | pocket.main          | INFO     | ℹ️  M5 üçün siqnal tapılmadı
2026-08-07 01:14:29 | pocket.main          | INFO     | ℹ️  M15 üçün siqnal tapılmadı
2026-08-07 01:14:33 | httpx                | INFO     | HTTP Request: POST https://api.telegram.org/bot8941505352:AAHsWfhljzdi9hH-pdjzsfA86Ih1YzBEBLA/getUpdates "HTTP/1.1 200 OK"
2026-08-07 01:14:34 | pocket.main          | INFO     | 📊 Bazar skan edilir...
2026-08-07 01:14:36 | pocket.main          | INFO     | ℹ️  M1 üçün siqnal tapılmadı
2026-08-07 01:14:39 | pocket.main          | INFO     | ℹ️  M5 üçün siqnal tapılmadı
2026-08-07 01:14:42 | pocket.main          | INFO     | ℹ️  M15 üçün siqnal tapılmadı
2026-08-07 01:14:44 | httpx                | INFO     | HTTP Request: POST https://api.telegram.org/bot8941505352:AAHsWfhljzdi9hH-pdjzsfA86Ih1YzBEBLA/getUpdates "HTTP/1.1 200 OK"
2026-08-07 01:14:47 | pocket.main          | INFO     | 📊 Bazar skan edilir...
2026-08-07 01:14:50 | pocket.main          | INFO     | ℹ️  M1 üçün siqnal tapılmadı
2026-08-07 01:14:53 | pocket.main          | INFO     | ℹ️  M5 üçün siqnal tapılmadı
2026-08-07 01:14:54 | httpx                | INFO     | HTTP Request: POST https://api.telegram.org/bot8941505352:AAHsWfhljzdi9hH-pdjzsfA86Ih1YzBEBLA/getUpdates "HTTP/1.1 200 OK"
2026-08-07 01:14:56 | pocket.main          | INFO     | ℹ️  M15 üçün siqnal tapılmadı
2026-08-07 01:15:01 | pocket.main          | INFO     | 📊 Bazar skan edilir...
2026-08-07 01:15:03 | pocket.main          | INFO     | ℹ️  M1 üçün siqnal tapılmadı
2026-08-07 01:15:04 | httpx                | INFO     | HTTP Request: POST https://api.telegram.org/bot8941505352:AAHsWfhljzdi9hH-pdjzsfA86Ih1YzBEBLA/getUpdates "HTTP/1.1 200 OK"
2026-08-07 01:15:08 | pocket.main          | INFO     | ℹ️  M5 üçün siqnal tapılmadı
2026-08-07 01:15:11 | pocket.main          | INFO     | ℹ️  M15 üçün siqnal tapılmadı
2026-08-07 01:15:14 | httpx                | INFO     | HTTP Request: POST https://api.telegram.org/bot8941505352:AAHsWfhljzdi9hH-pdjzsfA86Ih1YzBEBLA/getUpdates "HTTP/1.1 200 OK"
2026-08-07 01:15:16 | pocket.main          | INFO     | 📊 Bazar skan edilir...
2026-08-07 01:15:19 | pocket.main          | INFO     | ℹ️  M1 üçün siqnal tapılmadı
2026-08-07 01:15:22 | pocket.main          | INFO     | ℹ️  M5 üçün siqnal tapılmadı
2026-08-07 01:15:24 | httpx                | INFO     | HTTP Request: POST https://api.telegram.org/bot8941505352:AAHsWfhljzdi9hH-pdjzsfA86Ih1YzBEBLA/getUpdates "HTTP/1.1 200 OK"
2026-08-07 01:15:25 | pocket.main          | INFO     | ℹ️  M15 üçün siqnal tapılmadı
2026-08-07 01:15:30 | pocket.main          | INFO     | 📊 Bazar skan edilir...
2026-08-07 01:15:32 | pocket.main          | INFO     | ℹ️  M1 üçün siqnal tapılmadı
2026-08-07 01:15:34 | httpx                | INFO     | HTTP Request: POST https://api.telegram.org/bot8941505352:AAHsWfhljzdi9hH-pdjzsfA86Ih1YzBEBLA/getUpdates "HTTP/1.1 200 OK"
2026-08-07 01:15:36 | pocket.main          | INFO     | ℹ️  M5 üçün siqnal tapılmadı
2026-08-07 01:15:39 | pocket.main          | INFO     | ℹ️  M15 üçün siqnal tapılmadı
2026-08-07 01:15:44 | pocket.main          | INFO     | 📊 Bazar skan edilir...
2026-08-07 01:15:45 | httpx                | INFO     | HTTP Request: POST https://api.telegram.org/bot8941505352:AAHsWfhljzdi9hH-pdjzsfA86Ih1YzBEBLA/getUpdates "HTTP/1.1 200 OK"
2026-08-07 01:15:46 | pocket.main          | INFO     | ℹ️  M1 üçün siqnal tapılmadı
2026-08-07 01:15:49 | pocket.main          | INFO     | ℹ️  M5 üçün siqnal tapılmadı
2026-08-07 01:15:52 | pocket.main          | INFO     | ℹ️  M15 üçün siqnal tapılmadı
2026-08-07 01:15:55 | httpx                | INFO     | HTTP Request: POST https://api.telegram.org/bot8941505352:AAHsWfhljzdi9hH-pdjzsfA86Ih1YzBEBLA/getUpdates "HTTP/1.1 200 OK"
2026-08-07 01:15:57 | pocket.main          | INFO     | 📊 Bazar skan edilir...
2026-08-07 01:16:00 | pocket.main          | INFO     | ℹ️  M1 üçün siqnal tapılmadı
2026-08-07 01:16:03 | pocket.main          | INFO     | ℹ️  M5 üçün siqnal tapılmadı
2026-08-07 01:16:05 | httpx                | INFO     | HTTP Request: POST https://api.telegram.org/bot8941505352:AAHsWfhljzdi9hH-pdjzsfA86Ih1YzBEBLA/getUpdates "HTTP/1.1 200 OK"
2026-08-07 01:16:06 | pocket.main          | INFO     | ℹ️  M15 üçün siqnal tapılmadı
2026-08-07 01:16:11 | pocket.main          | INFO     | 📊 Bazar skan edilir...
2026-08-07 01:16:14 | pocket.main          | INFO     | ℹ️  M1 üçün siqnal tapılmadı
2026-08-07 01:16:15 | httpx                | INFO     | HTTP Request: POST https://api.telegram.org/bot8941505352:AAHsWfhljzdi9hH-pdjzsfA86Ih1YzBEBLA/getUpdates "HTTP/1.1 200 OK"
2026-08-07 01:16:17 | pocket.main          | INFO     | ℹ️  M5 üçün siqnal tapılmadı
2026-08-07 01:16:19 | pocket.main          | INFO     | ℹ️  M15 üçün siqnal tapılmadı
2026-08-07 01:16:24 | pocket.main          | INFO     | 📊 Bazar skan edilir...
2026-08-07 01:16:25 | httpx                | INFO     | HTTP Request: POST https://api.telegram.org/bot8941505352:AAHsWfhljzdi9hH-pdjzsfA86Ih1YzBEBLA/getUpdates "HTTP/1.1 200 OK"
2026-08-07 01:16:27 | pocket.main          | INFO     | ℹ️  M1 üçün siqnal tapılmadı
2026-08-07 01:16:30 | pocket.main          | INFO     | ℹ️  M5 üçün siqnal tapılmadı
2026-08-07 01:16:33 | pocket.main          | INFO     | ℹ️  M15 üçün siqnal tapılmadı
2026-08-07 01:16:35 | httpx                | INFO     | HTTP Request: POST https://api.telegram.org/bot8941505352:AAHsWfhljzdi9hH-pdjzsfA86Ih1YzBEBLA/getUpdates "HTTP/1.1 200 OK"
2026-08-07 01:16:38 | pocket.main          | INFO     | 📊 Bazar skan edilir...
2026-08-07 01:16:41 | pocket.main          | INFO     | ℹ️  M1 üçün siqnal tapılmadı
2026-08-07 01:16:44 | pocket.main          | INFO     | ℹ️  M5 üçün siqnal tapılmadı
2026-08-07 01:16:45 | httpx                | INFO     | HTTP Request: POST https://api.telegram.org/bot8941505352:AAHsWfhljzdi9hH-pdjzsfA86Ih1YzBEBLA/getUpdates "HTTP/1.1 200 OK"
2026-08-07 01:16:47 | pocket.main          | INFO     | ℹ️  M15 üçün siqnal tapılmadı
2026-08-07 01:16:52 | pocket.main          | INFO     | 📊 Bazar skan edilir...
2026-08-07 01:16:54 | pocket.main          | INFO     | ℹ️  M1 üçün siqnal tapılmadı
2026-08-07 01:16:55 | httpx                | INFO     | HTTP Request: POST https://api.telegram.org/bot8941505352:AAHsWfhljzdi9hH-pdjzsfA86Ih1YzBEBLA/getUpdates "HTTP/1.1 200 OK"
2026-08-07 01:16:57 | pocket.main          | INFO     | ℹ️  M5 üçün siqnal tapılmadı
2026-08-07 01:17:00 | pocket.main          | INFO     | ℹ️  M15 üçün siqnal tapılmadı
2026-08-07 01:17:05 | pocket.main          | INFO     | 📊 Bazar skan edilir...
2026-08-07 01:17:05 | httpx                | INFO     | HTTP Request: POST https://api.telegram.org/bot8941505352:AAHsWfhljzdi9hH-pdjzsfA86Ih1YzBEBLA/getUpdates "HTTP/1.1 200 OK"
2026-08-07 01:17:08 | pocket.main          | INFO     | ℹ️  M1 üçün siqnal tapılmadı
2026-08-07 01:17:11 | pocket.main          | INFO     | ℹ️  M5 üçün siqnal tapılmadı
2026-08-07 01:17:14 | pocket.main          | INFO     | ℹ️  M15 üçün siqnal tapılmadı
2026-08-07 01:17:15 | httpx                | INFO     | HTTP Request: POST https://api.telegram.org/bot8941505352:AAHsWfhljzdi9hH-pdjzsfA86Ih1YzBEBLA/getUpdates "HTTP/1.1 200 OK"
2026-08-07 01:17:19 | pocket.main          | INFO     | 📊 Bazar skan edilir...
2026-08-07 01:17:22 | pocket.main          | INFO     | ℹ️  M1 üçün siqnal tapılmadı
2026-08-07 01:17:25 | pocket.main          | INFO     | ℹ️  M5 üçün siqnal tapılmadı
2026-08-07 01:17:26 | httpx                | INFO     | HTTP Request: POST https://api.telegram.org/bot8941505352:AAHsWfhljzdi9hH-pdjzsfA86Ih1YzBEBLA/getUpdates "HTTP/1.1 200 OK"
2026-08-07 01:17:27 | pocket.main          | INFO     | ℹ️  M15 üçün siqnal tapılmadı
2026-08-07 01:17:32 | pocket.main          | INFO     | 📊 Bazar skan edilir...
2026-08-07 01:17:35 | pocket.main          | INFO     | ℹ️  M1 üçün siqnal tapılmadı
2026-08-07 01:17:36 | httpx                | INFO     | HTTP Request: POST https://api.telegram.org/bot8941505352:AAHsWfhljzdi9hH-pdjzsfA86Ih1YzBEBLA/getUpdates "HTTP/1.1 200 OK"
2026-08-07 01:17:38 | pocket.main          | INFO     | ℹ️  M5 üçün siqnal tapılmadı
2026-08-07 01:17:41 | pocket.main          | INFO     | ℹ️  M15 üçün siqnal tapılmadı
2026-08-07 01:17:46 | pocket.main          | INFO     | 📊 Bazar skan edilir...
2026-08-07 01:17:46 | httpx                | INFO     | HTTP Request: POST https://api.telegram.org/bot8941505352:AAHsWfhljzdi9hH-pdjzsfA86Ih1YzBEBLA/getUpdates "HTTP/1.1 200 OK"
2026-08-07 01:17:48 | pocket.main          | INFO     | ℹ️  M1 üçün siqnal tapılmadı
2026-08-07 01:17:51 | pocket.main          | INFO     | ℹ️  M5 üçün siqnal tapılmadı
2026-08-07 01:17:54 | pocket.main          | INFO     | ℹ️  M15 üçün siqnal tapılmadı
2026-08-07 01:17:56 | httpx                | INFO     | HTTP Request: POST https://api.telegram.org/bot8941505352:AAHsWfhljzdi9hH-pdjzsfA86Ih1YzBEBLA/getUpdates "HTTP/1.1 200 OK"
2026-08-07 01:17:59 | pocket.main          | INFO     | 📊 Bazar skan edilir...
2026-08-07 01:18:02 | pocket.main          | INFO     | ℹ️  M1 üçün siqnal tapılmadı
2026-08-07 01:18:05 | pocket.main          | INFO     | ℹ️  M5 üçün siqnal tapılmadı
2026-08-07 01:18:06 | httpx                | INFO     | HTTP Request: POST https://api.telegram.org/bot8941505352:AAHsWfhljzdi9hH-pdjzsfA86Ih1YzBEBLA/getUpdates "HTTP/1.1 200 OK"
2026-08-07 01:18:09 | pocket.main          | INFO     | ℹ️  M15 üçün siqnal tapılmadı
2026-08-07 01:18:14 | pocket.main          | INFO     | 📊 Bazar skan edilir...
2026-08-07 01:18:16 | httpx                | INFO     | HTTP Request: POST https://api.telegram.org/bot8941505352:AAHsWfhljzdi9hH-pdjzsfA86Ih1YzBEBLA/getUpdates "HTTP/1.1 200 OK"
2026-08-07 01:18:17 | pocket.main          | INFO     | ℹ️  M1 üçün siqnal tapılmadı
2026-08-07 01:18:19 | pocket.main          | INFO     | ℹ️  M5 üçün siqnal tapılmadı
2026-08-07 01:18:22 | pocket.main          | INFO     | ℹ️  M15 üçün siqnal tapılmadı
2026-08-07 01:18:26 | httpx                | INFO     | HTTP Request: POST https://api.telegram.org/bot8941505352:AAHsWfhljzdi9hH-pdjzsfA86Ih1YzBEBLA/getUpdates "HTTP/1.1 200 OK"
2026-08-07 01:18:27 | pocket.main          | INFO     | 📊 Bazar skan edilir...
2026-08-07 01:18:30 | pocket.main          | INFO     | ℹ️  M1 üçün siqnal tapılmadı
2026-08-07 01:18:33 | pocket.main          | INFO     | ℹ️  M5 üçün siqnal tapılmadı
2026-08-07 01:18:36 | pocket.main          | INFO     | ℹ️  M15 üçün siqnal tapılmadı
2026-08-07 01:18:36 | httpx                | INFO     | HTTP Request: POST https://api.telegram.org/bot8941505352:AAHsWfhljzdi9hH-pdjzsfA86Ih1YzBEBLA/getUpdates "HTTP/1.1 200 OK"
2026-08-07 01:18:41 | pocket.main          | INFO     | 📊 Bazar skan edilir...
2026-08-07 01:18:44 | pocket.main          | INFO     | ℹ️  M1 üçün siqnal tapılmadı
2026-08-07 01:18:47 | httpx                | INFO     | HTTP Request: POST https://api.telegram.org/bot8941505352:AAHsWfhljzdi9hH-pdjzsfA86Ih1YzBEBLA/getUpdates "HTTP/1.1 200 OK"
2026-08-07 01:18:47 | pocket.main          | INFO     | ℹ️  M5 üçün siqnal tapılmadı
2026-08-07 01:18:50 | pocket.main          | INFO     | ℹ️  M15 üçün siqnal tapılmadı
2026-08-07 01:18:55 | pocket.main          | INFO     | 📊 Bazar skan edilir...
2026-08-07 01:18:57 | httpx                | INFO     | HTTP Request: POST https://api.telegram.org/bot8941505352:AAHsWfhljzdi9hH-pdjzsfA86Ih1YzBEBLA/getUpdates "HTTP/1.1 200 OK"
2026-08-07 01:18:58 | pocket.main          | INFO     | ℹ️  M1 üçün siqnal tapılmadı
2026-08-07 01:19:01 | pocket.main          | INFO     | ℹ️  M5 üçün siqnal tapılmadı
2026-08-07 01:19:04 | pocket.main          | INFO     | ℹ️  M15 üçün siqnal tapılmadı
2026-08-07 01:19:07 | httpx                | INFO     | HTTP Request: POST https://api.telegram.org/bot8941505352:AAHsWfhljzdi9hH-pdjzsfA86Ih1YzBEBLA/getUpdates "HTTP/1.1 200 OK"
2026-08-07 01:19:09 | pocket.main          | INFO     | 📊 Bazar skan edilir...
2026-08-07 01:19:12 | pocket.main          | INFO     | ℹ️  M1 üçün siqnal tapılmadı
2026-08-07 01:19:14 | pocket.main          | INFO     | ℹ️  M5 üçün siqnal tapılmadı
2026-08-07 01:19:17 | httpx                | INFO     | HTTP Request: POST https://api.telegram.org/bot8941505352:AAHsWfhljzdi9hH-pdjzsfA86Ih1YzBEBLA/getUpdates "HTTP/1.1 200 OK"
2026-08-07 01:19:17 | pocket.main          | INFO     | ℹ️  M15 üçün siqnal tapılmadı
2026-08-07 01:19:22 | pocket.main          | INFO     | 📊 Bazar skan edilir...
2026-08-07 01:19:25 | pocket.main          | INFO     | ℹ️  M1 üçün siqnal tapılmadı
2026-08-07 01:19:27 | httpx                | INFO     | HTTP Request: POST https://api.telegram.org/bot8941505352:AAHsWfhljzdi9hH-pdjzsfA86Ih1YzBEBLA/getUpdates "HTTP/1.1 200 OK"
2026-08-07 01:19:28 | pocket.main          | INFO     | ℹ️  M5 üçün siqnal tapılmadı
2026-08-07 01:19:31 | pocket.main          | INFO     | ℹ️  M15 üçün siqnal tapılmadı
2026-08-07 01:19:36 | pocket.main          | INFO     | 📊 Bazar skan edilir...
2026-08-07 01:19:37 | httpx                | INFO     | HTTP Request: POST https://api.telegram.org/bot8941505352:AAHsWfhljzdi9hH-pdjzsfA86Ih1YzBEBLA/getUpdates "HTTP/1.1 200 OK"
2026-08-07 01:19:39 | pocket.main          | INFO     | ℹ️  M1 üçün siqnal tapılmadı
2026-08-07 01:19:42 | pocket.main          | INFO     | ℹ️  M5 üçün siqnal tapılmadı
2026-08-07 01:19:45 | pocket.main          | INFO     | ℹ️  M15 üçün siqnal tapılmadı
2026-08-07 01:19:47 | httpx                | INFO     | HTTP Request: POST https://api.telegram.org/bot8941505352:AAHsWfhljzdi9hH-pdjzsfA86Ih1YzBEBLA/getUpdates "HTTP/1.1 200 OK"
2026-08-07 01:19:50 | pocket.main          | INFO     | 📊 Bazar skan edilir...
2026-08-07 01:19:52 | pocket.main          | INFO     | ℹ️  M1 üçün siqnal tapılmadı
2026-08-07 01:19:55 | pocket.main          | INFO     | ℹ️  M5 üçün siqnal tapılmadı
2026-08-07 01:19:57 | httpx                | INFO     | HTTP Request: POST https://api.telegram.org/bot8941505352:AAHsWfhljzdi9hH-pdjzsfA86Ih1YzBEBLA/getUpdates "HTTP/1.1 200 OK"
2026-08-07 01:19:59 | pocket.main          | INFO     | ℹ️  M15 üçün siqnal tapılmadı
2026-08-07 01:20:04 | pocket.main          | INFO     | 📊 Bazar skan edilir...
2026-08-07 01:20:07 | pocket.main          | INFO     | ℹ️  M1 üçün siqnal tapılmadı
2026-08-07 01:20:08 | httpx                | INFO     | HTTP Request: POST https://api.telegram.org/bot8941505352:AAHsWfhljzdi9hH-pdjzsfA86Ih1YzBEBLA/getUpdates "HTTP/1.1 200 OK"
2026-08-07 01:20:10 | pocket.main          | INFO     | ℹ️  M5 üçün siqnal tapılmadı
2026-08-07 01:20:14 | pocket.main          | INFO     | ℹ️  M15 üçün siqnal tapılmadı
2026-08-07 01:20:18 | httpx                | INFO     | HTTP Request: POST https://api.telegram.org/bot8941505352:AAHsWfhljzdi9hH-pdjzsfA86Ih1YzBEBLA/getUpdates "HTTP/1.1 200 OK"
2026-08-07 01:20:19 | pocket.main          | INFO     | 📊 Bazar skan edilir...
2026-08-07 01:20:22 | pocket.main          | INFO     | ℹ️  M1 üçün siqnal tapılmadı
2026-08-07 01:20:25 | pocket.main          | INFO     | ℹ️  M5 üçün siqnal tapılmadı
2026-08-07 01:20:28 | httpx                | INFO     | HTTP Request: POST https://api.telegram.org/bot8941505352:AAHsWfhljzdi9hH-pdjzsfA86Ih1YzBEBLA/getUpdates "HTTP/1.1 200 OK"
2026-08-07 01:20:29 | pocket.main          | INFO     | ℹ️  M15 üçün siqnal tapılmadı
2026-08-07 01:20:34 | pocket.main          | INFO     | 📊 Bazar skan edilir...
2026-08-07 01:20:37 | pocket.main          | INFO     | ℹ️  M1 üçün siqnal tapılmadı
2026-08-07 01:20:38 | httpx                | INFO     | HTTP Request: POST https://api.telegram.org/bot8941505352:AAHsWfhljzdi9hH-pdjzsfA86Ih1YzBEBLA/getUpdates "HTTP/1.1 200 OK"
2026-08-07 01:20:40 | pocket.main          | INFO     | ℹ️  M5 üçün siqnal tapılmadı
2026-08-07 01:20:43 | pocket.main          | INFO     | ℹ️  M15 üçün siqnal tapılmadı
2026-08-07 01:20:48 | httpx                | INFO     | HTTP Request: POST https://api.telegram.org/bot8941505352:AAHsWfhljzdi9hH-pdjzsfA86Ih1YzBEBLA/getUpdates "HTTP/1.1 200 OK"
2026-08-07 01:20:48 | pocket.main          | INFO     | 📊 Bazar skan edilir...
2026-08-07 01:20:51 | pocket.main          | INFO     | ℹ️  M1 üçün siqnal tapılmadı
2026-08-07 01:20:54 | pocket.main          | INFO     | ℹ️  M5 üçün siqnal tapılmadı
2026-08-07 01:20:57 | pocket.main          | INFO     | ℹ️  M15 üçün siqnal tapılmadı
2026-08-07 01:20:58 | httpx                | INFO     | HTTP Request: POST https://api.telegram.org/bot8941505352:AAHsWfhljzdi9hH-pdjzsfA86Ih1YzBEBLA/getUpdates "HTTP/1.1 200 OK"
2026-08-07 01:21:02 | pocket.main          | INFO     | 📊 Bazar skan edilir...
2026-08-07 01:21:05 | pocket.main          | INFO     | ℹ️  M1 üçün siqnal tapılmadı
2026-08-07 01:21:08 | httpx                | INFO     | HTTP Request: POST https://api.telegram.org/bot8941505352:AAHsWfhljzdi9hH-pdjzsfA86Ih1YzBEBLA/getUpdates "HTTP/1.1 200 OK"
2026-08-07 01:21:09 | pocket.main          | INFO     | ℹ️  M5 üçün siqnal tapılmadı
2026-08-07 01:21:13 | pocket.main          | INFO     | ℹ️  M15 üçün siqnal tapılmadı
2026-08-07 01:21:18 | pocket.main          | INFO     | 📊 Bazar skan edilir...
2026-08-07 01:21:18 | httpx                | INFO     | HTTP Request: POST https://api.telegram.org/bot8941505352:AAHsWfhljzdi9hH-pdjzsfA86Ih1YzBEBLA/getUpdates "HTTP/1.1 200 OK"
2026-08-07 01:21:20 | pocket.main          | INFO     | ℹ️  M1 üçün siqnal tapılmadı
2026-08-07 01:21:23 | pocket.main          | INFO     | ℹ️  M5 üçün siqnal tapılmadı
2026-08-07 01:21:28 | httpx                | INFO     | HTTP Request: POST https://api.telegram.org/bot8941505352:AAHsWfhljzdi9hH-pdjzsfA86Ih1YzBEBLA/getUpdates "HTTP/1.1 200 OK"
2026-08-07 01:21:29 | pocket.main          | INFO     | ℹ️  M15 üçün siqnal tapılmadı
2026-08-07 01:21:34 | pocket.main          | INFO     | 📊 Bazar skan edilir...
2026-08-07 01:21:36 | pocket.main          | INFO     | ℹ️  M1 üçün siqnal tapılmadı
2026-08-07 01:21:38 | httpx                | INFO     | HTTP Request: POST https://api.telegram.org/bot8941505352:AAHsWfhljzdi9hH-pdjzsfA86Ih1YzBEBLA/getUpdates "HTTP/1.1 200 OK"
2026-08-07 01:21:40 | pocket.main          | INFO     | ℹ️  M5 üçün siqnal tapılmadı
2026-08-07 01:21:43 | pocket.main          | INFO     | ℹ️  M15 üçün siqnal tapılmadı
2026-08-07 01:21:48 | pocket.main          | INFO     | 📊 Bazar skan edilir...
2026-08-07 01:21:49 | httpx                | INFO     | HTTP Request: POST https://api.telegram.org/bot8941505352:AAHsWfhljzdi9hH-pdjzsfA86Ih1YzBEBLA/getUpdates "HTTP/1.1 200 OK"
2026-08-07 01:21:50 | pocket.main          | INFO     | ℹ️  M1 üçün siqnal tapılmadı
2026-08-07 01:21:53 | pocket.main          | INFO     | ℹ️  M5 üçün siqnal tapılmadı
2026-08-07 01:21:57 | pocket.main          | INFO     | ℹ️  M15 üçün siqnal tapılmadı
2026-08-07 01:21:59 | httpx                | INFO     | HTTP Request: POST https://api.telegram.org/bot8941505352:AAHsWfhljzdi9hH-pdjzsfA86Ih1YzBEBLA/getUpdates "HTTP/1.1 200 OK"
2026-08-07 01:22:02 | pocket.main          | INFO     | 📊 Bazar skan edilir...
2026-08-07 01:22:04 | pocket.main          | INFO     | ℹ️  M1 üçün siqnal tapılmadı
2026-08-07 01:22:08 | pocket.main          | INFO     | ℹ️  M5 üçün siqnal tapılmadı
2026-08-07 01:22:09 | httpx                | INFO     | HTTP Request: POST https://api.telegram.org/bot8941505352:AAHsWfhljzdi9hH-pdjzsfA86Ih1YzBEBLA/getUpdates "HTTP/1.1 200 OK"
2026-08-07 01:22:12 | pocket.main          | INFO     | ℹ️  M15 üçün siqnal tapılmadı
2026-08-07 01:22:17 | pocket.main          | INFO     | 📊 Bazar skan edilir...
2026-08-07 01:22:19 | httpx                | INFO     | HTTP Request: POST https://api.telegram.org/bot8941505352:AAHsWfhljzdi9hH-pdjzsfA86Ih1YzBEBLA/getUpdates "HTTP/1.1 200 OK"
2026-08-07 01:22:20 | pocket.main          | INFO     | ℹ️  M1 üçün siqnal tapılmadı
2026-08-07 01:22:22 | pocket.main          | INFO     | ℹ️  M5 üçün siqnal tapılmadı
2026-08-07 01:22:26 | pocket.main          | INFO     | ℹ️  M15 üçün siqnal tapılmadı
2026-08-07 01:22:29 | httpx                | INFO     | HTTP Request: POST https://api.telegram.org/bot8941505352:AAHsWfhljzdi9hH-pdjzsfA86Ih1YzBEBLA/getUpdates "HTTP/1.1 200 OK"
2026-08-07 01:22:31 | pocket.main          | INFO     | 📊 Bazar skan edilir...
2026-08-07 01:22:34 | pocket.main          | INFO     | ℹ️  M1 üçün siqnal tapılmadı
2026-08-07 01:22:36 | pocket.main          | INFO     | ℹ️  M5 üçün siqnal tapılmadı
2026-08-07 01:22:39 | httpx                | INFO     | HTTP Request: POST https://api.telegram.org/bot8941505352:AAHsWfhljzdi9hH-pdjzsfA86Ih1YzBEBLA/getUpdates "HTTP/1.1 200 OK"
2026-08-07 01:22:39 | pocket.main          | INFO     | ℹ️  M15 üçün siqnal tapılmadı
2026-08-07 01:22:44 | pocket.main          | INFO     | 📊 Bazar skan edilir...
2026-08-07 01:22:47 | pocket.main          | INFO     | ℹ️  M1 üçün siqnal tapılmadı
2026-08-07 01:22:49 | httpx                | INFO     | HTTP Request: POST https://api.telegram.org/bot8941505352:AAHsWfhljzdi9hH-pdjzsfA86Ih1YzBEBLA/getUpdates "HTTP/1.1 200 OK"
2026-08-07 01:22:50 | pocket.main          | INFO     | ℹ️  M5 üçün siqnal tapılmadı
2026-08-07 01:22:53 | pocket.main          | INFO     | ℹ️  M15 üçün siqnal tapılmadı
2026-08-07 01:22:58 | pocket.main          | INFO     | 📊 Bazar skan edilir...
2026-08-07 01:23:00 | httpx                | INFO     | HTTP Request: POST https://api.telegram.org/bot8941505352:AAHsWfhljzdi9hH-pdjzsfA86Ih1YzBEBLA/getUpdates "HTTP/1.1 200 OK"
2026-08-07 01:23:01 | pocket.main          | INFO     | ℹ️  M1 üçün siqnal tapılmadı
2026-08-07 01:23:04 | pocket.main          | INFO     | ℹ️  M5 üçün siqnal tapılmadı
2026-08-07 01:23:08 | pocket.main          | INFO     | ℹ️  M15 üçün siqnal tapılmadı
2026-08-07 01:23:10 | httpx                | INFO     | HTTP Request: POST https://api.telegram.org/bot8941505352:AAHsWfhljzdi9hH-pdjzsfA86Ih1YzBEBLA/getUpdates "HTTP/1.1 200 OK"
2026-08-07 01:23:13 | pocket.main          | INFO     | 📊 Bazar skan edilir...
2026-08-07 01:23:15 | pocket.main          | INFO     | ℹ️  M1 üçün siqnal tapılmadı
2026-08-07 01:23:18 | pocket.main          | INFO     | ℹ️  M5 üçün siqnal tapılmadı
2026-08-07 01:23:20 | httpx                | INFO     | HTTP Request: POST https://api.telegram.org/bot8941505352:AAHsWfhljzdi9hH-pdjzsfA86Ih1YzBEBLA/getUpdates "HTTP/1.1 200 OK"
2026-08-07 01:23:21 | pocket.main          | INFO     | ℹ️  M15 üçün siqnal tapılmadı
2026-08-07 01:23:26 | pocket.main          | INFO     | 📊 Bazar skan edilir...
2026-08-07 01:23:29 | pocket.main          | INFO     | ℹ️  M1 üçün siqnal tapılmadı
2026-08-07 01:23:30 | httpx                | INFO     | HTTP Request: POST https://api.telegram.org/bot8941505352:AAHsWfhljzdi9hH-pdjzsfA86Ih1YzBEBLA/getUpdates "HTTP/1.1 200 OK"
2026-08-07 01:23:31 | pocket.main          | INFO     | ℹ️  M5 üçün siqnal tapılmadı
2026-08-07 01:23:34 | pocket.main          | INFO     | ℹ️  M15 üçün siqnal tapılmadı
2026-08-07 01:23:39 | pocket.main          | INFO     | 📊 Bazar skan edilir...
2026-08-07 01:23:40 | httpx                | INFO     | HTTP Request: POST https://api.telegram.org/bot8941505352:AAHsWfhljzdi9hH-pdjzsfA86Ih1YzBEBLA/getUpdates "HTTP/1.1 200 OK"
2026-08-07 01:23:42 | pocket.main          | INFO     | ℹ️  M1 üçün siqnal tapılmadı
2026-08-07 01:23:45 | pocket.main          | INFO     | ℹ️  M5 üçün siqnal tapılmadı
2026-08-07 01:23:48 | pocket.main          | INFO     | ℹ️  M15 üçün siqnal tapılmadı
2026-08-07 01:23:50 | httpx                | INFO     | HTTP Request: POST https://api.telegram.org/bot8941505352:AAHsWfhljzdi9hH-pdjzsfA86Ih1YzBEBLA/getUpdates "HTTP/1.1 200 OK"
2026-08-07 01:23:53 | pocket.main          | INFO     | 📊 Bazar skan edilir...
2026-08-07 01:23:56 | pocket.main          | INFO     | ℹ️  M1 üçün siqnal tapılmadı
2026-08-07 01:23:59 | pocket.main          | INFO     | ℹ️  M5 üçün siqnal tapılmadı
2026-08-07 01:24:00 | httpx                | INFO     | HTTP Request: POST https://api.telegram.org/bot8941505352:AAHsWfhljzdi9hH-pdjzsfA86Ih1YzBEBLA/getUpdates "HTTP/1.1 200 OK"
2026-08-07 01:24:01 | pocket.main          | INFO     | ℹ️  M15 üçün siqnal tapılmadı
2026-08-07 01:24:06 | pocket.main          | INFO     | 📊 Bazar skan edilir...
2026-08-07 01:24:09 | pocket.main          | INFO     | ℹ️  M1 üçün siqnal tapılmadı
2026-08-07 01:24:10 | httpx                | INFO     | HTTP Request: POST https://api.telegram.org/bot8941505352:AAHsWfhljzdi9hH-pdjzsfA86Ih1YzBEBLA/getUpdates "HTTP/1.1 200 OK"
2026-08-07 01:24:13 | pocket.main          | INFO     | ℹ️  M5 üçün siqnal tapılmadı
2026-08-07 01:24:16 | pocket.main          | INFO     | ℹ️  M15 üçün siqnal tapılmadı
2026-08-07 01:24:20 | httpx                | INFO     | HTTP Request: POST https://api.telegram.org/bot8941505352:AAHsWfhljzdi9hH-pdjzsfA86Ih1YzBEBLA/getUpdates "HTTP/1.1 200 OK"
2026-08-07 01:24:21 | pocket.main          | INFO     | 📊 Bazar skan edilir...
2026-08-07 01:24:23 | pocket.main          | INFO     | ℹ️  M1 üçün siqnal tapılmadı
2026-08-07 01:24:27 | pocket.main          | INFO     | ℹ️  M5 üçün siqnal tapılmadı
2026-08-07 01:24:30 | pocket.main          | INFO     | ℹ️  M15 üçün siqnal tapılmadı
2026-08-07 01:24:31 | httpx                | INFO     | HTTP Request: POST https://api.telegram.org/bot8941505352:AAHsWfhljzdi9hH-pdjzsfA86Ih1YzBEBLA/getUpdates "HTTP/1.1 200 OK"
2026-08-07 01:24:35 | pocket.main          | INFO     | 📊 Bazar skan edilir...
2026-08-07 01:24:37 | pocket.main          | INFO     | ℹ️  M1 üçün siqnal tapılmadı
2026-08-07 01:24:40 | pocket.main          | INFO     | ℹ️  M5 üçün siqnal tapılmadı
2026-08-07 01:24:41 | httpx                | INFO     | HTTP Request: POST https://api.telegram.org/bot8941505352:AAHsWfhljzdi9hH-pdjzsfA86Ih1YzBEBLA/getUpdates "HTTP/1.1 200 OK"
2026-08-07 01:24:43 | pocket.main          | INFO     | ℹ️  M15 üçün siqnal tapılmadı
2026-08-07 01:24:48 | pocket.main          | INFO     | 📊 Bazar skan edilir...
2026-08-07 01:24:50 | pocket.main          | INFO     | ℹ️  M1 üçün siqnal tapılmadı
2026-08-07 01:24:51 | httpx                | INFO     | HTTP Request: POST https://api.telegram.org/bot8941505352:AAHsWfhljzdi9hH-pdjzsfA86Ih1YzBEBLA/getUpdates "HTTP/1.1 200 OK"
2026-08-07 01:24:53 | pocket.main          | INFO     | ℹ️  M5 üçün siqnal tapılmadı
2026-08-07 01:24:56 | pocket.main          | INFO     | ℹ️  M15 üçün siqnal tapılmadı
2026-08-07 01:25:01 | httpx                | INFO     | HTTP Request: POST https://api.telegram.org/bot8941505352:AAHsWfhljzdi9hH-pdjzsfA86Ih1YzBEBLA/getUpdates "HTTP/1.1 200 OK"
2026-08-07 01:25:01 | pocket.main          | INFO     | 📊 Bazar skan edilir...
2026-08-07 01:25:04 | pocket.main          | INFO     | ℹ️  M1 üçün siqnal tapılmadı
2026-08-07 01:25:06 | pocket.main          | INFO     | ℹ️  M5 üçün siqnal tapılmadı
2026-08-07 01:25:10 | pocket.main          | INFO     | ℹ️  M15 üçün siqnal tapılmadı
2026-08-07 01:25:11 | httpx                | INFO     | HTTP Request: POST https://api.telegram.org/bot8941505352:AAHsWfhljzdi9hH-pdjzsfA86Ih1YzBEBLA/getUpdates "HTTP/1.1 200 OK"
2026-08-07 01:25:15 | pocket.main          | INFO     | 📊 Bazar skan edilir...
2026-08-07 01:25:18 | pocket.main          | INFO     | ℹ️  M1 üçün siqnal tapılmadı
2026-08-07 01:25:21 | httpx                | INFO     | HTTP Request: POST https://api.telegram.org/bot8941505352:AAHsWfhljzdi9hH-pdjzsfA86Ih1YzBEBLA/getUpdates "HTTP/1.1 200 OK"
2026-08-07 01:25:21 | pocket.main          | INFO     | ℹ️  M5 üçün siqnal tapılmadı
2026-08-07 01:25:24 | pocket.main          | INFO     | ℹ️  M15 üçün siqnal tapılmadı
2026-08-07 01:25:29 | pocket.main          | INFO     | 📊 Bazar skan edilir...
2026-08-07 01:25:31 | httpx                | INFO     | HTTP Request: POST https://api.telegram.org/bot8941505352:AAHsWfhljzdi9hH-pdjzsfA86Ih1YzBEBLA/getUpdates "HTTP/1.1 200 OK"
2026-08-07 01:25:32 | pocket.main          | INFO     | ℹ️  M1 üçün siqnal tapılmadı
2026-08-07 01:25:35 | pocket.main          | INFO     | ℹ️  M5 üçün siqnal tapılmadı
2026-08-07 01:25:38 | pocket.main          | INFO     | ℹ️  M15 üçün siqnal tapılmadı
2026-08-07 01:25:41 | httpx                | INFO     | HTTP Request: POST https://api.telegram.org/bot8941505352:AAHsWfhljzdi9hH-pdjzsfA86Ih1YzBEBLA/getUpdates "HTTP/1.1 200 OK"
2026-08-07 01:25:43 | pocket.main          | INFO     | 📊 Bazar skan edilir...
2026-08-07 01:25:45 | pocket.main          | INFO     | ℹ️  M1 üçün siqnal tapılmadı
2026-08-07 01:25:48 | pocket.main          | INFO     | ℹ️  M5 üçün siqnal tapılmadı
2026-08-07 01:25:51 | httpx                | INFO     | HTTP Request: POST https://api.telegram.org/bot8941505352:AAHsWfhljzdi9hH-pdjzsfA86Ih1YzBEBLA/getUpdates "HTTP/1.1 200 OK"
2026-08-07 01:25:51 | pocket.main          | INFO     | ℹ️  M15 üçün siqnal tapılmadı
2026-08-07 01:25:56 | pocket.main          | INFO     | 📊 Bazar skan edilir...
2026-08-07 01:25:59 | pocket.main          | INFO     | ℹ️  M1 üçün siqnal tapılmadı
2026-08-07 01:26:01 | pocket.main          | INFO     | ℹ️  M5 üçün siqnal tapılmadı
2026-08-07 01:26:01 | httpx                | INFO     | HTTP Request: POST https://api.telegram.org/bot8941505352:AAHsWfhljzdi9hH-pdjzsfA86Ih1YzBEBLA/getUpdates "HTTP/1.1 200 OK"
2026-08-07 01:26:05 | pocket.main          | INFO     | ℹ️  M15 üçün siqnal tapılmadı
2026-08-07 01:26:10 | pocket.main          | INFO     | 📊 Bazar skan edilir...
2026-08-07 01:26:12 | httpx                | INFO     | HTTP Request: POST https://api.telegram.org/bot8941505352:AAHsWfhljzdi9hH-pdjzsfA86Ih1YzBEBLA/getUpdates "HTTP/1.1 200 OK"
2026-08-07 01:26:12 | pocket.main          | INFO     | ℹ️  M1 üçün siqnal tapılmadı
2026-08-07 01:26:15 | pocket.main          | INFO     | ℹ️  M5 üçün siqnal tapılmadı
2026-08-07 01:26:18 | pocket.main          | INFO     | ℹ️  M15 üçün siqnal tapılmadı
2026-08-07 01:26:22 | httpx                | INFO     | HTTP Request: POST https://api.telegram.org/bot8941505352:AAHsWfhljzdi9hH-pdjzsfA86Ih1YzBEBLA/getUpdates "HTTP/1.1 200 OK"
2026-08-07 01:26:23 | pocket.main          | INFO     | 📊 Bazar skan edilir...
2026-08-07 01:26:25 | pocket.main          | INFO     | ℹ️  M1 üçün siqnal tapılmadı
2026-08-07 01:26:28 | pocket.main          | INFO     | ℹ️  M5 üçün siqnal tapılmadı
2026-08-07 01:26:31 | pocket.main          | INFO     | ℹ️  M15 üçün siqnal tapılmadı
2026-08-07 01:26:32 | httpx                | INFO     | HTTP Request: POST https://api.telegram.org/bot8941505352:AAHsWfhljzdi9hH-pdjzsfA86Ih1YzBEBLA/getUpdates "HTTP/1.1 200 OK"
2026-08-07 01:26:36 | pocket.main          | INFO     | 📊 Bazar skan edilir...
2026-08-07 01:26:38 | pocket.main          | INFO     | ℹ️  M1 üçün siqnal tapılmadı
2026-08-07 01:26:42 | httpx                | INFO     | HTTP Request: POST https://api.telegram.org/bot8941505352:AAHsWfhljzdi9hH-pdjzsfA86Ih1YzBEBLA/getUpdates "HTTP/1.1 200 OK"
2026-08-07 01:26:44 | pocket.main          | INFO     | ℹ️  M5 üçün siqnal tapılmadı
2026-08-07 01:26:47 | pocket.main          | INFO     | ℹ️  M15 üçün siqnal tapılmadı
2026-08-07 01:26:52 | pocket.main          | INFO     | 📊 Bazar skan edilir...
2026-08-07 01:26:52 | httpx                | INFO     | HTTP Request: POST https://api.telegram.org/bot8941505352:AAHsWfhljzdi9hH-pdjzsfA86Ih1YzBEBLA/getUpdates "HTTP/1.1 200 OK"
2026-08-07 01:26:55 | pocket.main          | INFO     | ℹ️  M1 üçün siqnal tapılmadı
2026-08-07 01:26:57 | pocket.main          | INFO     | ℹ️  M5 üçün siqnal tapılmadı
2026-08-07 01:27:00 | pocket.main          | INFO     | ℹ️  M15 üçün siqnal tapılmadı
2026-08-07 01:27:02 | httpx                | INFO     | HTTP Request: POST https://api.telegram.org/bot8941505352:AAHsWfhljzdi9hH-pdjzsfA86Ih1YzBEBLA/getUpdates "HTTP/1.1 200 OK"
2026-08-07 01:27:05 | pocket.main          | INFO     | 📊 Bazar skan edilir...
2026-08-07 01:27:08 | pocket.main          | INFO     | ℹ️  M1 üçün siqnal tapılmadı
2026-08-07 01:27:10 | pocket.main          | INFO     | ℹ️  M5 üçün siqnal tapılmadı
2026-08-07 01:27:12 | httpx                | INFO     | HTTP Request: POST https://api.telegram.org/bot8941505352:AAHsWfhljzdi9hH-pdjzsfA86Ih1YzBEBLA/getUpdates "HTTP/1.1 200 OK"
2026-08-07 01:27:14 | pocket.main          | INFO     | ℹ️  M15 üçün siqnal tapılmadı
2026-08-07 01:27:19 | pocket.main          | INFO     | 📊 Bazar skan edilir...
2026-08-07 01:27:21 | pocket.main          | INFO     | ℹ️  M1 üçün siqnal tapılmadı
2026-08-07 01:27:22 | httpx                | INFO     | HTTP Request: POST https://api.telegram.org/bot8941505352:AAHsWfhljzdi9hH-pdjzsfA86Ih1YzBEBLA/getUpdates "HTTP/1.1 200 OK"
2026-08-07 01:27:24 | pocket.main          | INFO     | ℹ️  M5 üçün siqnal tapılmadı
2026-08-07 01:27:27 | pocket.main          | INFO     | ℹ️  M15 üçün siqnal tapılmadı
2026-08-07 01:27:32 | pocket.main          | INFO     | 📊 Bazar skan edilir...
2026-08-07 01:27:32 | httpx                | INFO     | HTTP Request: POST https://api.telegram.org/bot8941505352:AAHsWfhljzdi9hH-pdjzsfA86Ih1YzBEBLA/getUpdates "HTTP/1.1 200 OK"
2026-08-07 01:27:34 | pocket.main          | INFO     | ℹ️  M1 üçün siqnal tapılmadı
2026-08-07 01:27:37 | pocket.main          | INFO     | ℹ️  M5 üçün siqnal tapılmadı
2026-08-07 01:27:40 | pocket.main          | INFO     | ℹ️  M15 üçün siqnal tapılmadı
2026-08-07 01:27:43 | httpx                | INFO     | HTTP Request: POST https://api.telegram.org/bot8941505352:AAHsWfhljzdi9hH-pdjzsfA86Ih1YzBEBLA/getUpdates "HTTP/1.1 200 OK"
2026-08-07 01:27:45 | pocket.main          | INFO     | 📊 Bazar skan edilir...
2026-08-07 01:27:48 | pocket.main          | INFO     | ℹ️  M1 üçün siqnal tapılmadı
2026-08-07 01:27:50 | pocket.main          | INFO     | ℹ️  M5 üçün siqnal tapılmadı
2026-08-07 01:27:53 | httpx                | INFO     | HTTP Request: POST https://api.telegram.org/bot8941505352:AAHsWfhljzdi9hH-pdjzsfA86Ih1YzBEBLA/getUpdates "HTTP/1.1 200 OK"
2026-08-07 01:27:53 | pocket.main          | INFO     | ℹ️  M15 üçün siqnal tapılmadı
2026-08-07 01:27:58 | pocket.main          | INFO     | 📊 Bazar skan edilir...
2026-08-07 01:28:01 | pocket.main          | INFO     | ℹ️  M1 üçün siqnal tapılmadı
2026-08-07 01:28:03 | httpx                | INFO     | HTTP Request: POST https://api.telegram.org/bot8941505352:AAHsWfhljzdi9hH-pdjzsfA86Ih1YzBEBLA/getUpdates "HTTP/1.1 200 OK"
2026-08-07 01:28:03 | pocket.main          | INFO     | ℹ️  M5 üçün siqnal tapılmadı
2026-08-07 01:28:07 | pocket.main          | INFO     | ℹ️  M15 üçün siqnal tapılmadı
2026-08-07 01:28:12 | pocket.main          | INFO     | 📊 Bazar skan edilir...
2026-08-07 01:28:13 | httpx                | INFO     | HTTP Request: POST https://api.telegram.org/bot8941505352:AAHsWfhljzdi9hH-pdjzsfA86Ih1YzBEBLA/getUpdates "HTTP/1.1 200 OK"
2026-08-07 01:28:14 | pocket.main          | INFO     | ℹ️  M1 üçün siqnal tapılmadı
2026-08-07 01:28:17 | pocket.main          | INFO     | ℹ️  M5 üçün siqnal tapılmadı
2026-08-07 01:28:21 | pocket.main          | INFO     | ℹ️  M15 üçün siqnal tapılmadı
2026-08-07 01:28:23 | httpx                | INFO     | HTTP Request: POST https://api.telegram.org/bot8941505352:AAHsWfhljzdi9hH-pdjzsfA86Ih1YzBEBLA/getUpdates "HTTP/1.1 200 OK"
2026-08-07 01:28:26 | pocket.main          | INFO     | 📊 Bazar skan edilir...
2026-08-07 01:28:28 | pocket.main          | INFO     | ℹ️  M1 üçün siqnal tapılmadı
2026-08-07 01:28:32 | pocket.main          | INFO     | ℹ️  M5 üçün siqnal tapılmadı
2026-08-07 01:28:33 | httpx                | INFO     | HTTP Request: POST https://api.telegram.org/bot8941505352:AAHsWfhljzdi9hH-pdjzsfA86Ih1YzBEBLA/getUpdates "HTTP/1.1 200 OK"
2026-08-07 01:28:35 | pocket.main          | INFO     | ℹ️  M15 üçün siqnal tapılmadı
2026-08-07 01:28:40 | pocket.main          | INFO     | 📊 Bazar skan edilir...
2026-08-07 01:28:43 | pocket.main          | INFO     | ℹ️  M1 üçün siqnal tapılmadı
2026-08-07 01:28:43 | httpx                | INFO     | HTTP Request: POST https://api.telegram.org/bot8941505352:AAHsWfhljzdi9hH-pdjzsfA86Ih1YzBEBLA/getUpdates "HTTP/1.1 200 OK"
2026-08-07 01:28:46 | pocket.main          | INFO     | ℹ️  M5 üçün siqnal tapılmadı
2026-08-07 01:28:50 | pocket.main          | INFO     | ℹ️  M15 üçün siqnal tapılmadı
2026-08-07 01:28:53 | httpx                | INFO     | HTTP Request: POST https://api.telegram.org/bot8941505352:AAHsWfhljzdi9hH-pdjzsfA86Ih1YzBEBLA/getUpdates "HTTP/1.1 200 OK"
2026-08-07 01:28:55 | pocket.main          | INFO     | 📊 Bazar skan edilir...
2026-08-07 01:28:57 | pocket.main          | INFO     | ℹ️  M1 üçün siqnal tapılmadı
2026-08-07 01:29:01 | pocket.main          | INFO     | ℹ️  M5 üçün siqnal tapılmadı
2026-08-07 01:29:03 | httpx                | INFO     | HTTP Request: POST https://api.telegram.org/bot8941505352:AAHsWfhljzdi9hH-pdjzsfA86Ih1YzBEBLA/getUpdates "HTTP/1.1 200 OK"
2026-08-07 01:29:04 | pocket.main          | INFO     | ℹ️  M15 üçün siqnal tapılmadı
2026-08-07 01:29:09 | pocket.main          | INFO     | 📊 Bazar skan edilir...
2026-08-07 01:29:12 | pocket.main          | INFO     | ℹ️  M1 üçün siqnal tapılmadı
2026-08-07 01:29:14 | httpx                | INFO     | HTTP Request: POST https://api.telegram.org/bot8941505352:AAHsWfhljzdi9hH-pdjzsfA86Ih1YzBEBLA/getUpdates "HTTP/1.1 200 OK"
2026-08-07 01:29:16 | pocket.main          | INFO     | ℹ️  M5 üçün siqnal tapılmadı
2026-08-07 01:29:19 | pocket.main          | INFO     | ℹ️  M15 üçün siqnal tapılmadı
2026-08-07 01:29:24 | httpx                | INFO     | HTTP Request: POST https://api.telegram.org/bot8941505352:AAHsWfhljzdi9hH-pdjzsfA86Ih1YzBEBLA/getUpdates "HTTP/1.1 200 OK"
2026-08-07 01:29:24 | pocket.main          | INFO     | 📊 Bazar skan edilir...
2026-08-07 01:29:27 | pocket.main          | INFO     | ℹ️  M1 üçün siqnal tapılmadı
2026-08-07 01:29:30 | pocket.main          | INFO     | ℹ️  M5 üçün siqnal tapılmadı
2026-08-07 01:29:33 | pocket.main          | INFO     | ℹ️  M15 üçün siqnal tapılmadı
2026-08-07 01:29:34 | httpx                | INFO     | HTTP Request: POST https://api.telegram.org/bot8941505352:AAHsWfhljzdi9hH-pdjzsfA86Ih1YzBEBLA/getUpdates "HTTP/1.1 200 OK"
2026-08-07 01:29:38 | pocket.main          | INFO     | 📊 Bazar skan edilir...
2026-08-07 01:29:41 | pocket.main          | INFO     | ℹ️  M1 üçün siqnal tapılmadı
2026-08-07 01:29:44 | httpx                | INFO     | HTTP Request: POST https://api.telegram.org/bot8941505352:AAHsWfhljzdi9hH-pdjzsfA86Ih1YzBEBLA/getUpdates "HTTP/1.1 200 OK"
2026-08-07 01:29:44 | pocket.main          | INFO     | ℹ️  M5 üçün siqnal tapılmadı
2026-08-07 01:29:47 | pocket.main          | INFO     | ℹ️  M15 üçün siqnal tapılmadı
2026-08-07 01:29:52 | pocket.main          | INFO     | 📊 Bazar skan edilir...
2026-08-07 01:29:54 | httpx                | INFO     | HTTP Request: POST https://api.telegram.org/bot8941505352:AAHsWfhljzdi9hH-pdjzsfA86Ih1YzBEBLA/getUpdates "HTTP/1.1 200 OK"
2026-08-07 01:29:55 | pocket.main          | INFO     | ℹ️  M1 üçün siqnal tapılmadı
2026-08-07 01:29:57 | pocket.main          | INFO     | ℹ️  M5 üçün siqnal tapılmadı
2026-08-07 01:30:00 | pocket.main          | INFO     | ℹ️  M15 üçün siqnal tapılmadı
2026-08-07 01:30:04 | httpx                | INFO     | HTTP Request: POST https://api.telegram.org/bot8941505352:AAHsWfhljzdi9hH-pdjzsfA86Ih1YzBEBLA/getUpdates "HTTP/1.1 200 OK"
2026-08-07 01:30:05 | pocket.main          | INFO     | 📊 Bazar skan edilir...
2026-08-07 01:30:08 | pocket.main          | INFO     | ℹ️  M1 üçün siqnal tapılmadı
2026-08-07 01:30:10 | pocket.main          | INFO     | ℹ️  M5 üçün siqnal tapılmadı
2026-08-07 01:30:14 | pocket.main          | INFO     | ℹ️  M15 üçün siqnal tapılmadı
2026-08-07 01:30:14 | httpx                | INFO     | HTTP Request: POST https://api.telegram.org/bot8941505352:AAHsWfhljzdi9hH-pdjzsfA86Ih1YzBEBLA/getUpdates "HTTP/1.1 200 OK"
2026-08-07 01:30:19 | pocket.main          | INFO     | 📊 Bazar skan edilir...
2026-08-07 01:30:21 | pocket.main          | INFO     | ℹ️  M1 üçün siqnal tapılmadı
2026-08-07 01:30:24 | pocket.main          | INFO     | ℹ️  M5 üçün siqnal tapılmadı
2026-08-07 01:30:24 | httpx                | INFO     | HTTP Request: POST https://api.telegram.org/bot8941505352:AAHsWfhljzdi9hH-pdjzsfA86Ih1YzBEBLA/getUpdates "HTTP/1.1 200 OK"
2026-08-07 01:30:27 | pocket.main          | INFO     | ℹ️  M15 üçün siqnal tapılmadı
2026-08-07 01:30:32 | pocket.main          | INFO     | 📊 Bazar skan edilir...
2026-08-07 01:30:34 | httpx                | INFO     | HTTP Request: POST https://api.telegram.org/bot8941505352:AAHsWfhljzdi9hH-pdjzsfA86Ih1YzBEBLA/getUpdates "HTTP/1.1 200 OK"
2026-08-07 01:30:35 | pocket.main          | INFO     | ℹ️  M1 üçün siqnal tapılmadı
2026-08-07 01:30:37 | pocket.main          | INFO     | ℹ️  M5 üçün siqnal tapılmadı
2026-08-07 01:30:40 | pocket.main          | INFO     | ℹ️  M15 üçün siqnal tapılmadı
2026-08-07 01:30:45 | httpx                | INFO     | HTTP Request: POST https://api.telegram.org/bot8941505352:AAHsWfhljzdi9hH-pdjzsfA86Ih1YzBEBLA/getUpdates "HTTP/1.1 200 OK"
2026-08-07 01:30:45 | pocket.main          | INFO     | 📊 Bazar skan edilir...
2026-08-07 01:30:48 | pocket.main          | INFO     | ℹ️  M1 üçün siqnal tapılmadı
2026-08-07 01:30:51 | pocket.main          | INFO     | ℹ️  M5 üçün siqnal tapılmadı
2026-08-07 01:30:54 | pocket.main          | INFO     | ℹ️  M15 üçün siqnal tapılmadı
2026-08-07 01:30:55 | httpx                | INFO     | HTTP Request: POST https://api.telegram.org/bot8941505352:AAHsWfhljzdi9hH-pdjzsfA86Ih1YzBEBLA/getUpdates "HTTP/1.1 200 OK"
2026-08-07 01:30:59 | pocket.main          | INFO     | 📊 Bazar skan edilir...
2026-08-07 01:31:01 | pocket.main          | INFO     | ℹ️  M1 üçün siqnal tapılmadı
2026-08-07 01:31:04 | pocket.main          | INFO     | ℹ️  M5 üçün siqnal tapılmadı
2026-08-07 01:31:05 | httpx                | INFO     | HTTP Request: POST https://api.telegram.org/bot8941505352:AAHsWfhljzdi9hH-pdjzsfA86Ih1YzBEBLA/getUpdates "HTTP/1.1 200 OK"
2026-08-07 01:31:07 | pocket.main          | INFO     | ℹ️  M15 üçün siqnal tapılmadı
2026-08-07 01:31:12 | pocket.main          | INFO     | 📊 Bazar skan edilir...
2026-08-07 01:31:15 | httpx                | INFO     | HTTP Request: POST https://api.telegram.org/bot8941505352:AAHsWfhljzdi9hH-pdjzsfA86Ih1YzBEBLA/getUpdates "HTTP/1.1 200 OK"
2026-08-07 01:31:15 | pocket.main          | INFO     | ℹ️  M1 üçün siqnal tapılmadı
2026-08-07 01:31:18 | pocket.main          | INFO     | ℹ️  M5 üçün siqnal tapılmadı
2026-08-07 01:31:21 | pocket.main          | INFO     | ℹ️  M15 üçün siqnal tapılmadı
2026-08-07 01:31:25 | httpx                | INFO     | HTTP Request: POST https://api.telegram.org/bot8941505352:AAHsWfhljzdi9hH-pdjzsfA86Ih1YzBEBLA/getUpdates "HTTP/1.1 200 OK"
2026-08-07 01:31:26 | pocket.main          | INFO     | 📊 Bazar skan edilir...
2026-08-07 01:31:28 | pocket.main          | INFO     | ℹ️  M1 üçün siqnal tapılmadı
2026-08-07 01:31:31 | pocket.main          | INFO     | ℹ️  M5 üçün siqnal tapılmadı
2026-08-07 01:31:34 | pocket.main          | INFO     | ℹ️  M15 üçün siqnal tapılmadı
2026-08-07 01:31:35 | httpx                | INFO     | HTTP Request: POST https://api.telegram.org/bot8941505352:AAHsWfhljzdi9hH-pdjzsfA86Ih1YzBEBLA/getUpdates "HTTP/1.1 200 OK"
2026-08-07 01:31:39 | pocket.main          | INFO     | 📊 Bazar skan edilir...
2026-08-07 01:31:42 | pocket.main          | INFO     | ℹ️  M1 üçün siqnal tapılmadı
2026-08-07 01:31:45 | pocket.main          | INFO     | ℹ️  M5 üçün siqnal tapılmadı
2026-08-07 01:31:45 | httpx                | INFO     | HTTP Request: POST https://api.telegram.org/bot8941505352:AAHsWfhljzdi9hH-pdjzsfA86Ih1YzBEBLA/getUpdates "HTTP/1.1 200 OK"
2026-08-07 01:31:48 | pocket.main          | INFO     | ℹ️  M15 üçün siqnal tapılmadı
2026-08-07 01:31:53 | pocket.main          | INFO     | 📊 Bazar skan edilir...
2026-08-07 01:31:55 | pocket.main          | INFO     | ℹ️  M1 üçün siqnal tapılmadı
2026-08-07 01:31:55 | httpx                | INFO     | HTTP Request: POST https://api.telegram.org/bot8941505352:AAHsWfhljzdi9hH-pdjzsfA86Ih1YzBEBLA/getUpdates "HTTP/1.1 200 OK"
2026-08-07 01:31:58 | pocket.main          | INFO     | ℹ️  M5 üçün siqnal tapılmadı
2026-08-07 01:32:00 | pocket.main          | INFO     | ℹ️  M15 üçün siqnal tapılmadı
2026-08-07 01:32:05 | httpx                | INFO     | HTTP Request: POST https://api.telegram.org/bot8941505352:AAHsWfhljzdi9hH-pdjzsfA86Ih1YzBEBLA/getUpdates "HTTP/1.1 200 OK"
2026-08-07 01:32:05 | pocket.main          | INFO     | 📊 Bazar skan edilir...
2026-08-07 01:32:08 | pocket.main          | INFO     | ℹ️  M1 üçün siqnal tapılmadı
2026-08-07 01:32:10 | pocket.main          | INFO     | ℹ️  M5 üçün siqnal tapılmadı
2026-08-07 01:32:15 | httpx                | INFO     | HTTP Request: POST https://api.telegram.org/bot8941505352:AAHsWfhljzdi9hH-pdjzsfA86Ih1YzBEBLA/getUpdates "HTTP/1.1 200 OK"
2026-08-07 01:32:18 | pocket.main          | INFO     | ℹ️  M15 üçün siqnal tapılmadı
2026-08-07 01:32:23 | pocket.main          | INFO     | 📊 Bazar skan edilir...
2026-08-07 01:32:26 | httpx                | INFO     | HTTP Request: POST https://api.telegram.org/bot8941505352:AAHsWfhljzdi9hH-pdjzsfA86Ih1YzBEBLA/getUpdates "HTTP/1.1 200 OK"
2026-08-07 01:32:26 | pocket.main          | INFO     | ℹ️  M1 üçün siqnal tapılmadı
2026-08-07 01:32:29 | pocket.main          | INFO     | ℹ️  M5 üçün siqnal tapılmadı
2026-08-07 01:32:32 | pocket.main          | INFO     | ℹ️  M15 üçün siqnal tapılmadı
2026-08-07 01:32:36 | httpx                | INFO     | HTTP Request: POST https://api.telegram.org/bot8941505352:AAHsWfhljzdi9hH-pdjzsfA86Ih1YzBEBLA/getUpdates "HTTP/1.1 200 OK"
2026-08-07 01:32:37 | pocket.main          | INFO     | 📊 Bazar skan edilir...
2026-08-07 01:32:40 | pocket.main          | INFO     | ℹ️  M1 üçün siqnal tapılmadı
2026-08-07 01:32:42 | pocket.main          | INFO     | ℹ️  M5 üçün siqnal tapılmadı
2026-08-07 01:32:45 | pocket.main          | INFO     | ℹ️  M15 üçün siqnal tapılmadı
2026-08-07 01:32:46 | httpx                | INFO     | HTTP Request: POST https://api.telegram.org/bot8941505352:AAHsWfhljzdi9hH-pdjzsfA86Ih1YzBEBLA/getUpdates "HTTP/1.1 200 OK"
2026-08-07 01:32:50 | pocket.main          | INFO     | 📊 Bazar skan edilir...
2026-08-07 01:32:53 | pocket.main          | INFO     | ℹ️  M1 üçün siqnal tapılmadı
2026-08-07 01:32:56 | pocket.main          | INFO     | ℹ️  M5 üçün siqnal tapılmadı
2026-08-07 01:32:56 | httpx                | INFO     | HTTP Request: POST https://api.telegram.org/bot8941505352:AAHsWfhljzdi9hH-pdjzsfA86Ih1YzBEBLA/getUpdates "HTTP/1.1 200 OK"
2026-08-07 01:32:58 | pocket.main          | INFO     | ℹ️  M15 üçün siqnal tapılmadı
2026-08-07 01:33:04 | pocket.main          | INFO     | 📊 Bazar skan edilir...
2026-08-07 01:33:06 | httpx                | INFO     | HTTP Request: POST https://api.telegram.org/bot8941505352:AAHsWfhljzdi9hH-pdjzsfA86Ih1YzBEBLA/getUpdates "HTTP/1.1 200 OK"
2026-08-07 01:33:06 | pocket.main          | INFO     | ℹ️  M1 üçün siqnal tapılmadı
2026-08-07 01:33:10 | pocket.main          | INFO     | ℹ️  M5 üçün siqnal tapılmadı
2026-08-07 01:33:13 | pocket.main          | INFO     | ℹ️  M15 üçün siqnal tapılmadı
2026-08-07 01:33:16 | httpx                | INFO     | HTTP Request: POST https://api.telegram.org/bot8941505352:AAHsWfhljzdi9hH-pdjzsfA86Ih1YzBEBLA/getUpdates "HTTP/1.1 200 OK"
2026-08-07 01:33:18 | pocket.main          | INFO     | 📊 Bazar skan edilir...
2026-08-07 01:33:20 | pocket.main          | INFO     | ℹ️  M1 üçün siqnal tapılmadı
2026-08-07 01:33:23 | pocket.main          | INFO     | ℹ️  M5 üçün siqnal tapılmadı
2026-08-07 01:33:26 | pocket.main          | INFO     | ℹ️  M15 üçün siqnal tapılmadı
2026-08-07 01:33:26 | httpx                | INFO     | HTTP Request: POST https://api.telegram.org/bot8941505352:AAHsWfhljzdi9hH-pdjzsfA86Ih1YzBEBLA/getUpdates "HTTP/1.1 200 OK"
2026-08-07 01:33:31 | pocket.main          | INFO     | 📊 Bazar skan edilir...
2026-08-07 01:33:33 | pocket.main          | INFO     | ℹ️  M1 üçün siqnal tapılmadı
2026-08-07 01:33:36 | pocket.main          | INFO     | ℹ️  M5 üçün siqnal tapılmadı
2026-08-07 01:33:36 | httpx                | INFO     | HTTP Request: POST https://api.telegram.org/bot8941505352:AAHsWfhljzdi9hH-pdjzsfA86Ih1YzBEBLA/getUpdates "HTTP/1.1 200 OK"
2026-08-07 01:33:39 | pocket.main          | INFO     | ℹ️  M15 üçün siqnal tapılmadı
2026-08-07 01:33:44 | pocket.main          | INFO     | 📊 Bazar skan edilir...
2026-08-07 01:33:46 | pocket.main          | INFO     | ℹ️  M1 üçün siqnal tapılmadı
2026-08-07 01:33:46 | httpx                | INFO     | HTTP Request: POST https://api.telegram.org/bot8941505352:AAHsWfhljzdi9hH-pdjzsfA86Ih1YzBEBLA/getUpdates "HTTP/1.1 200 OK"
2026-08-07 01:33:49 | pocket.main          | INFO     | ℹ️  M5 üçün siqnal tapılmadı
2026-08-07 01:33:52 | pocket.main          | INFO     | ℹ️  M15 üçün siqnal tapılmadı
2026-08-07 01:33:56 | httpx                | INFO     | HTTP Request: POST https://api.telegram.org/bot8941505352:AAHsWfhljzdi9hH-pdjzsfA86Ih1YzBEBLA/getUpdates "HTTP/1.1 200 OK"
2026-08-07 01:33:57 | pocket.main          | INFO     | 📊 Bazar skan edilir...
2026-08-07 01:33:59 | pocket.main          | INFO     | ℹ️  M1 üçün siqnal tapılmadı
2026-08-07 01:34:02 | pocket.main          | INFO     | ℹ️  M5 üçün siqnal tapılmadı
2026-08-07 01:34:05 | pocket.main          | INFO     | ℹ️  M15 üçün siqnal tapılmadı
2026-08-07 01:34:07 | httpx                | INFO     | HTTP Request: POST https://api.telegram.org/bot8941505352:AAHsWfhljzdi9hH-pdjzsfA86Ih1YzBEBLA/getUpdates "HTTP/1.1 200 OK"
2026-08-07 01:34:10 | pocket.main          | INFO     | 📊 Bazar skan edilir...
2026-08-07 01:34:12 | pocket.main          | INFO     | ℹ️  M1 üçün siqnal tapılmadı
2026-08-07 01:34:15 | pocket.main          | INFO     | ℹ️  M5 üçün siqnal tapılmadı
2026-08-07 01:34:17 | httpx                | INFO     | HTTP Request: POST https://api.telegram.org/bot8941505352:AAHsWfhljzdi9hH-pdjzsfA86Ih1YzBEBLA/getUpdates "HTTP/1.1 200 OK"
2026-08-07 01:34:18 | pocket.main          | INFO     | ℹ️  M15 üçün siqnal tapılmadı
2026-08-07 01:34:23 | pocket.main          | INFO     | 📊 Bazar skan edilir...
2026-08-07 01:34:25 | pocket.main          | INFO     | ℹ️  M1 üçün siqnal tapılmadı
2026-08-07 01:34:27 | httpx                | INFO     | HTTP Request: POST https://api.telegram.org/bot8941505352:AAHsWfhljzdi9hH-pdjzsfA86Ih1YzBEBLA/getUpdates "HTTP/1.1 200 OK"
2026-08-07 01:34:28 | pocket.main          | INFO     | ℹ️  M5 üçün siqnal tapılmadı
2026-08-07 01:34:32 | pocket.main          | INFO     | ℹ️  M15 üçün siqnal tapılmadı
2026-08-07 01:34:37 | httpx                | INFO     | HTTP Request: POST https://api.telegram.org/bot8941505352:AAHsWfhljzdi9hH-pdjzsfA86Ih1YzBEBLA/getUpdates "HTTP/1.1 200 OK"
2026-08-07 01:34:37 | pocket.main          | INFO     | 📊 Bazar skan edilir...
2026-08-07 01:34:39 | pocket.main          | INFO     | ℹ️  M1 üçün siqnal tapılmadı
2026-08-07 01:34:42 | pocket.main          | INFO     | ℹ️  M5 üçün siqnal tapılmadı
2026-08-07 01:34:45 | pocket.main          | INFO     | ℹ️  M15 üçün siqnal tapılmadı
2026-08-07 01:34:47 | httpx                | INFO     | HTTP Request: POST https://api.telegram.org/bot8941505352:AAHsWfhljzdi9hH-pdjzsfA86Ih1YzBEBLA/getUpdates "HTTP/1.1 200 OK"
2026-08-07 01:34:50 | pocket.main          | INFO     | 📊 Bazar skan edilir...
2026-08-07 01:34:53 | pocket.main          | INFO     | ℹ️  M1 üçün siqnal tapılmadı
2026-08-07 01:34:56 | pocket.main          | INFO     | ℹ️  M5 üçün siqnal tapılmadı
2026-08-07 01:34:57 | httpx                | INFO     | HTTP Request: POST https://api.telegram.org/bot8941505352:AAHsWfhljzdi9hH-pdjzsfA86Ih1YzBEBLA/getUpdates "HTTP/1.1 200 OK"
2026-08-07 01:34:58 | pocket.main          | INFO     | ℹ️  M15 üçün siqnal tapılmadı
2026-08-07 01:35:03 | pocket.main          | INFO     | 📊 Bazar skan edilir...
2026-08-07 01:35:06 | pocket.main          | INFO     | ℹ️  M1 üçün siqnal tapılmadı
2026-08-07 01:35:07 | httpx                | INFO     | HTTP Request: POST https://api.telegram.org/bot8941505352:AAHsWfhljzdi9hH-pdjzsfA86Ih1YzBEBLA/getUpdates "HTTP/1.1 200 OK"
2026-08-07 01:35:09 | pocket.main          | INFO     | ℹ️  M5 üçün siqnal tapılmadı
2026-08-07 01:35:13 | pocket.main          | INFO     | ℹ️  M15 üçün siqnal tapılmadı
2026-08-07 01:35:17 | httpx                | INFO     | HTTP Request: POST https://api.telegram.org/bot8941505352:AAHsWfhljzdi9hH-pdjzsfA86Ih1YzBEBLA/getUpdates "HTTP/1.1 200 OK"
2026-08-07 01:35:18 | pocket.main          | INFO     | 📊 Bazar skan edilir...
2026-08-07 01:35:20 | pocket.main          | INFO     | ℹ️  M1 üçün siqnal tapılmadı
2026-08-07 01:35:23 | pocket.main          | INFO     | ℹ️  M5 üçün siqnal tapılmadı
2026-08-07 01:35:26 | pocket.main          | INFO     | ℹ️  M15 üçün siqnal tapılmadı
2026-08-07 01:35:27 | httpx                | INFO     | HTTP Request: POST https://api.telegram.org/bot8941505352:AAHsWfhljzdi9hH-pdjzsfA86Ih1YzBEBLA/getUpdates "HTTP/1.1 200 OK"
2026-08-07 01:35:31 | pocket.main          | INFO     | 📊 Bazar skan edilir...
2026-08-07 01:35:33 | pocket.main          | INFO     | ℹ️  M1 üçün siqnal tapılmadı
2026-08-07 01:35:36 | pocket.main          | INFO     | ℹ️  M5 üçün siqnal tapılmadı
2026-08-07 01:35:37 | httpx                | INFO     | HTTP Request: POST https://api.telegram.org/bot8941505352:AAHsWfhljzdi9hH-pdjzsfA86Ih1YzBEBLA/getUpdates "HTTP/1.1 200 OK"
2026-08-07 01:35:39 | pocket.main          | INFO     | ℹ️  M15 üçün siqnal tapılmadı
2026-08-07 01:35:44 | pocket.main          | INFO     | 📊 Bazar skan edilir...
2026-08-07 01:35:46 | pocket.main          | INFO     | ℹ️  M1 üçün siqnal tapılmadı
2026-08-07 01:35:48 | httpx                | INFO     | HTTP Request: POST https://api.telegram.org/bot8941505352:AAHsWfhljzdi9hH-pdjzsfA86Ih1YzBEBLA/getUpdates "HTTP/1.1 200 OK"
2026-08-07 01:35:49 | pocket.main          | INFO     | ℹ️  M5 üçün siqnal tapılmadı
2026-08-07 01:35:52 | pocket.main          | INFO     | ℹ️  M15 üçün siqnal tapılmadı
2026-08-07 01:35:57 | pocket.main          | INFO     | 📊 Bazar skan edilir...
2026-08-07 01:35:58 | httpx                | INFO     | HTTP Request: POST https://api.telegram.org/bot8941505352:AAHsWfhljzdi9hH-pdjzsfA86Ih1YzBEBLA/getUpdates "HTTP/1.1 200 OK"
2026-08-07 01:35:59 | pocket.main          | INFO     | ℹ️  M1 üçün siqnal tapılmadı
2026-08-07 01:36:02 | pocket.main          | INFO     | ℹ️  M5 üçün siqnal tapılmadı
2026-08-07 01:36:05 | pocket.main          | INFO     | ℹ️  M15 üçün siqnal tapılmadı
2026-08-07 01:36:08 | httpx                | INFO     | HTTP Request: POST https://api.telegram.org/bot8941505352:AAHsWfhljzdi9hH-pdjzsfA86Ih1YzBEBLA/getUpdates "HTTP/1.1 200 OK"
2026-08-07 01:36:10 | pocket.main          | INFO     | 📊 Bazar skan edilir...
2026-08-07 01:36:12 | pocket.main          | INFO     | ℹ️  M1 üçün siqnal tapılmadı
2026-08-07 01:36:15 | pocket.main          | INFO     | ℹ️  M5 üçün siqnal tapılmadı
2026-08-07 01:36:18 | httpx                | INFO     | HTTP Request: POST https://api.telegram.org/bot8941505352:AAHsWfhljzdi9hH-pdjzsfA86Ih1YzBEBLA/getUpdates "HTTP/1.1 200 OK"
2026-08-07 01:36:18 | pocket.main          | INFO     | ℹ️  M15 üçün siqnal tapılmadı
2026-08-07 01:36:23 | pocket.main          | INFO     | 📊 Bazar skan edilir...
2026-08-07 01:36:26 | pocket.main          | INFO     | ℹ️  M1 üçün siqnal tapılmadı
2026-08-07 01:36:28 | httpx                | INFO     | HTTP Request: POST https://api.telegram.org/bot8941505352:AAHsWfhljzdi9hH-pdjzsfA86Ih1YzBEBLA/getUpdates "HTTP/1.1 200 OK"
2026-08-07 01:36:28 | pocket.main          | INFO     | ℹ️  M5 üçün siqnal tapılmadı
2026-08-07 01:36:31 | pocket.main          | INFO     | ℹ️  M15 üçün siqnal tapılmadı
2026-08-07 01:36:36 | pocket.main          | INFO     | 📊 Bazar skan edilir...
2026-08-07 01:36:38 | httpx                | INFO     | HTTP Request: POST https://api.telegram.org/bot8941505352:AAHsWfhljzdi9hH-pdjzsfA86Ih1YzBEBLA/getUpdates "HTTP/1.1 200 OK"
2026-08-07 01:36:38 | pocket.main          | INFO     | ℹ️  M1 üçün siqnal tapılmadı
2026-08-07 01:36:41 | pocket.main          | INFO     | ℹ️  M5 üçün siqnal tapılmadı
2026-08-07 01:36:44 | pocket.main          | INFO     | ℹ️  M15 üçün siqnal tapılmadı
2026-08-07 01:36:48 | httpx                | INFO     | HTTP Request: POST https://api.telegram.org/bot8941505352:AAHsWfhljzdi9hH-pdjzsfA86Ih1YzBEBLA/getUpdates "HTTP/1.1 200 OK"
2026-08-07 01:36:49 | pocket.main          | INFO     | 📊 Bazar skan edilir...
2026-08-07 01:36:51 | pocket.main          | INFO     | ℹ️  M1 üçün siqnal tapılmadı
2026-08-07 01:36:54 | pocket.main          | INFO     | ℹ️  M5 üçün siqnal tapılmadı
2026-08-07 01:36:57 | pocket.main          | INFO     | ℹ️  M15 üçün siqnal tapılmadı
2026-08-07 01:36:58 | httpx                | INFO     | HTTP Request: POST https://api.telegram.org/bot8941505352:AAHsWfhljzdi9hH-pdjzsfA86Ih1YzBEBLA/getUpdates "HTTP/1.1 200 OK"
2026-08-07 01:37:02 | pocket.main          | INFO     | 📊 Bazar skan edilir...
2026-08-07 01:37:05 | pocket.main          | INFO     | ℹ️  M1 üçün siqnal tapılmadı
2026-08-07 01:37:08 | pocket.main          | INFO     | ℹ️  M5 üçün siqnal tapılmadı
2026-08-07 01:37:08 | httpx                | INFO     | HTTP Request: POST https://api.telegram.org/bot8941505352:AAHsWfhljzdi9hH-pdjzsfA86Ih1YzBEBLA/getUpdates "HTTP/1.1 200 OK"
2026-08-07 01:37:11 | pocket.main          | INFO     | ℹ️  M15 üçün siqnal tapılmadı
2026-08-07 01:37:16 | pocket.main          | INFO     | 📊 Bazar skan edilir...
2026-08-07 01:37:18 | httpx                | INFO     | HTTP Request: POST https://api.telegram.org/bot8941505352:AAHsWfhljzdi9hH-pdjzsfA86Ih1YzBEBLA/getUpdates "HTTP/1.1 200 OK"
2026-08-07 01:37:19 | pocket.main          | INFO     | ℹ️  M1 üçün siqnal tapılmadı
2026-08-07 01:37:21 | pocket.main          | INFO     | ℹ️  M5 üçün siqnal tapılmadı
2026-08-07 01:37:24 | pocket.main          | INFO     | ℹ️  M15 üçün siqnal tapılmadı
2026-08-07 01:37:29 | httpx                | INFO     | HTTP Request: POST https://api.telegram.org/bot8941505352:AAHsWfhljzdi9hH-pdjzsfA86Ih1YzBEBLA/getUpdates "HTTP/1.1 200 OK"
2026-08-07 01:37:29 | pocket.main          | INFO     | 📊 Bazar skan edilir...
2026-08-07 01:37:31 | pocket.main          | INFO     | ℹ️  M1 üçün siqnal tapılmadı
2026-08-07 01:37:34 | pocket.main          | INFO     | ℹ️  M5 üçün siqnal tapılmadı
2026-08-07 01:37:37 | pocket.main          | INFO     | ℹ️  M15 üçün siqnal tapılmadı
2026-08-07 01:37:39 | httpx                | INFO     | HTTP Request: POST https://api.telegram.org/bot8941505352:AAHsWfhljzdi9hH-pdjzsfA86Ih1YzBEBLA/getUpdates "HTTP/1.1 200 OK"
2026-08-07 01:37:42 | pocket.main          | INFO     | 📊 Bazar skan edilir...
2026-08-07 01:37:45 | pocket.main          | INFO     | ℹ️  M1 üçün siqnal tapılmadı
2026-08-07 01:37:47 | pocket.main          | INFO     | ℹ️  M5 üçün siqnal tapılmadı
2026-08-07 01:37:49 | httpx                | INFO     | HTTP Request: POST https://api.telegram.org/bot8941505352:AAHsWfhljzdi9hH-pdjzsfA86Ih1YzBEBLA/getUpdates "HTTP/1.1 200 OK"
2026-08-07 01:37:50 | pocket.main          | INFO     | ℹ️  M15 üçün siqnal tapılmadı
2026-08-07 01:37:55 | pocket.main          | INFO     | 📊 Bazar skan edilir...
2026-08-07 01:37:58 | pocket.main          | INFO     | ℹ️  M1 üçün siqnal tapılmadı
2026-08-07 01:37:59 | httpx                | INFO     | HTTP Request: POST https://api.telegram.org/bot8941505352:AAHsWfhljzdi9hH-pdjzsfA86Ih1YzBEBLA/getUpdates "HTTP/1.1 200 OK"
2026-08-07 01:38:00 | pocket.main          | INFO     | ℹ️  M5 üçün siqnal tapılmadı
2026-08-07 01:38:03 | pocket.main          | INFO     | ℹ️  M15 üçün siqnal tapılmadı
2026-08-07 01:38:08 | pocket.main          | INFO     | 📊 Bazar skan edilir...
2026-08-07 01:38:09 | httpx                | INFO     | HTTP Request: POST https://api.telegram.org/bot8941505352:AAHsWfhljzdi9hH-pdjzsfA86Ih1YzBEBLA/getUpdates "HTTP/1.1 200 OK"
2026-08-07 01:38:11 | pocket.main          | INFO     | ℹ️  M1 üçün siqnal tapılmadı
2026-08-07 01:38:14 | pocket.main          | INFO     | ℹ️  M5 üçün siqnal tapılmadı
2026-08-07 01:38:17 | pocket.main          | INFO     | ℹ️  M15 üçün siqnal tapılmadı
2026-08-07 01:38:19 | httpx                | INFO     | HTTP Request: POST https://api.telegram.org/bot8941505352:AAHsWfhljzdi9hH-pdjzsfA86Ih1YzBEBLA/getUpdates "HTTP/1.1 200 OK"
2026-08-07 01:38:22 | pocket.main          | INFO     | 📊 Bazar skan edilir...
2026-08-07 01:38:24 | pocket.main          | INFO     | ℹ️  M1 üçün siqnal tapılmadı
2026-08-07 01:38:27 | pocket.main          | INFO     | ℹ️  M5 üçün siqnal tapılmadı
2026-08-07 01:38:29 | httpx                | INFO     | HTTP Request: POST https://api.telegram.org/bot8941505352:AAHsWfhljzdi9hH-pdjzsfA86Ih1YzBEBLA/getUpdates "HTTP/1.1 200 OK"
2026-08-07 01:38:30 | pocket.main          | INFO     | ℹ️  M15 üçün siqnal tapılmadı
2026-08-07 01:38:35 | pocket.main          | INFO     | 📊 Bazar skan edilir...
2026-08-07 01:38:37 | pocket.main          | INFO     | ℹ️  M1 üçün siqnal tapılmadı
2026-08-07 01:38:39 | httpx                | INFO     | HTTP Request: POST https://api.telegram.org/bot8941505352:AAHsWfhljzdi9hH-pdjzsfA86Ih1YzBEBLA/getUpdates "HTTP/1.1 200 OK"
2026-08-07 01:38:40 | pocket.main          | INFO     | ℹ️  M5 üçün siqnal tapılmadı
2026-08-07 01:38:43 | pocket.main          | INFO     | ℹ️  M15 üçün siqnal tapılmadı
2026-08-07 01:38:48 | pocket.main          | INFO     | 📊 Bazar skan edilir...
2026-08-07 01:38:49 | httpx                | INFO     | HTTP Request: POST https://api.telegram.org/bot8941505352:AAHsWfhljzdi9hH-pdjzsfA86Ih1YzBEBLA/getUpdates "HTTP/1.1 200 OK"
2026-08-07 01:38:51 | pocket.main          | INFO     | ℹ️  M1 üçün siqnal tapılmadı
2026-08-07 01:38:53 | pocket.main          | INFO     | ℹ️  M5 üçün siqnal tapılmadı
2026-08-07 01:38:56 | pocket.main          | INFO     | ℹ️  M15 üçün siqnal tapılmadı
2026-08-07 01:38:59 | httpx                | INFO     | HTTP Request: POST https://api.telegram.org/bot8941505352:AAHsWfhljzdi9hH-pdjzsfA86Ih1YzBEBLA/getUpdates "HTTP/1.1 200 OK"
2026-08-07 01:39:01 | pocket.main          | INFO     | 📊 Bazar skan edilir...
2026-08-07 01:39:03 | pocket.main          | INFO     | ℹ️  M1 üçün siqnal tapılmadı
2026-08-07 01:39:06 | pocket.main          | INFO     | ℹ️  M5 üçün siqnal tapılmadı
2026-08-07 01:39:10 | httpx                | INFO     | HTTP Request: POST https://api.telegram.org/bot8941505352:AAHsWfhljzdi9hH-pdjzsfA86Ih1YzBEBLA/getUpdates "HTTP/1.1 200 OK"
2026-08-07 01:39:10 | pocket.main          | INFO     | ℹ️  M15 üçün siqnal tapılmadı
2026-08-07 01:39:15 | pocket.main          | INFO     | 📊 Bazar skan edilir...
2026-08-07 01:39:17 | pocket.main          | INFO     | ℹ️  M1 üçün siqnal tapılmadı
2026-08-07 01:39:20 | httpx                | INFO     | HTTP Request: POST https://api.telegram.org/bot8941505352:AAHsWfhljzdi9hH-pdjzsfA86Ih1YzBEBLA/getUpdates "HTTP/1.1 200 OK"
2026-08-07 01:39:20 | pocket.main          | INFO     | ℹ️  M5 üçün siqnal tapılmadı
2026-08-07 01:39:23 | pocket.main          | INFO     | ℹ️  M15 üçün siqnal tapılmadı
2026-08-07 01:39:28 | pocket.main          | INFO     | 📊 Bazar skan edilir...
2026-08-07 01:39:30 | httpx                | INFO     | HTTP Request: POST https://api.telegram.org/bot8941505352:AAHsWfhljzdi9hH-pdjzsfA86Ih1YzBEBLA/getUpdates "HTTP/1.1 200 OK"
2026-08-07 01:39:30 | pocket.main          | INFO     | ℹ️  M1 üçün siqnal tapılmadı
2026-08-07 01:39:33 | pocket.main          | INFO     | ℹ️  M5 üçün siqnal tapılmadı
2026-08-07 01:39:36 | pocket.main          | INFO     | ℹ️  M15 üçün siqnal tapılmadı
2026-08-07 01:39:40 | httpx                | INFO     | HTTP Request: POST https://api.telegram.org/bot8941505352:AAHsWfhljzdi9hH-pdjzsfA86Ih1YzBEBLA/getUpdates "HTTP/1.1 200 OK"
2026-08-07 01:39:41 | pocket.main          | INFO     | 📊 Bazar skan edilir...
2026-08-07 01:39:43 | pocket.main          | INFO     | ℹ️  M1 üçün siqnal tapılmadı
2026-08-07 01:39:46 | pocket.main          | INFO     | ℹ️  M5 üçün siqnal tapılmadı
2026-08-07 01:39:49 | pocket.main          | INFO     | ℹ️  M15 üçün siqnal tapılmadı
2026-08-07 01:39:50 | httpx                | INFO     | HTTP Request: POST https://api.telegram.org/bot8941505352:AAHsWfhljzdi9hH-pdjzsfA86Ih1YzBEBLA/getUpdates "HTTP/1.1 200 OK"
2026-08-07 01:39:54 | pocket.main          | INFO     | 📊 Bazar skan edilir...
2026-08-07 01:39:56 | pocket.main          | INFO     | ℹ️  M1 üçün siqnal tapılmadı
2026-08-07 01:39:59 | pocket.main          | INFO     | ℹ️  M5 üçün siqnal tapılmadı
2026-08-07 01:40:00 | httpx                | INFO     | HTTP Request: POST https://api.telegram.org/bot8941505352:AAHsWfhljzdi9hH-pdjzsfA86Ih1YzBEBLA/getUpdates "HTTP/1.1 200 OK"
2026-08-07 01:40:02 | pocket.main          | INFO     | ℹ️  M15 üçün siqnal tapılmadı
2026-08-07 01:40:07 | pocket.main          | INFO     | 📊 Bazar skan edilir...
2026-08-07 01:40:10 | pocket.main          | INFO     | ℹ️  M1 üçün siqnal tapılmadı
2026-08-07 01:40:10 | httpx                | INFO     | HTTP Request: POST https://api.telegram.org/bot8941505352:AAHsWfhljzdi9hH-pdjzsfA86Ih1YzBEBLA/getUpdates "HTTP/1.1 200 OK"
2026-08-07 01:40:13 | pocket.main          | INFO     | ℹ️  M5 üçün siqnal tapılmadı
2026-08-07 01:40:16 | pocket.main          | INFO     | ℹ️  M15 üçün siqnal tapılmadı
2026-08-07 01:40:20 | httpx                | INFO     | HTTP Request: POST https://api.telegram.org/bot8941505352:AAHsWfhljzdi9hH-pdjzsfA86Ih1YzBEBLA/getUpdates "HTTP/1.1 200 OK"
2026-08-07 01:40:21 | pocket.main          | INFO     | 📊 Bazar skan edilir...
2026-08-07 01:40:23 | pocket.main          | INFO     | ℹ️  M1 üçün siqnal tapılmadı
2026-08-07 01:40:26 | pocket.main          | INFO     | ℹ️  M5 üçün siqnal tapılmadı
2026-08-07 01:40:29 | pocket.main          | INFO     | ℹ️  M15 üçün siqnal tapılmadı
2026-08-07 01:40:30 | httpx                | INFO     | HTTP Request: POST https://api.telegram.org/bot8941505352:AAHsWfhljzdi9hH-pdjzsfA86Ih1YzBEBLA/getUpdates "HTTP/1.1 200 OK"
2026-08-07 01:40:34 | pocket.main          | INFO     | 📊 Bazar skan edilir...
2026-08-07 01:40:36 | pocket.main          | INFO     | ℹ️  M1 üçün siqnal tapılmadı
2026-08-07 01:40:39 | pocket.main          | INFO     | ℹ️  M5 üçün siqnal tapılmadı
2026-08-07 01:40:41 | httpx                | INFO     | HTTP Request: POST https://api.telegram.org/bot8941505352:AAHsWfhljzdi9hH-pdjzsfA86Ih1YzBEBLA/getUpdates "HTTP/1.1 200 OK"
2026-08-07 01:40:42 | pocket.main          | INFO     | ℹ️  M15 üçün siqnal tapılmadı
2026-08-07 01:40:47 | pocket.main          | INFO     | 📊 Bazar skan edilir...
2026-08-07 01:40:50 | pocket.main          | INFO     | ℹ️  M1 üçün siqnal tapılmadı
2026-08-07 01:40:51 | httpx                | INFO     | HTTP Request: POST https://api.telegram.org/bot8941505352:AAHsWfhljzdi9hH-pdjzsfA86Ih1YzBEBLA/getUpdates "HTTP/1.1 200 OK"
2026-08-07 01:40:53 | pocket.main          | INFO     | ℹ️  M5 üçün siqnal tapılmadı
2026-08-07 01:40:55 | pocket.main          | INFO     | ℹ️  M15 üçün siqnal tapılmadı
2026-08-07 01:41:00 | pocket.main          | INFO     | 📊 Bazar skan edilir...
2026-08-07 01:41:01 | httpx                | INFO     | HTTP Request: POST https://api.telegram.org/bot8941505352:AAHsWfhljzdi9hH-pdjzsfA86Ih1YzBEBLA/getUpdates "HTTP/1.1 200 OK"
2026-08-07 01:41:03 | pocket.main          | INFO     | ℹ️  M1 üçün siqnal tapılmadı
2026-08-07 01:41:05 | pocket.main          | INFO     | ℹ️  M5 üçün siqnal tapılmadı
2026-08-07 01:41:09 | pocket.main          | INFO     | ℹ️  M15 üçün siqnal tapılmadı
2026-08-07 01:41:11 | httpx                | INFO     | HTTP Request: POST https://api.telegram.org/bot8941505352:AAHsWfhljzdi9hH-pdjzsfA86Ih1YzBEBLA/getUpdates "HTTP/1.1 200 OK"
2026-08-07 01:41:14 | pocket.main          | INFO     | 📊 Bazar skan edilir...
2026-08-07 01:41:16 | pocket.main          | INFO     | ℹ️  M1 üçün siqnal tapılmadı
2026-08-07 01:41:19 | pocket.main          | INFO     | ℹ️  M5 üçün siqnal tapılmadı
2026-08-07 01:41:21 | httpx                | INFO     | HTTP Request: POST https://api.telegram.org/bot8941505352:AAHsWfhljzdi9hH-pdjzsfA86Ih1YzBEBLA/getUpdates "HTTP/1.1 200 OK"
2026-08-07 01:41:22 | pocket.main          | INFO     | ℹ️  M15 üçün siqnal tapılmadı
2026-08-07 01:41:27 | pocket.main          | INFO     | 📊 Bazar skan edilir...
2026-08-07 01:41:29 | pocket.main          | INFO     | ℹ️  M1 üçün siqnal tapılmadı
2026-08-07 01:41:31 | httpx                | INFO     | HTTP Request: POST https://api.telegram.org/bot8941505352:AAHsWfhljzdi9hH-pdjzsfA86Ih1YzBEBLA/getUpdates "HTTP/1.1 200 OK"
2026-08-07 01:41:32 | pocket.main          | INFO     | ℹ️  M5 üçün siqnal tapılmadı
2026-08-07 01:41:35 | pocket.main          | INFO     | ℹ️  M15 üçün siqnal tapılmadı
2026-08-07 01:41:40 | pocket.main          | INFO     | 📊 Bazar skan edilir...
2026-08-07 01:41:41 | httpx                | INFO     | HTTP Request: POST https://api.telegram.org/bot8941505352:AAHsWfhljzdi9hH-pdjzsfA86Ih1YzBEBLA/getUpdates "HTTP/1.1 200 OK"
2026-08-07 01:41:43 | pocket.main          | INFO     | ℹ️  M1 üçün siqnal tapılmadı
2026-08-07 01:41:45 | pocket.main          | INFO     | ℹ️  M5 üçün siqnal tapılmadı
2026-08-07 01:41:48 | pocket.main          | INFO     | ℹ️  M15 üçün siqnal tapılmadı
2026-08-07 01:41:51 | httpx                | INFO     | HTTP Request: POST https://api.telegram.org/bot8941505352:AAHsWfhljzdi9hH-pdjzsfA86Ih1YzBEBLA/getUpdates "HTTP/1.1 200 OK"
2026-08-07 01:41:53 | pocket.main          | INFO     | 📊 Bazar skan edilir...
2026-08-07 01:41:56 | pocket.main          | INFO     | ℹ️  M1 üçün siqnal tapılmadı
2026-08-07 01:41:58 | pocket.main          | INFO     | ℹ️  M5 üçün siqnal tapılmadı
2026-08-07 01:42:01 | pocket.main          | INFO     | ℹ️  M15 üçün siqnal tapılmadı
2026-08-07 01:42:02 | httpx                | INFO     | HTTP Request: POST https://api.telegram.org/bot8941505352:AAHsWfhljzdi9hH-pdjzsfA86Ih1YzBEBLA/getUpdates "HTTP/1.1 200 OK"
2026-08-07 01:42:06 | pocket.main          | INFO     | 📊 Bazar skan edilir...
2026-08-07 01:42:09 | pocket.main          | INFO     | ℹ️  M1 üçün siqnal tapılmadı
2026-08-07 01:42:12 | httpx                | INFO     | HTTP Request: POST https://api.telegram.org/bot8941505352:AAHsWfhljzdi9hH-pdjzsfA86Ih1YzBEBLA/getUpdates "HTTP/1.1 200 OK"
2026-08-07 01:42:13 | pocket.main          | INFO     | ℹ️  M5 üçün siqnal tapılmadı
2026-08-07 01:42:16 | pocket.main          | INFO     | ℹ️  M15 üçün siqnal tapılmadı
2026-08-07 01:42:21 | pocket.main          | INFO     | 📊 Bazar skan edilir...
2026-08-07 01:42:22 | httpx                | INFO     | HTTP Request: POST https://api.telegram.org/bot8941505352:AAHsWfhljzdi9hH-pdjzsfA86Ih1YzBEBLA/getUpdates "HTTP/1.1 200 OK"
2026-08-07 01:42:23 | pocket.main          | INFO     | ℹ️  M1 üçün siqnal tapılmadı
2026-08-07 01:42:26 | pocket.main          | INFO     | ℹ️  M5 üçün siqnal tapılmadı
2026-08-07 01:42:28 | pocket.main          | INFO     | ℹ️  M15 üçün siqnal tapılmadı
2026-08-07 01:42:32 | httpx                | INFO     | HTTP Request: POST https://api.telegram.org/bot8941505352:AAHsWfhljzdi9hH-pdjzsfA86Ih1YzBEBLA/getUpdates "HTTP/1.1 200 OK"
2026-08-07 01:42:33 | pocket.main          | INFO     | 📊 Bazar skan edilir...
2026-08-07 01:42:36 | pocket.main          | INFO     | ℹ️  M1 üçün siqnal tapılmadı
2026-08-07 01:42:39 | pocket.main          | INFO     | ℹ️  M5 üçün siqnal tapılmadı
2026-08-07 01:42:41 | pocket.main          | INFO     | ℹ️  M15 üçün siqnal tapılmadı
2026-08-07 01:42:42 | httpx                | INFO     | HTTP Request: POST https://api.telegram.org/bot8941505352:AAHsWfhljzdi9hH-pdjzsfA86Ih1YzBEBLA/getUpdates "HTTP/1.1 200 OK"
2026-08-07 01:42:46 | pocket.main          | INFO     | 📊 Bazar skan edilir...
2026-08-07 01:42:49 | pocket.main          | INFO     | ℹ️  M1 üçün siqnal tapılmadı
2026-08-07 01:42:52 | httpx                | INFO     | HTTP Request: POST https://api.telegram.org/bot8941505352:AAHsWfhljzdi9hH-pdjzsfA86Ih1YzBEBLA/getUpdates "HTTP/1.1 200 OK"
2026-08-07 01:42:53 | pocket.main          | INFO     | ℹ️  M5 üçün siqnal tapılmadı
2026-08-07 01:42:57 | pocket.main          | INFO     | ℹ️  M15 üçün siqnal tapılmadı
2026-08-07 01:43:02 | httpx                | INFO     | HTTP Request: POST https://api.telegram.org/bot8941505352:AAHsWfhljzdi9hH-pdjzsfA86Ih1YzBEBLA/getUpdates "HTTP/1.1 200 OK"
2026-08-07 01:43:02 | httpx                | INFO     | HTTP Request: POST https://api.telegram.org/bot8941505352:AAHsWfhljzdi9hH-pdjzsfA86Ih1YzBEBLA/sendChatAction "HTTP/1.1 200 OK"
2026-08-07 01:43:02 | pocket.main          | INFO     | 📊 Bazar skan edilir...
2026-08-07 01:43:05 | pocket.main          | INFO     | ℹ️  M1 üçün siqnal tapılmadı
2026-08-07 01:43:09 | pocket.main          | INFO     | ℹ️  M5 üçün siqnal tapılmadı
2026-08-07 01:43:12 | httpx                | INFO     | HTTP Request: POST https://api.telegram.org/bot8941505352:AAHsWfhljzdi9hH-pdjzsfA86Ih1YzBEBLA/getUpdates "HTTP/1.1 200 OK"
2026-08-07 01:43:14 | pocket.main          | INFO     | ℹ️  M15 üçün siqnal tapılmadı
2026-08-07 01:43:19 | pocket.main          | INFO     | 📊 Bazar skan edilir...
2026-08-07 01:43:22 | httpx                | INFO     | HTTP Request: POST https://api.telegram.org/bot8941505352:AAHsWfhljzdi9hH-pdjzsfA86Ih1YzBEBLA/getUpdates "HTTP/1.1 200 OK"
2026-08-07 01:43:23 | pocket.main          | INFO     | ℹ️  M1 üçün siqnal tapılmadı
2026-08-07 01:43:26 | pocket.main          | INFO     | ℹ️  M5 üçün siqnal tapılmadı
2026-08-07 01:43:30 | pocket.main          | INFO     | ℹ️  M15 üçün siqnal tapılmadı
2026-08-07 01:43:32 | httpx                | INFO     | HTTP Request: POST https://api.telegram.org/bot8941505352:AAHsWfhljzdi9hH-pdjzsfA86Ih1YzBEBLA/getUpdates "HTTP/1.1 200 OK"
2026-08-07 01:43:35 | pocket.main          | INFO     | 📊 Bazar skan edilir...
2026-08-07 01:43:39 | pocket.main          | INFO     | ℹ️  M1 üçün siqnal tapılmadı
2026-08-07 01:43:42 | httpx                | INFO     | HTTP Request: POST https://api.telegram.org/bot8941505352:AAHsWfhljzdi9hH-pdjzsfA86Ih1YzBEBLA/getUpdates "HTTP/1.1 200 OK"
2026-08-07 01:43:44 | pocket.main          | INFO     | ℹ️  M5 üçün siqnal tapılmadı
2026-08-07 01:43:49 | pocket.main          | INFO     | ℹ️  M15 üçün siqnal tapılmadı
2026-08-07 01:43:52 | httpx                | INFO     | HTTP Request: POST https://api.telegram.org/bot8941505352:AAHsWfhljzdi9hH-pdjzsfA86Ih1YzBEBLA/getUpdates "HTTP/1.1 200 OK"
2026-08-07 01:43:54 | pocket.main          | INFO     | 📊 Bazar skan edilir...
2026-08-07 01:43:56 | httpx                | INFO     | HTTP Request: POST https://api.telegram.org/bot8941505352:AAHsWfhljzdi9hH-pdjzsfA86Ih1YzBEBLA/sendMessage "HTTP/1.1 200 OK"
2026-08-07 01:43:57 | pocket.main          | INFO     | ℹ️  M1 üçün siqnal tapılmadı
2026-08-07 01:44:01 | pocket.main          | INFO     | ℹ️  M5 üçün siqnal tapılmadı
2026-08-07 01:44:02 | httpx                | INFO     | HTTP Request: POST https://api.telegram.org/bot8941505352:AAHsWfhljzdi9hH-pdjzsfA86Ih1YzBEBLA/getUpdates "HTTP/1.1 200 OK"
2026-08-07 01:44:07 | pocket.main          | INFO     | ℹ️  M15 üçün siqnal tapılmadı
2026-08-07 01:44:12 | pocket.main          | INFO     | 📊 Bazar skan edilir...
2026-08-07 01:44:13 | httpx                | INFO     | HTTP Request: POST https://api.telegram.org/bot8941505352:AAHsWfhljzdi9hH-pdjzsfA86Ih1YzBEBLA/getUpdates "HTTP/1.1 200 OK"
2026-08-07 01:44:15 | pocket.main          | INFO     | ℹ️  M1 üçün siqnal tapılmadı
2026-08-07 01:44:18 | pocket.main          | INFO     | ℹ️  M5 üçün siqnal tapılmadı
2026-08-07 01:44:22 | pocket.main          | INFO     | ℹ️  M15 üçün siqnal tapılmadı
2026-08-07 01:44:23 | httpx                | INFO     | HTTP Request: POST https://api.telegram.org/bot8941505352:AAHsWfhljzdi9hH-pdjzsfA86Ih1YzBEBLA/getUpdates "HTTP/1.1 200 OK"
2026-08-07 01:44:27 | pocket.main          | INFO     | 📊 Bazar skan edilir...
2026-08-07 01:44:31 | pocket.main          | INFO     | ℹ️  M1 üçün siqnal tapılmadı
2026-08-07 01:44:33 | httpx                | INFO     | HTTP Request: POST https://api.telegram.org/bot8941505352:AAHsWfhljzdi9hH-pdjzsfA86Ih1YzBEBLA/getUpdates "HTTP/1.1 200 OK"
2026-08-07 01:44:35 | pocket.main          | INFO     | ℹ️  M5 üçün siqnal tapılmadı
2026-08-07 01:44:38 | pocket.main          | INFO     | ℹ️  M15 üçün siqnal tapılmadı
2026-08-07 01:44:43 | httpx                | INFO     | HTTP Request: POST https://api.telegram.org/bot8941505352:AAHsWfhljzdi9hH-pdjzsfA86Ih1YzBEBLA/getUpdates "HTTP/1.1 200 OK"
2026-08-07 01:44:43 | pocket.main          | INFO     | 📊 Bazar skan edilir...
2026-08-07 01:44:47 | pocket.main          | INFO     | ℹ️  M1 üçün siqnal tapılmadı
2026-08-07 01:44:51 | pocket.main          | INFO     | ℹ️  M5 üçün siqnal tapılmadı
2026-08-07 01:44:53 | httpx                | INFO     | HTTP Request: POST https://api.telegram.org/bot8941505352:AAHsWfhljzdi9hH-pdjzsfA86Ih1YzBEBLA/getUpdates "HTTP/1.1 200 OK"
2026-08-07 01:44:54 | pocket.main          | INFO     | ℹ️  M15 üçün siqnal tapılmadı
2026-08-07 01:44:59 | pocket.main          | INFO     | 📊 Bazar skan edilir...
2026-08-07 01:45:02 | pocket.main          | INFO     | ℹ️  M1 üçün siqnal tapılmadı
2026-08-07 01:45:03 | httpx                | INFO     | HTTP Request: POST https://api.telegram.org/bot8941505352:AAHsWfhljzdi9hH-pdjzsfA86Ih1YzBEBLA/getUpdates "HTTP/1.1 200 OK"
2026-08-07 01:45:06 | pocket.main          | INFO     | ℹ️  M5 üçün siqnal tapılmadı
2026-08-07 01:45:11 | pocket.main          | INFO     | ℹ️  M15 üçün siqnal tapılmadı
2026-08-07 01:45:13 | httpx                | INFO     | HTTP Request: POST https://api.telegram.org/bot8941505352:AAHsWfhljzdi9hH-pdjzsfA86Ih1YzBEBLA/getUpdates "HTTP/1.1 200 OK"
2026-08-07 01:45:16 | pocket.main          | INFO     | 📊 Bazar skan edilir...
2026-08-07 01:45:18 | pocket.main          | INFO     | ℹ️  M1 üçün siqnal tapılmadı
2026-08-07 01:45:21 | pocket.main          | INFO     | ℹ️  M5 üçün siqnal tapılmadı
2026-08-07 01:45:23 | httpx                | INFO     | HTTP Request: POST https://api.telegram.org/bot8941505352:AAHsWfhljzdi9hH-pdjzsfA86Ih1YzBEBLA/getUpdates "HTTP/1.1 200 OK"
2026-08-07 01:45:25 | pocket.main          | INFO     | ℹ️  M15 üçün siqnal tapılmadı
2026-08-07 01:45:30 | pocket.main          | INFO     | 📊 Bazar skan edilir...
2026-08-07 01:45:33 | pocket.main          | INFO     | ℹ️  M1 üçün siqnal tapılmadı
2026-08-07 01:45:33 | httpx                | INFO     | HTTP Request: POST https://api.telegram.org/bot8941505352:AAHsWfhljzdi9hH-pdjzsfA86Ih1YzBEBLA/getUpdates "HTTP/1.1 200 OK"
2026-08-07 01:45:36 | pocket.main          | INFO     | ℹ️  M5 üçün siqnal tapılmadı
2026-08-07 01:45:42 | pocket.main          | INFO     | ℹ️  M15 üçün siqnal tapılmadı
2026-08-07 01:45:43 | httpx                | INFO     | HTTP Request: POST https://api.telegram.org/bot8941505352:AAHsWfhljzdi9hH-pdjzsfA86Ih1YzBEBLA/getUpdates "HTTP/1.1 200 OK"
2026-08-07 01:45:44 | bot.handlers         | ERROR    | Network / Bot exception: httpx.ReadError: 
2026-08-07 01:45:47 | pocket.main          | INFO     | 📊 Bazar skan edilir...
2026-08-07 01:45:51 | pocket.main          | INFO     | ℹ️  M1 üçün siqnal tapılmadı
2026-08-07 01:45:55 | httpx                | INFO     | HTTP Request: POST https://api.telegram.org/bot8941505352:AAHsWfhljzdi9hH-pdjzsfA86Ih1YzBEBLA/getUpdates "HTTP/1.1 200 OK"
2026-08-07 01:45:56 | pocket.main          | INFO     | ℹ️  M5 üçün siqnal tapılmadı
2026-08-07 01:46:00 | pocket.main          | INFO     | ℹ️  M15 üçün siqnal tapılmadı
2026-08-07 01:46:05 | httpx                | INFO     | HTTP Request: POST https://api.telegram.org/bot8941505352:AAHsWfhljzdi9hH-pdjzsfA86Ih1YzBEBLA/getUpdates "HTTP/1.1 200 OK"
2026-08-07 01:46:05 | pocket.main          | INFO     | 📊 Bazar skan edilir...
2026-08-07 01:46:10 | pocket.main          | INFO     | ℹ️  M1 üçün siqnal tapılmadı
2026-08-07 01:46:14 | pocket.main          | INFO     | ℹ️  M5 üçün siqnal tapılmadı
2026-08-07 01:46:15 | httpx                | INFO     | HTTP Request: POST https://api.telegram.org/bot8941505352:AAHsWfhljzdi9hH-pdjzsfA86Ih1YzBEBLA/getUpdates "HTTP/1.1 200 OK"
2026-08-07 01:46:17 | pocket.main          | INFO     | ℹ️  M15 üçün siqnal tapılmadı
2026-08-07 01:46:22 | pocket.main          | INFO     | 📊 Bazar skan edilir...
2026-08-07 01:46:25 | pocket.main          | INFO     | ℹ️  M1 üçün siqnal tapılmadı
2026-08-07 01:46:26 | httpx                | INFO     | HTTP Request: POST https://api.telegram.org/bot8941505352:AAHsWfhljzdi9hH-pdjzsfA86Ih1YzBEBLA/getUpdates "HTTP/1.1 200 OK"
2026-08-07 01:46:29 | pocket.main          | INFO     | ℹ️  M5 üçün siqnal tapılmadı
2026-08-07 01:46:33 | pocket.main          | INFO     | ℹ️  M15 üçün siqnal tapılmadı
2026-08-07 01:46:36 | httpx                | INFO     | HTTP Request: POST https://api.telegram.org/bot8941505352:AAHsWfhljzdi9hH-pdjzsfA86Ih1YzBEBLA/getUpdates "HTTP/1.1 200 OK"
2026-08-07 01:46:38 | pocket.main          | INFO     | 📊 Bazar skan edilir...
2026-08-07 01:46:43 | pocket.main          | INFO     | ℹ️  M1 üçün siqnal tapılmadı
2026-08-07 01:46:46 | httpx                | INFO     | HTTP Request: POST https://api.telegram.org/bot8941505352:AAHsWfhljzdi9hH-pdjzsfA86Ih1YzBEBLA/getUpdates "HTTP/1.1 200 OK"
2026-08-07 01:46:46 | pocket.main          | INFO     | ℹ️  M5 üçün siqnal tapılmadı
2026-08-07 01:46:51 | pocket.main          | INFO     | ℹ️  M15 üçün siqnal tapılmadı
2026-08-07 01:46:56 | pocket.main          | INFO     | 📊 Bazar skan edilir...
2026-08-07 01:46:56 | httpx                | INFO     | HTTP Request: POST https://api.telegram.org/bot8941505352:AAHsWfhljzdi9hH-pdjzsfA86Ih1YzBEBLA/getUpdates "HTTP/1.1 200 OK"
2026-08-07 01:46:59 | pocket.main          | INFO     | ℹ️  M1 üçün siqnal tapılmadı
2026-08-07 01:47:02 | pocket.main          | INFO     | ℹ️  M5 üçün siqnal tapılmadı
2026-08-07 01:47:06 | pocket.main          | INFO     | ℹ️  M15 üçün siqnal tapılmadı
2026-08-07 01:47:06 | httpx                | INFO     | HTTP Request: POST https://api.telegram.org/bot8941505352:AAHsWfhljzdi9hH-pdjzsfA86Ih1YzBEBLA/getUpdates "HTTP/1.1 200 OK"
2026-08-07 01:47:11 | pocket.main          | INFO     | 📊 Bazar skan edilir...
2026-08-07 01:47:14 | pocket.main          | INFO     | ℹ️  M1 üçün siqnal tapılmadı
2026-08-07 01:47:16 | httpx                | INFO     | HTTP Request: POST https://api.telegram.org/bot8941505352:AAHsWfhljzdi9hH-pdjzsfA86Ih1YzBEBLA/getUpdates "HTTP/1.1 200 OK"
2026-08-07 01:47:17 | pocket.main          | INFO     | ℹ️  M5 üçün siqnal tapılmadı
2026-08-07 01:47:21 | pocket.main          | INFO     | ℹ️  M15 üçün siqnal tapılmadı
2026-08-07 01:47:26 | pocket.main          | INFO     | 📊 Bazar skan edilir...
2026-08-07 01:47:26 | httpx                | INFO     | HTTP Request: POST https://api.telegram.org/bot8941505352:AAHsWfhljzdi9hH-pdjzsfA86Ih1YzBEBLA/getUpdates "HTTP/1.1 200 OK"
2026-08-07 01:47:30 | pocket.main          | INFO     | ℹ️  M1 üçün siqnal tapılmadı
2026-08-07 01:47:34 | pocket.main          | INFO     | ℹ️  M5 üçün siqnal tapılmadı
2026-08-07 01:47:36 | httpx                | INFO     | HTTP Request: POST https://api.telegram.org/bot8941505352:AAHsWfhljzdi9hH-pdjzsfA86Ih1YzBEBLA/getUpdates "HTTP/1.1 200 OK"
2026-08-07 01:47:38 | pocket.main          | INFO     | ℹ️  M15 üçün siqnal tapılmadı
2026-08-07 01:47:43 | pocket.main          | INFO     | 📊 Bazar skan edilir...
2026-08-07 01:47:46 | httpx                | INFO     | HTTP Request: POST https://api.telegram.org/bot8941505352:AAHsWfhljzdi9hH-pdjzsfA86Ih1YzBEBLA/getUpdates "HTTP/1.1 200 OK"
2026-08-07 01:47:47 | pocket.main          | INFO     | ℹ️  M1 üçün siqnal tapılmadı
2026-08-07 01:47:51 | pocket.main          | INFO     | ℹ️  M5 üçün siqnal tapılmadı
2026-08-07 01:47:55 | pocket.main          | INFO     | ℹ️  M15 üçün siqnal tapılmadı
2026-08-07 01:47:56 | httpx                | INFO     | HTTP Request: POST https://api.telegram.org/bot8941505352:AAHsWfhljzdi9hH-pdjzsfA86Ih1YzBEBLA/getUpdates "HTTP/1.1 200 OK"
2026-08-07 01:48:00 | pocket.main          | INFO     | 📊 Bazar skan edilir...
2026-08-07 01:48:03 | pocket.main          | INFO     | ℹ️  M1 üçün siqnal tapılmadı
2026-08-07 01:48:07 | httpx                | INFO     | HTTP Request: POST https://api.telegram.org/bot8941505352:AAHsWfhljzdi9hH-pdjzsfA86Ih1YzBEBLA/getUpdates "HTTP/1.1 200 OK"
2026-08-07 01:48:07 | pocket.main          | INFO     | ℹ️  M5 üçün siqnal tapılmadı
2026-08-07 01:48:11 | pocket.main          | INFO     | ℹ️  M15 üçün siqnal tapılmadı
2026-08-07 01:48:16 | pocket.main          | INFO     | 📊 Bazar skan edilir...
2026-08-07 01:48:17 | httpx                | INFO     | HTTP Request: POST https://api.telegram.org/bot8941505352:AAHsWfhljzdi9hH-pdjzsfA86Ih1YzBEBLA/getUpdates "HTTP/1.1 200 OK"
2026-08-07 01:48:19 | pocket.main          | INFO     | ℹ️  M1 üçün siqnal tapılmadı
2026-08-07 01:48:26 | pocket.main          | INFO     | ℹ️  M5 üçün siqnal tapılmadı
2026-08-07 01:48:27 | httpx                | INFO     | HTTP Request: POST https://api.telegram.org/bot8941505352:AAHsWfhljzdi9hH-pdjzsfA86Ih1YzBEBLA/getUpdates "HTTP/1.1 200 OK"
2026-08-07 01:48:32 | pocket.main          | INFO     | ℹ️  M15 üçün siqnal tapılmadı
2026-08-07 01:48:37 | httpx                | INFO     | HTTP Request: POST https://api.telegram.org/bot8941505352:AAHsWfhljzdi9hH-pdjzsfA86Ih1YzBEBLA/getUpdates "HTTP/1.1 200 OK"
2026-08-07 01:48:37 | pocket.main          | INFO     | 📊 Bazar skan edilir...
2026-08-07 01:48:42 | pocket.main          | INFO     | ℹ️  M1 üçün siqnal tapılmadı
2026-08-07 01:48:46 | pocket.main          | INFO     | ℹ️  M5 üçün siqnal tapılmadı
2026-08-07 01:48:47 | httpx                | INFO     | HTTP Request: POST https://api.telegram.org/bot8941505352:AAHsWfhljzdi9hH-pdjzsfA86Ih1YzBEBLA/getUpdates "HTTP/1.1 200 OK"
2026-08-07 01:48:50 | pocket.main          | INFO     | ℹ️  M15 üçün siqnal tapılmadı
2026-08-07 01:48:55 | pocket.main          | INFO     | 📊 Bazar skan edilir...
2026-08-07 01:48:57 | httpx                | INFO     | HTTP Request: POST https://api.telegram.org/bot8941505352:AAHsWfhljzdi9hH-pdjzsfA86Ih1YzBEBLA/getUpdates "HTTP/1.1 200 OK"
2026-08-07 01:48:58 | pocket.main          | INFO     | ℹ️  M1 üçün siqnal tapılmadı
2026-08-07 01:49:03 | pocket.main          | INFO     | ℹ️  M5 üçün siqnal tapılmadı
2026-08-07 01:49:06 | pocket.main          | INFO     | ℹ️  M15 üçün siqnal tapılmadı
2026-08-07 01:49:07 | httpx                | INFO     | HTTP Request: POST https://api.telegram.org/bot8941505352:AAHsWfhljzdi9hH-pdjzsfA86Ih1YzBEBLA/getUpdates "HTTP/1.1 200 OK"
2026-08-07 01:49:11 | pocket.main          | INFO     | 📊 Bazar skan edilir...
2026-08-07 01:49:15 | pocket.main          | INFO     | ℹ️  M1 üçün siqnal tapılmadı
2026-08-07 01:49:17 | httpx                | INFO     | HTTP Request: POST https://api.telegram.org/bot8941505352:AAHsWfhljzdi9hH-pdjzsfA86Ih1YzBEBLA/getUpdates "HTTP/1.1 200 OK"
2026-08-07 01:49:19 | pocket.main          | INFO     | ℹ️  M5 üçün siqnal tapılmadı
2026-08-07 01:49:23 | pocket.main          | INFO     | ℹ️  M15 üçün siqnal tapılmadı
2026-08-07 01:49:27 | httpx                | INFO     | HTTP Request: POST https://api.telegram.org/bot8941505352:AAHsWfhljzdi9hH-pdjzsfA86Ih1YzBEBLA/getUpdates "HTTP/1.1 200 OK"
2026-08-07 01:49:28 | pocket.main          | INFO     | 📊 Bazar skan edilir...
2026-08-07 01:49:31 | pocket.main          | INFO     | ℹ️  M1 üçün siqnal tapılmadı
2026-08-07 01:49:34 | pocket.main          | INFO     | ℹ️  M5 üçün siqnal tapılmadı
2026-08-07 01:49:37 | pocket.main          | INFO     | ℹ️  M15 üçün siqnal tapılmadı
2026-08-07 01:49:37 | httpx                | INFO     | HTTP Request: POST https://api.telegram.org/bot8941505352:AAHsWfhljzdi9hH-pdjzsfA86Ih1YzBEBLA/getUpdates "HTTP/1.1 200 OK"
2026-08-07 01:49:42 | pocket.main          | INFO     | 📊 Bazar skan edilir...
2026-08-07 01:49:46 | pocket.main          | INFO     | ℹ️  M1 üçün siqnal tapılmadı
2026-08-07 01:49:48 | httpx                | INFO     | HTTP Request: POST https://api.telegram.org/bot8941505352:AAHsWfhljzdi9hH-pdjzsfA86Ih1YzBEBLA/getUpdates "HTTP/1.1 200 OK"
2026-08-07 01:49:50 | pocket.main          | INFO     | ℹ️  M5 üçün siqnal tapılmadı
2026-08-07 01:49:53 | pocket.main          | INFO     | ℹ️  M15 üçün siqnal tapılmadı
2026-08-07 01:49:58 | httpx                | INFO     | HTTP Request: POST https://api.telegram.org/bot8941505352:AAHsWfhljzdi9hH-pdjzsfA86Ih1YzBEBLA/getUpdates "HTTP/1.1 200 OK"
2026-08-07 01:49:59 | pocket.main          | INFO     | 📊 Bazar skan edilir...
2026-08-07 01:50:03 | pocket.main          | INFO     | ℹ️  M1 üçün siqnal tapılmadı
2026-08-07 01:50:07 | pocket.main          | INFO     | ℹ️  M5 üçün siqnal tapılmadı
2026-08-07 01:50:08 | httpx                | INFO     | HTTP Request: POST https://api.telegram.org/bot8941505352:AAHsWfhljzdi9hH-pdjzsfA86Ih1YzBEBLA/getUpdates "HTTP/1.1 200 OK"
2026-08-07 01:50:11 | pocket.main          | INFO     | ℹ️  M15 üçün siqnal tapılmadı
2026-08-07 01:50:16 | pocket.main          | INFO     | 📊 Bazar skan edilir...
2026-08-07 01:50:18 | httpx                | INFO     | HTTP Request: POST https://api.telegram.org/bot8941505352:AAHsWfhljzdi9hH-pdjzsfA86Ih1YzBEBLA/getUpdates "HTTP/1.1 200 OK"
2026-08-07 01:50:21 | pocket.main          | INFO     | ℹ️  M1 üçün siqnal tapılmadı
2026-08-07 01:50:25 | pocket.main          | INFO     | ℹ️  M5 üçün siqnal tapılmadı
2026-08-07 01:50:28 | httpx                | INFO     | HTTP Request: POST https://api.telegram.org/bot8941505352:AAHsWfhljzdi9hH-pdjzsfA86Ih1YzBEBLA/getUpdates "HTTP/1.1 200 OK"
2026-08-07 01:50:29 | pocket.main          | INFO     | ℹ️  M15 üçün siqnal tapılmadı
2026-08-07 01:50:34 | pocket.main          | INFO     | 📊 Bazar skan edilir...
2026-08-07 01:50:37 | pocket.main          | INFO     | ℹ️  M1 üçün siqnal tapılmadı
2026-08-07 01:50:38 | httpx                | INFO     | HTTP Request: POST https://api.telegram.org/bot8941505352:AAHsWfhljzdi9hH-pdjzsfA86Ih1YzBEBLA/getUpdates "HTTP/1.1 200 OK"
2026-08-07 01:50:41 | pocket.main          | INFO     | ℹ️  M5 üçün siqnal tapılmadı
2026-08-07 01:50:45 | pocket.main          | INFO     | ℹ️  M15 üçün siqnal tapılmadı
2026-08-07 01:50:48 | httpx                | INFO     | HTTP Request: POST https://api.telegram.org/bot8941505352:AAHsWfhljzdi9hH-pdjzsfA86Ih1YzBEBLA/getUpdates "HTTP/1.1 200 OK"
2026-08-07 01:50:50 | pocket.main          | INFO     | 📊 Bazar skan edilir...
2026-08-07 01:50:53 | pocket.main          | INFO     | ℹ️  M1 üçün siqnal tapılmadı
2026-08-07 01:50:56 | pocket.main          | INFO     | ℹ️  M5 üçün siqnal tapılmadı
2026-08-07 01:50:58 | httpx                | INFO     | HTTP Request: POST https://api.telegram.org/bot8941505352:AAHsWfhljzdi9hH-pdjzsfA86Ih1YzBEBLA/getUpdates "HTTP/1.1 200 OK"
2026-08-07 01:51:00 | pocket.main          | INFO     | ℹ️  M15 üçün siqnal tapılmadı
2026-08-07 01:51:05 | pocket.main          | INFO     | 📊 Bazar skan edilir...
2026-08-07 01:51:08 | httpx                | INFO     | HTTP Request: POST https://api.telegram.org/bot8941505352:AAHsWfhljzdi9hH-pdjzsfA86Ih1YzBEBLA/getUpdates "HTTP/1.1 200 OK"
2026-08-07 01:51:09 | pocket.main          | INFO     | ℹ️  M1 üçün siqnal tapılmadı
2026-08-07 01:51:13 | pocket.main          | INFO     | ℹ️  M5 üçün siqnal tapılmadı
2026-08-07 01:51:18 | pocket.main          | INFO     | ℹ️  M15 üçün siqnal tapılmadı
2026-08-07 01:51:18 | httpx                | INFO     | HTTP Request: POST https://api.telegram.org/bot8941505352:AAHsWfhljzdi9hH-pdjzsfA86Ih1YzBEBLA/getUpdates "HTTP/1.1 200 OK"
2026-08-07 01:51:23 | pocket.main          | INFO     | 📊 Bazar skan edilir...
2026-08-07 01:51:26 | pocket.main          | INFO     | ℹ️  M1 üçün siqnal tapılmadı
2026-08-07 01:51:29 | httpx                | INFO     | HTTP Request: POST https://api.telegram.org/bot8941505352:AAHsWfhljzdi9hH-pdjzsfA86Ih1YzBEBLA/getUpdates "HTTP/1.1 200 OK"
2026-08-07 01:51:30 | pocket.main          | INFO     | ℹ️  M5 üçün siqnal tapılmadı
2026-08-07 01:51:33 | pocket.main          | INFO     | ℹ️  M15 üçün siqnal tapılmadı
2026-08-07 01:51:38 | pocket.main          | INFO     | 📊 Bazar skan edilir...
2026-08-07 01:51:39 | httpx                | INFO     | HTTP Request: POST https://api.telegram.org/bot8941505352:AAHsWfhljzdi9hH-pdjzsfA86Ih1YzBEBLA/getUpdates "HTTP/1.1 200 OK"
2026-08-07 01:51:42 | pocket.main          | INFO     | ℹ️  M1 üçün siqnal tapılmadı
2026-08-07 01:51:45 | pocket.main          | INFO     | ℹ️  M5 üçün siqnal tapılmadı
2026-08-07 01:51:49 | pocket.main          | INFO     | ℹ️  M15 üçün siqnal tapılmadı
2026-08-07 01:51:49 | httpx                | INFO     | HTTP Request: POST https://api.telegram.org/bot8941505352:AAHsWfhljzdi9hH-pdjzsfA86Ih1YzBEBLA/getUpdates "HTTP/1.1 200 OK"
2026-08-07 01:51:54 | pocket.main          | INFO     | 📊 Bazar skan edilir...
2026-08-07 01:51:57 | pocket.main          | INFO     | ℹ️  M1 üçün siqnal tapılmadı
2026-08-07 01:51:59 | httpx                | INFO     | HTTP Request: POST https://api.telegram.org/bot8941505352:AAHsWfhljzdi9hH-pdjzsfA86Ih1YzBEBLA/getUpdates "HTTP/1.1 200 OK"
2026-08-07 01:52:01 | pocket.main          | INFO     | ℹ️  M5 üçün siqnal tapılmadı
2026-08-07 01:52:05 | pocket.main          | INFO     | ℹ️  M15 üçün siqnal tapılmadı
2026-08-07 01:52:09 | httpx                | INFO     | HTTP Request: POST https://api.telegram.org/bot8941505352:AAHsWfhljzdi9hH-pdjzsfA86Ih1YzBEBLA/getUpdates "HTTP/1.1 200 OK"
2026-08-07 01:52:10 | pocket.main          | INFO     | 📊 Bazar skan edilir...
2026-08-07 01:52:15 | pocket.main          | INFO     | ℹ️  M1 üçün siqnal tapılmadı
2026-08-07 01:52:19 | httpx                | INFO     | HTTP Request: POST https://api.telegram.org/bot8941505352:AAHsWfhljzdi9hH-pdjzsfA86Ih1YzBEBLA/getUpdates "HTTP/1.1 200 OK"
2026-08-07 01:52:19 | pocket.main          | INFO     | ℹ️  M5 üçün siqnal tapılmadı
2026-08-07 01:52:24 | pocket.main          | INFO     | ℹ️  M15 üçün siqnal tapılmadı
2026-08-07 01:52:29 | pocket.main          | INFO     | 📊 Bazar skan edilir...
2026-08-07 01:52:29 | httpx                | INFO     | HTTP Request: POST https://api.telegram.org/bot8941505352:AAHsWfhljzdi9hH-pdjzsfA86Ih1YzBEBLA/getUpdates "HTTP/1.1 200 OK"
2026-08-07 01:52:32 | pocket.main          | INFO     | ℹ️  M1 üçün siqnal tapılmadı
2026-08-07 01:52:36 | pocket.main          | INFO     | ℹ️  M5 üçün siqnal tapılmadı
2026-08-07 01:52:39 | httpx                | INFO     | HTTP Request: POST https://api.telegram.org/bot8941505352:AAHsWfhljzdi9hH-pdjzsfA86Ih1YzBEBLA/getUpdates "HTTP/1.1 200 OK"
2026-08-07 01:52:40 | pocket.main          | INFO     | ℹ️  M15 üçün siqnal tapılmadı
2026-08-07 01:52:45 | pocket.main          | INFO     | 📊 Bazar skan edilir...
2026-08-07 01:52:49 | pocket.main          | INFO     | ℹ️  M1 üçün siqnal tapılmadı
2026-08-07 01:52:49 | httpx                | INFO     | HTTP Request: POST https://api.telegram.org/bot8941505352:AAHsWfhljzdi9hH-pdjzsfA86Ih1YzBEBLA/getUpdates "HTTP/1.1 200 OK"
2026-08-07 01:52:51 | pocket.main          | INFO     | ℹ️  M5 üçün siqnal tapılmadı
2026-08-07 01:52:55 | pocket.main          | INFO     | ℹ️  M15 üçün siqnal tapılmadı
2026-08-07 01:53:00 | httpx                | INFO     | HTTP Request: POST https://api.telegram.org/bot8941505352:AAHsWfhljzdi9hH-pdjzsfA86Ih1YzBEBLA/getUpdates "HTTP/1.1 200 OK"
2026-08-07 01:53:00 | pocket.main          | INFO     | 📊 Bazar skan edilir...
2026-08-07 01:53:04 | pocket.main          | INFO     | ℹ️  M1 üçün siqnal tapılmadı
2026-08-07 01:53:08 | pocket.main          | INFO     | ℹ️  M5 üçün siqnal tapılmadı
2026-08-07 01:53:10 | httpx                | INFO     | HTTP Request: POST https://api.telegram.org/bot8941505352:AAHsWfhljzdi9hH-pdjzsfA86Ih1YzBEBLA/getUpdates "HTTP/1.1 200 OK"
2026-08-07 01:53:12 | pocket.main          | INFO     | ℹ️  M15 üçün siqnal tapılmadı
2026-08-07 01:53:17 | pocket.main          | INFO     | 📊 Bazar skan edilir...
2026-08-07 01:53:20 | httpx                | INFO     | HTTP Request: POST https://api.telegram.org/bot8941505352:AAHsWfhljzdi9hH-pdjzsfA86Ih1YzBEBLA/getUpdates "HTTP/1.1 200 OK"
2026-08-07 01:53:21 | pocket.main          | INFO     | ℹ️  M1 üçün siqnal tapılmadı
2026-08-07 01:53:26 | pocket.main          | INFO     | ℹ️  M5 üçün siqnal tapılmadı
2026-08-07 01:53:30 | httpx                | INFO     | HTTP Request: POST https://api.telegram.org/bot8941505352:AAHsWfhljzdi9hH-pdjzsfA86Ih1YzBEBLA/getUpdates "HTTP/1.1 200 OK"
2026-08-07 01:53:30 | pocket.main          | INFO     | ℹ️  M15 üçün siqnal tapılmadı
2026-08-07 01:53:35 | pocket.main          | INFO     | 📊 Bazar skan edilir...
2026-08-07 01:53:39 | pocket.main          | INFO     | ℹ️  M1 üçün siqnal tapılmadı
2026-08-07 01:53:40 | httpx                | INFO     | HTTP Request: POST https://api.telegram.org/bot8941505352:AAHsWfhljzdi9hH-pdjzsfA86Ih1YzBEBLA/getUpdates "HTTP/1.1 200 OK"
2026-08-07 01:53:42 | pocket.main          | INFO     | ℹ️  M5 üçün siqnal tapılmadı
2026-08-07 01:53:46 | pocket.main          | INFO     | ℹ️  M15 üçün siqnal tapılmadı
2026-08-07 01:53:50 | httpx                | INFO     | HTTP Request: POST https://api.telegram.org/bot8941505352:AAHsWfhljzdi9hH-pdjzsfA86Ih1YzBEBLA/getUpdates "HTTP/1.1 200 OK"
2026-08-07 01:53:51 | pocket.main          | INFO     | 📊 Bazar skan edilir...
2026-08-07 01:53:54 | pocket.main          | INFO     | ℹ️  M1 üçün siqnal tapılmadı
2026-08-07 01:53:57 | pocket.main          | INFO     | ℹ️  M5 üçün siqnal tapılmadı
2026-08-07 01:54:00 | httpx                | INFO     | HTTP Request: POST https://api.telegram.org/bot8941505352:AAHsWfhljzdi9hH-pdjzsfA86Ih1YzBEBLA/getUpdates "HTTP/1.1 200 OK"
2026-08-07 01:54:02 | pocket.main          | INFO     | ℹ️  M15 üçün siqnal tapılmadı
2026-08-07 01:54:07 | pocket.main          | INFO     | 📊 Bazar skan edilir...
2026-08-07 01:54:10 | httpx                | INFO     | HTTP Request: POST https://api.telegram.org/bot8941505352:AAHsWfhljzdi9hH-pdjzsfA86Ih1YzBEBLA/getUpdates "HTTP/1.1 200 OK"
2026-08-07 01:54:11 | pocket.main          | INFO     | ℹ️  M1 üçün siqnal tapılmadı
2026-08-07 01:54:15 | pocket.main          | INFO     | ℹ️  M5 üçün siqnal tapılmadı
2026-08-07 01:54:18 | pocket.main          | INFO     | ℹ️  M15 üçün siqnal tapılmadı
2026-08-07 01:54:20 | httpx                | INFO     | HTTP Request: POST https://api.telegram.org/bot8941505352:AAHsWfhljzdi9hH-pdjzsfA86Ih1YzBEBLA/getUpdates "HTTP/1.1 200 OK"
2026-08-07 01:54:23 | pocket.main          | INFO     | 📊 Bazar skan edilir...
2026-08-07 01:54:26 | pocket.main          | INFO     | ℹ️  M1 üçün siqnal tapılmadı
2026-08-07 01:54:30 | pocket.main          | INFO     | ℹ️  M5 üçün siqnal tapılmadı
2026-08-07 01:54:30 | httpx                | INFO     | HTTP Request: POST https://api.telegram.org/bot8941505352:AAHsWfhljzdi9hH-pdjzsfA86Ih1YzBEBLA/getUpdates "HTTP/1.1 200 OK"
2026-08-07 01:54:33 | pocket.main          | INFO     | ℹ️  M15 üçün siqnal tapılmadı
2026-08-07 01:54:38 | pocket.main          | INFO     | 📊 Bazar skan edilir...
2026-08-07 01:54:40 | httpx                | INFO     | HTTP Request: POST https://api.telegram.org/bot8941505352:AAHsWfhljzdi9hH-pdjzsfA86Ih1YzBEBLA/getUpdates "HTTP/1.1 200 OK"
2026-08-07 01:54:41 | pocket.main          | INFO     | ℹ️  M1 üçün siqnal tapılmadı
2026-08-07 01:54:45 | pocket.main          | INFO     | ℹ️  M5 üçün siqnal tapılmadı
2026-08-07 01:54:48 | pocket.main          | INFO     | ℹ️  M15 üçün siqnal tapılmadı
2026-08-07 01:54:51 | httpx                | INFO     | HTTP Request: POST https://api.telegram.org/bot8941505352:AAHsWfhljzdi9hH-pdjzsfA86Ih1YzBEBLA/getUpdates "HTTP/1.1 200 OK"
2026-08-07 01:54:53 | pocket.main          | INFO     | 📊 Bazar skan edilir...
2026-08-07 01:54:57 | pocket.main          | INFO     | ℹ️  M1 üçün siqnal tapılmadı
2026-08-07 01:55:00 | pocket.main          | INFO     | ℹ️  M5 üçün siqnal tapılmadı
2026-08-07 01:55:01 | httpx                | INFO     | HTTP Request: POST https://api.telegram.org/bot8941505352:AAHsWfhljzdi9hH-pdjzsfA86Ih1YzBEBLA/getUpdates "HTTP/1.1 200 OK"
2026-08-07 01:55:05 | pocket.main          | INFO     | ℹ️  M15 üçün siqnal tapılmadı
2026-08-07 01:55:10 | pocket.main          | INFO     | 📊 Bazar skan edilir...
2026-08-07 01:55:11 | httpx                | INFO     | HTTP Request: POST https://api.telegram.org/bot8941505352:AAHsWfhljzdi9hH-pdjzsfA86Ih1YzBEBLA/getUpdates "HTTP/1.1 200 OK"
2026-08-07 01:55:13 | pocket.main          | INFO     | ℹ️  M1 üçün siqnal tapılmadı
2026-08-07 01:55:17 | pocket.main          | INFO     | ℹ️  M5 üçün siqnal tapılmadı
2026-08-07 01:55:21 | httpx                | INFO     | HTTP Request: POST https://api.telegram.org/bot8941505352:AAHsWfhljzdi9hH-pdjzsfA86Ih1YzBEBLA/getUpdates "HTTP/1.1 200 OK"
2026-08-07 01:55:21 | pocket.main          | INFO     | ℹ️  M15 üçün siqnal tapılmadı
2026-08-07 01:55:26 | pocket.main          | INFO     | 📊 Bazar skan edilir...
2026-08-07 01:55:30 | pocket.main          | INFO     | ℹ️  M1 üçün siqnal tapılmadı
2026-08-07 01:55:31 | httpx                | INFO     | HTTP Request: POST https://api.telegram.org/bot8941505352:AAHsWfhljzdi9hH-pdjzsfA86Ih1YzBEBLA/getUpdates "HTTP/1.1 200 OK"
2026-08-07 01:55:34 | pocket.main          | INFO     | ℹ️  M5 üçün siqnal tapılmadı
2026-08-07 01:55:38 | pocket.main          | INFO     | ℹ️  M15 üçün siqnal tapılmadı
2026-08-07 01:55:41 | httpx                | INFO     | HTTP Request: POST https://api.telegram.org/bot8941505352:AAHsWfhljzdi9hH-pdjzsfA86Ih1YzBEBLA/getUpdates "HTTP/1.1 200 OK"
2026-08-07 01:55:43 | pocket.main          | INFO     | 📊 Bazar skan edilir...
2026-08-07 01:55:47 | pocket.main          | INFO     | ℹ️  M1 üçün siqnal tapılmadı
2026-08-07 01:55:51 | httpx                | INFO     | HTTP Request: POST https://api.telegram.org/bot8941505352:AAHsWfhljzdi9hH-pdjzsfA86Ih1YzBEBLA/getUpdates "HTTP/1.1 200 OK"
2026-08-07 01:55:52 | pocket.main          | INFO     | ℹ️  M5 üçün siqnal tapılmadı
2026-08-07 01:55:56 | pocket.main          | INFO     | ℹ️  M15 üçün siqnal tapılmadı
2026-08-07 01:56:01 | httpx                | INFO     | HTTP Request: POST https://api.telegram.org/bot8941505352:AAHsWfhljzdi9hH-pdjzsfA86Ih1YzBEBLA/getUpdates "HTTP/1.1 200 OK"
2026-08-07 01:56:01 | pocket.main          | INFO     | 📊 Bazar skan edilir...
2026-08-07 01:56:05 | pocket.main          | INFO     | ℹ️  M1 üçün siqnal tapılmadı
2026-08-07 01:56:09 | pocket.main          | INFO     | ℹ️  M5 üçün siqnal tapılmadı
2026-08-07 01:56:11 | httpx                | INFO     | HTTP Request: POST https://api.telegram.org/bot8941505352:AAHsWfhljzdi9hH-pdjzsfA86Ih1YzBEBLA/getUpdates "HTTP/1.1 200 OK"
2026-08-07 01:56:13 | pocket.main          | INFO     | ℹ️  M15 üçün siqnal tapılmadı
2026-08-07 01:56:18 | pocket.main          | INFO     | 📊 Bazar skan edilir...
2026-08-07 01:56:22 | httpx                | INFO     | HTTP Request: POST https://api.telegram.org/bot8941505352:AAHsWfhljzdi9hH-pdjzsfA86Ih1YzBEBLA/getUpdates "HTTP/1.1 200 OK"
2026-08-07 01:56:22 | pocket.main          | INFO     | ℹ️  M1 üçün siqnal tapılmadı
2026-08-07 01:56:26 | pocket.main          | INFO     | ℹ️  M5 üçün siqnal tapılmadı
2026-08-07 01:56:30 | pocket.main          | INFO     | ℹ️  M15 üçün siqnal tapılmadı
2026-08-07 01:56:32 | httpx                | INFO     | HTTP Request: POST https://api.telegram.org/bot8941505352:AAHsWfhljzdi9hH-pdjzsfA86Ih1YzBEBLA/getUpdates "HTTP/1.1 200 OK"
2026-08-07 01:56:35 | pocket.main          | INFO     | 📊 Bazar skan edilir...
2026-08-07 01:56:38 | pocket.main          | INFO     | ℹ️  M1 üçün siqnal tapılmadı
2026-08-07 01:56:42 | httpx                | INFO     | HTTP Request: POST https://api.telegram.org/bot8941505352:AAHsWfhljzdi9hH-pdjzsfA86Ih1YzBEBLA/getUpdates "HTTP/1.1 200 OK"
2026-08-07 01:56:43 | pocket.main          | INFO     | ℹ️  M5 üçün siqnal tapılmadı
2026-08-07 01:56:48 | pocket.main          | INFO     | ℹ️  M15 üçün siqnal tapılmadı
2026-08-07 01:56:52 | httpx                | INFO     | HTTP Request: POST https://api.telegram.org/bot8941505352:AAHsWfhljzdi9hH-pdjzsfA86Ih1YzBEBLA/getUpdates "HTTP/1.1 200 OK"
2026-08-07 01:56:53 | pocket.main          | INFO     | 📊 Bazar skan edilir...
2026-08-07 01:56:56 | pocket.main          | INFO     | ℹ️  M1 üçün siqnal tapılmadı
2026-08-07 01:57:00 | pocket.main          | INFO     | ℹ️  M5 üçün siqnal tapılmadı
2026-08-07 01:57:02 | httpx                | INFO     | HTTP Request: POST https://api.telegram.org/bot8941505352:AAHsWfhljzdi9hH-pdjzsfA86Ih1YzBEBLA/getUpdates "HTTP/1.1 200 OK"
2026-08-07 01:57:04 | pocket.main          | INFO     | ℹ️  M15 üçün siqnal tapılmadı
2026-08-07 01:57:09 | pocket.main          | INFO     | 📊 Bazar skan edilir...
2026-08-07 01:57:17 | pocket.main          | INFO     | 🚀 Sistem başladılır...
2026-08-07 01:57:17 | pocket.main          | INFO     | ⚙️  Core komponentlər yaradılır...
2026-08-07 01:57:17 | pocket.main          | INFO     | ✅ Core və Martingale komponentlər hazırdır
2026-08-07 01:57:17 | pocket.main          | INFO     | 🔍 Bazar skaneri və Martingale icraçısı işə düşdü
2026-08-07 01:57:17 | pocket.main          | INFO     | 🔍 Martingale Skaneri başladı
2026-08-07 01:57:17 | pocket.main          | INFO     | 🤖 Telegram Bot thread-i başladı
2026-08-07 01:57:17 | pocket.main          | INFO     | 🌐 Web Dashboard: http://localhost:5000
2026-08-07 01:57:17 | core.po_trader       | INFO     | 🔌 Pocket Option-a qoşulunur... (Hesab: DEMO)
2026-08-07 01:57:18 | core.po_trader       | INFO     | ✅ Pocket Option-a uğurla qoşuldu!
2026-08-07 01:57:18 | core.po_trader       | INFO     | 💰 Balans: 68096.21 USD
2026-08-07 01:57:18 | pocket.main          | INFO     | 📊 Bazar skan edilir...
2026-08-07 01:57:18 | pocket.main          | INFO     | 🌐 Web Dashboard işə düşür: http://localhost:5000
2026-08-07 01:57:19 | pocket.main          | INFO     | 🤖 Telegram Bot işə düşür...
2026-08-07 01:57:19 | bot.telegram_bot     | INFO     | Bot starting...
2026-08-07 01:57:19 | httpx                | INFO     | HTTP Request: POST https://api.telegram.org/bot8941505352:AAHsWfhljzdi9hH-pdjzsfA86Ih1YzBEBLA/getMe "HTTP/1.1 200 OK"
2026-08-07 01:57:19 | httpx                | INFO     | HTTP Request: POST https://api.telegram.org/bot8941505352:AAHsWfhljzdi9hH-pdjzsfA86Ih1YzBEBLA/deleteWebhook "HTTP/1.1 200 OK"
2026-08-07 01:57:19 | apscheduler.scheduler | INFO     | Scheduler started
2026-08-07 01:57:19 | telegram.ext.Application | INFO     | Application started
2026-08-07 01:57:22 | pocket.main          | INFO     | ℹ️  M1 üçün siqnal tapılmadı
2026-08-07 01:57:26 | pocket.main          | INFO     | ℹ️  M5 üçün siqnal tapılmadı
2026-08-07 01:57:29 | pocket.main          | INFO     | ℹ️  M15 üçün siqnal tapılmadı
2026-08-07 01:57:29 | httpx                | INFO     | HTTP Request: POST https://api.telegram.org/bot8941505352:AAHsWfhljzdi9hH-pdjzsfA86Ih1YzBEBLA/getUpdates "HTTP/1.1 200 OK"
2026-08-07 01:57:34 | pocket.main          | INFO     | 📊 Bazar skan edilir...
2026-08-07 01:57:37 | pocket.main          | INFO     | ℹ️  M1 üçün siqnal tapılmadı
2026-08-07 01:57:40 | httpx                | INFO     | HTTP Request: POST https://api.telegram.org/bot8941505352:AAHsWfhljzdi9hH-pdjzsfA86Ih1YzBEBLA/getUpdates "HTTP/1.1 200 OK"
2026-08-07 01:57:40 | pocket.main          | INFO     | ℹ️  M5 üçün siqnal tapılmadı
2026-08-07 01:57:44 | pocket.main          | INFO     | ℹ️  M15 üçün siqnal tapılmadı
2026-08-07 01:57:49 | pocket.main          | INFO     | 📊 Bazar skan edilir...
2026-08-07 01:57:50 | httpx                | INFO     | HTTP Request: POST https://api.telegram.org/bot8941505352:AAHsWfhljzdi9hH-pdjzsfA86Ih1YzBEBLA/getUpdates "HTTP/1.1 200 OK"
2026-08-07 01:57:52 | pocket.main          | INFO     | ℹ️  M1 üçün siqnal tapılmadı
2026-08-07 01:57:55 | pocket.main          | INFO     | ℹ️  M5 üçün siqnal tapılmadı
2026-08-07 01:57:59 | pocket.main          | INFO     | ℹ️  M15 üçün siqnal tapılmadı
2026-08-07 01:58:00 | httpx                | INFO     | HTTP Request: POST https://api.telegram.org/bot8941505352:AAHsWfhljzdi9hH-pdjzsfA86Ih1YzBEBLA/getUpdates "HTTP/1.1 200 OK"
2026-08-07 01:58:04 | pocket.main          | INFO     | 📊 Bazar skan edilir...
2026-08-07 01:58:09 | pocket.main          | INFO     | ℹ️  M1 üçün siqnal tapılmadı
2026-08-07 01:58:10 | httpx                | INFO     | HTTP Request: POST https://api.telegram.org/bot8941505352:AAHsWfhljzdi9hH-pdjzsfA86Ih1YzBEBLA/getUpdates "HTTP/1.1 200 OK"
2026-08-07 01:58:13 | pocket.main          | INFO     | ℹ️  M5 üçün siqnal tapılmadı
2026-08-07 01:58:17 | pocket.main          | INFO     | ℹ️  M15 üçün siqnal tapılmadı
2026-08-07 01:58:20 | httpx                | INFO     | HTTP Request: POST https://api.telegram.org/bot8941505352:AAHsWfhljzdi9hH-pdjzsfA86Ih1YzBEBLA/getUpdates "HTTP/1.1 200 OK"
2026-08-07 01:58:22 | pocket.main          | INFO     | 📊 Bazar skan edilir...
2026-08-07 01:58:25 | pocket.main          | INFO     | ℹ️  M1 üçün siqnal tapılmadı
2026-08-07 01:58:29 | httpx                | INFO     | HTTP Request: POST https://api.telegram.org/bot8941505352:AAHsWfhljzdi9hH-pdjzsfA86Ih1YzBEBLA/getUpdates "HTTP/1.1 200 OK"
2026-08-07 01:58:30 | httpx                | INFO     | HTTP Request: POST https://api.telegram.org/bot8941505352:AAHsWfhljzdi9hH-pdjzsfA86Ih1YzBEBLA/sendMessage "HTTP/1.1 200 OK"
2026-08-07 01:58:31 | pocket.main          | INFO     | ℹ️  M5 üçün siqnal tapılmadı
2026-08-07 01:58:32 | httpx                | INFO     | HTTP Request: POST https://api.telegram.org/bot8941505352:AAHsWfhljzdi9hH-pdjzsfA86Ih1YzBEBLA/getUpdates "HTTP/1.1 200 OK"
2026-08-07 01:58:32 | httpx                | INFO     | HTTP Request: POST https://api.telegram.org/bot8941505352:AAHsWfhljzdi9hH-pdjzsfA86Ih1YzBEBLA/answerCallbackQuery "HTTP/1.1 200 OK"
2026-08-07 01:58:33 | httpx                | INFO     | HTTP Request: POST https://api.telegram.org/bot8941505352:AAHsWfhljzdi9hH-pdjzsfA86Ih1YzBEBLA/editMessageText "HTTP/1.1 200 OK"
2026-08-07 01:58:36 | httpx                | INFO     | HTTP Request: POST https://api.telegram.org/bot8941505352:AAHsWfhljzdi9hH-pdjzsfA86Ih1YzBEBLA/getUpdates "HTTP/1.1 200 OK"
2026-08-07 01:58:36 | httpx                | INFO     | HTTP Request: POST https://api.telegram.org/bot8941505352:AAHsWfhljzdi9hH-pdjzsfA86Ih1YzBEBLA/answerCallbackQuery "HTTP/1.1 200 OK"
2026-08-07 01:58:37 | httpx                | INFO     | HTTP Request: POST https://api.telegram.org/bot8941505352:AAHsWfhljzdi9hH-pdjzsfA86Ih1YzBEBLA/editMessageText "HTTP/1.1 200 OK"
2026-08-07 01:58:37 | pocket.main          | INFO     | ℹ️  M15 üçün siqnal tapılmadı
2026-08-07 01:58:42 | pocket.main          | INFO     | 📊 Bazar skan edilir...
2026-08-07 01:58:45 | pocket.main          | INFO     | ℹ️  M1 üçün siqnal tapılmadı
2026-08-07 01:58:46 | httpx                | INFO     | HTTP Request: POST https://api.telegram.org/bot8941505352:AAHsWfhljzdi9hH-pdjzsfA86Ih1YzBEBLA/getUpdates "HTTP/1.1 200 OK"
2026-08-07 01:58:49 | pocket.main          | INFO     | ℹ️  M5 üçün siqnal tapılmadı
2026-08-07 01:58:51 | httpx                | INFO     | HTTP Request: POST https://api.telegram.org/bot8941505352:AAHsWfhljzdi9hH-pdjzsfA86Ih1YzBEBLA/getUpdates "HTTP/1.1 200 OK"
2026-08-07 01:58:53 | pocket.main          | INFO     | ℹ️  M15 üçün siqnal tapılmadı
2026-08-07 01:58:58 | pocket.main          | INFO     | 📊 Bazar skan edilir...
2026-08-07 01:59:01 | httpx                | INFO     | HTTP Request: POST https://api.telegram.org/bot8941505352:AAHsWfhljzdi9hH-pdjzsfA86Ih1YzBEBLA/getUpdates "HTTP/1.1 200 OK"
2026-08-07 01:59:02 | pocket.main          | INFO     | ℹ️  M1 üçün siqnal tapılmadı
2026-08-07 01:59:05 | pocket.main          | INFO     | ℹ️  M5 üçün siqnal tapılmadı
2026-08-07 01:59:10 | pocket.main          | INFO     | ℹ️  M15 üçün siqnal tapılmadı
2026-08-07 01:59:11 | httpx                | INFO     | HTTP Request: POST https://api.telegram.org/bot8941505352:AAHsWfhljzdi9hH-pdjzsfA86Ih1YzBEBLA/getUpdates "HTTP/1.1 200 OK"
2026-08-07 01:59:15 | pocket.main          | INFO     | 📊 Bazar skan edilir...
2026-08-07 01:59:19 | pocket.main          | INFO     | ℹ️  M1 üçün siqnal tapılmadı
2026-08-07 01:59:20 | httpx                | INFO     | HTTP Request: POST https://api.telegram.org/bot8941505352:AAHsWfhljzdi9hH-pdjzsfA86Ih1YzBEBLA/getUpdates "HTTP/1.1 200 OK"
2026-08-07 01:59:23 | pocket.main          | INFO     | ℹ️  M5 üçün siqnal tapılmadı
2026-08-07 01:59:27 | pocket.main          | INFO     | ℹ️  M15 üçün siqnal tapılmadı
2026-08-07 01:59:30 | httpx                | INFO     | HTTP Request: POST https://api.telegram.org/bot8941505352:AAHsWfhljzdi9hH-pdjzsfA86Ih1YzBEBLA/getUpdates "HTTP/1.1 200 OK"
2026-08-07 01:59:32 | pocket.main          | INFO     | 📊 Bazar skan edilir...
2026-08-07 01:59:36 | pocket.main          | INFO     | ℹ️  M1 üçün siqnal tapılmadı
2026-08-07 01:59:39 | pocket.main          | INFO     | ℹ️  M5 üçün siqnal tapılmadı
2026-08-07 01:59:40 | httpx                | INFO     | HTTP Request: POST https://api.telegram.org/bot8941505352:AAHsWfhljzdi9hH-pdjzsfA86Ih1YzBEBLA/getUpdates "HTTP/1.1 200 OK"
2026-08-07 01:59:43 | pocket.main          | INFO     | ℹ️  M15 üçün siqnal tapılmadı
2026-08-07 01:59:48 | pocket.main          | INFO     | 📊 Bazar skan edilir...
2026-08-07 01:59:50 | httpx                | INFO     | HTTP Request: POST https://api.telegram.org/bot8941505352:AAHsWfhljzdi9hH-pdjzsfA86Ih1YzBEBLA/getUpdates "HTTP/1.1 200 OK"
2026-08-07 01:59:51 | pocket.main          | INFO     | ℹ️  M1 üçün siqnal tapılmadı
2026-08-07 01:59:54 | pocket.main          | INFO     | ℹ️  M5 üçün siqnal tapılmadı
2026-08-07 02:00:06 | pocket.main          | INFO     | 🚀 Sistem başladılır...
2026-08-07 02:00:06 | pocket.main          | INFO     | ⚙️  Core komponentlər yaradılır...
2026-08-07 02:00:06 | pocket.main          | INFO     | ✅ Core və Martingale komponentlər hazırdır
2026-08-07 02:00:06 | pocket.main          | INFO     | 🔍 Bazar skaneri və Martingale icraçısı işə düşdü
2026-08-07 02:00:06 | pocket.main          | INFO     | 🔍 Martingale Skaneri başladı
2026-08-07 02:00:06 | pocket.main          | INFO     | 🤖 Telegram Bot thread-i başladı
2026-08-07 02:00:06 | pocket.main          | INFO     | 🌐 Web Dashboard: http://localhost:5000
2026-08-07 02:00:06 | core.po_trader       | INFO     | 🔌 Pocket Option-a qoşulunur... (Hesab: DEMO)
2026-08-07 02:00:07 | core.po_trader       | INFO     | ✅ Pocket Option-a uğurla qoşuldu!
2026-08-07 02:00:07 | core.po_trader       | INFO     | 💰 Balans: 68096.21 USD
2026-08-07 02:00:07 | pocket.main          | INFO     | 📊 Bazar skan edilir...
2026-08-07 02:00:07 | pocket.main          | INFO     | 🌐 Web Dashboard işə düşür: http://localhost:5000
2026-08-07 02:00:08 | pocket.main          | INFO     | 🤖 Telegram Bot işə düşür...
2026-08-07 02:00:08 | bot.telegram_bot     | INFO     | Bot starting...
2026-08-07 02:00:08 | httpx                | INFO     | HTTP Request: POST https://api.telegram.org/bot8941505352:AAHsWfhljzdi9hH-pdjzsfA86Ih1YzBEBLA/getMe "HTTP/1.1 200 OK"
2026-08-07 02:00:08 | httpx                | INFO     | HTTP Request: POST https://api.telegram.org/bot8941505352:AAHsWfhljzdi9hH-pdjzsfA86Ih1YzBEBLA/deleteWebhook "HTTP/1.1 200 OK"
2026-08-07 02:00:08 | apscheduler.scheduler | INFO     | Scheduler started
2026-08-07 02:00:08 | telegram.ext.Application | INFO     | Application started
2026-08-07 02:00:08 | bot.handlers         | ERROR    | Network / Bot exception: httpx.ConnectError: 
2026-08-07 02:00:09 | pocket.main          | INFO     | ℹ️  M1 üçün siqnal tapılmadı
2026-08-07 02:00:09 | bot.handlers         | ERROR    | Network / Bot exception: httpx.ConnectError: 
2026-08-07 02:00:10 | pocket.main          | INFO     | ℹ️  M5 üçün siqnal tapılmadı
2026-08-07 02:00:11 | pocket.main          | INFO     | ℹ️  M15 üçün siqnal tapılmadı
2026-08-07 02:00:16 | pocket.main          | INFO     | 📊 Bazar skan edilir...
2026-08-07 02:00:17 | pocket.main          | INFO     | ℹ️  M1 üçün siqnal tapılmadı
2026-08-07 02:00:18 | pocket.main          | INFO     | ℹ️  M5 üçün siqnal tapılmadı
2026-08-07 02:00:19 | pocket.main          | INFO     | ℹ️  M15 üçün siqnal tapılmadı
2026-08-07 02:00:21 | httpx                | INFO     | HTTP Request: POST https://api.telegram.org/bot8941505352:AAHsWfhljzdi9hH-pdjzsfA86Ih1YzBEBLA/getUpdates "HTTP/1.1 200 OK"
2026-08-07 02:00:24 | pocket.main          | INFO     | 📊 Bazar skan edilir...
2026-08-07 02:00:25 | pocket.main          | INFO     | ℹ️  M1 üçün siqnal tapılmadı
2026-08-07 02:00:26 | pocket.main          | INFO     | ℹ️  M5 üçün siqnal tapılmadı
2026-08-07 02:00:27 | pocket.main          | INFO     | ℹ️  M15 üçün siqnal tapılmadı
2026-08-07 02:00:31 | httpx                | INFO     | HTTP Request: POST https://api.telegram.org/bot8941505352:AAHsWfhljzdi9hH-pdjzsfA86Ih1YzBEBLA/getUpdates "HTTP/1.1 200 OK"
2026-08-07 02:00:32 | pocket.main          | INFO     | 📊 Bazar skan edilir...
2026-08-07 02:00:33 | pocket.main          | INFO     | ℹ️  M1 üçün siqnal tapılmadı
2026-08-07 02:00:34 | pocket.main          | INFO     | ℹ️  M5 üçün siqnal tapılmadı
2026-08-07 02:00:36 | pocket.main          | INFO     | ℹ️  M15 üçün siqnal tapılmadı
2026-08-07 02:00:41 | pocket.main          | INFO     | 📊 Bazar skan edilir...
2026-08-07 02:00:41 | httpx                | INFO     | HTTP Request: POST https://api.telegram.org/bot8941505352:AAHsWfhljzdi9hH-pdjzsfA86Ih1YzBEBLA/getUpdates "HTTP/1.1 200 OK"
2026-08-07 02:00:43 | pocket.main          | INFO     | ℹ️  M1 üçün siqnal tapılmadı
2026-08-07 02:00:44 | pocket.main          | INFO     | ℹ️  M5 üçün siqnal tapılmadı
2026-08-07 02:00:45 | pocket.main          | INFO     | ℹ️  M15 üçün siqnal tapılmadı
2026-08-07 02:00:50 | pocket.main          | INFO     | 📊 Bazar skan edilir...
2026-08-07 02:00:51 | pocket.main          | INFO     | ℹ️  M1 üçün siqnal tapılmadı
2026-08-07 02:00:52 | httpx                | INFO     | HTTP Request: POST https://api.telegram.org/bot8941505352:AAHsWfhljzdi9hH-pdjzsfA86Ih1YzBEBLA/getUpdates "HTTP/1.1 200 OK"
2026-08-07 02:00:52 | pocket.main          | INFO     | ℹ️  M5 üçün siqnal tapılmadı
2026-08-07 02:00:54 | pocket.main          | INFO     | ℹ️  M15 üçün siqnal tapılmadı
2026-08-07 02:00:59 | pocket.main          | INFO     | 📊 Bazar skan edilir...
2026-08-07 02:01:00 | pocket.main          | INFO     | ℹ️  M1 üçün siqnal tapılmadı
2026-08-07 02:01:01 | pocket.main          | INFO     | ℹ️  M5 üçün siqnal tapılmadı
2026-08-07 02:01:02 | httpx                | INFO     | HTTP Request: POST https://api.telegram.org/bot8941505352:AAHsWfhljzdi9hH-pdjzsfA86Ih1YzBEBLA/getUpdates "HTTP/1.1 200 OK"
2026-08-07 02:01:02 | pocket.main          | INFO     | ℹ️  M15 üçün siqnal tapılmadı
2026-08-07 02:01:07 | pocket.main          | INFO     | 📊 Bazar skan edilir...
2026-08-07 02:01:08 | pocket.main          | INFO     | ℹ️  M1 üçün siqnal tapılmadı
2026-08-07 02:01:09 | pocket.main          | INFO     | ℹ️  M5 üçün siqnal tapılmadı
2026-08-07 02:01:10 | pocket.main          | INFO     | ℹ️  M15 üçün siqnal tapılmadı
2026-08-07 02:01:12 | httpx                | INFO     | HTTP Request: POST https://api.telegram.org/bot8941505352:AAHsWfhljzdi9hH-pdjzsfA86Ih1YzBEBLA/getUpdates "HTTP/1.1 200 OK"
2026-08-07 02:01:14 | httpx                | INFO     | HTTP Request: POST https://api.telegram.org/bot8941505352:AAHsWfhljzdi9hH-pdjzsfA86Ih1YzBEBLA/getUpdates "HTTP/1.1 200 OK"
2026-08-07 02:01:15 | httpx                | INFO     | HTTP Request: POST https://api.telegram.org/bot8941505352:AAHsWfhljzdi9hH-pdjzsfA86Ih1YzBEBLA/sendChatAction "HTTP/1.1 200 OK"
2026-08-07 02:01:15 | pocket.main          | INFO     | 📊 Bazar skan edilir...
2026-08-07 02:01:17 | pocket.main          | INFO     | ℹ️  M1 üçün siqnal tapılmadı
2026-08-07 02:01:18 | pocket.main          | INFO     | ℹ️  M5 üçün siqnal tapılmadı
2026-08-07 02:01:20 | pocket.main          | INFO     | ℹ️  M15 üçün siqnal tapılmadı
2026-08-07 02:01:25 | httpx                | INFO     | HTTP Request: POST https://api.telegram.org/bot8941505352:AAHsWfhljzdi9hH-pdjzsfA86Ih1YzBEBLA/getUpdates "HTTP/1.1 200 OK"
2026-08-07 02:01:25 | pocket.main          | INFO     | 📊 Bazar skan edilir...
2026-08-07 02:01:26 | httpx                | INFO     | HTTP Request: POST https://api.telegram.org/bot8941505352:AAHsWfhljzdi9hH-pdjzsfA86Ih1YzBEBLA/sendMessage "HTTP/1.1 200 OK"
2026-08-07 02:01:26 | pocket.main          | INFO     | ℹ️  M1 üçün siqnal tapılmadı
2026-08-07 02:01:27 | pocket.main          | INFO     | ℹ️  M5 üçün siqnal tapılmadı
2026-08-07 02:01:28 | pocket.main          | INFO     | ℹ️  M15 üçün siqnal tapılmadı
2026-08-07 02:01:33 | pocket.main          | INFO     | 📊 Bazar skan edilir...
2026-08-07 02:01:34 | pocket.main          | INFO     | ℹ️  M1 üçün siqnal tapılmadı
2026-08-07 02:01:35 | httpx                | INFO     | HTTP Request: POST https://api.telegram.org/bot8941505352:AAHsWfhljzdi9hH-pdjzsfA86Ih1YzBEBLA/getUpdates "HTTP/1.1 200 OK"
2026-08-07 02:01:35 | pocket.main          | INFO     | ℹ️  M5 üçün siqnal tapılmadı
2026-08-07 02:01:36 | pocket.main          | INFO     | ℹ️  M15 üçün siqnal tapılmadı
2026-08-07 02:01:41 | pocket.main          | INFO     | 📊 Bazar skan edilir...
2026-08-07 02:01:42 | pocket.main          | INFO     | ℹ️  M1 üçün siqnal tapılmadı
2026-08-07 02:01:43 | pocket.main          | INFO     | ℹ️  M5 üçün siqnal tapılmadı
2026-08-07 02:01:44 | pocket.main          | INFO     | ℹ️  M15 üçün siqnal tapılmadı
2026-08-07 02:01:45 | httpx                | INFO     | HTTP Request: POST https://api.telegram.org/bot8941505352:AAHsWfhljzdi9hH-pdjzsfA86Ih1YzBEBLA/getUpdates "HTTP/1.1 200 OK"
2026-08-07 02:01:50 | pocket.main          | INFO     | 📊 Bazar skan edilir...
2026-08-07 02:01:51 | pocket.main          | INFO     | ℹ️  M1 üçün siqnal tapılmadı
2026-08-07 02:01:52 | pocket.main          | INFO     | ℹ️  M5 üçün siqnal tapılmadı
2026-08-07 02:01:53 | pocket.main          | INFO     | ℹ️  M15 üçün siqnal tapılmadı
2026-08-07 02:01:55 | httpx                | INFO     | HTTP Request: POST https://api.telegram.org/bot8941505352:AAHsWfhljzdi9hH-pdjzsfA86Ih1YzBEBLA/getUpdates "HTTP/1.1 200 OK"
2026-08-07 02:01:58 | pocket.main          | INFO     | 📊 Bazar skan edilir...
2026-08-07 02:01:59 | pocket.main          | INFO     | ℹ️  M1 üçün siqnal tapılmadı
2026-08-07 02:02:00 | pocket.main          | INFO     | ℹ️  M5 üçün siqnal tapılmadı
2026-08-07 02:02:01 | pocket.main          | INFO     | ℹ️  M15 üçün siqnal tapılmadı
2026-08-07 02:02:05 | httpx                | INFO     | HTTP Request: POST https://api.telegram.org/bot8941505352:AAHsWfhljzdi9hH-pdjzsfA86Ih1YzBEBLA/getUpdates "HTTP/1.1 200 OK"
2026-08-07 02:02:06 | pocket.main          | INFO     | 📊 Bazar skan edilir...
2026-08-07 02:02:07 | pocket.main          | INFO     | ℹ️  M1 üçün siqnal tapılmadı
2026-08-07 02:02:08 | pocket.main          | INFO     | ℹ️  M5 üçün siqnal tapılmadı
2026-08-07 02:02:10 | pocket.main          | INFO     | ℹ️  M15 üçün siqnal tapılmadı
2026-08-07 02:02:15 | pocket.main          | INFO     | 📊 Bazar skan edilir...
2026-08-07 02:02:15 | httpx                | INFO     | HTTP Request: POST https://api.telegram.org/bot8941505352:AAHsWfhljzdi9hH-pdjzsfA86Ih1YzBEBLA/getUpdates "HTTP/1.1 200 OK"
2026-08-07 02:02:15 | pocket.main          | INFO     | ℹ️  M1 üçün siqnal tapılmadı
2026-08-07 02:02:17 | pocket.main          | INFO     | ℹ️  M5 üçün siqnal tapılmadı
2026-08-07 02:02:18 | pocket.main          | INFO     | ℹ️  M15 üçün siqnal tapılmadı
2026-08-07 02:02:23 | pocket.main          | INFO     | 📊 Bazar skan edilir...
2026-08-07 02:02:24 | pocket.main          | INFO     | ℹ️  M1 üçün siqnal tapılmadı
2026-08-07 02:02:25 | pocket.main          | INFO     | ℹ️  M5 üçün siqnal tapılmadı
2026-08-07 02:02:25 | httpx                | INFO     | HTTP Request: POST https://api.telegram.org/bot8941505352:AAHsWfhljzdi9hH-pdjzsfA86Ih1YzBEBLA/getUpdates "HTTP/1.1 200 OK"
2026-08-07 02:02:27 | pocket.main          | INFO     | ℹ️  M15 üçün siqnal tapılmadı
2026-08-07 02:02:32 | pocket.main          | INFO     | 📊 Bazar skan edilir...
2026-08-07 02:02:33 | pocket.main          | INFO     | ℹ️  M1 üçün siqnal tapılmadı
2026-08-07 02:02:34 | pocket.main          | INFO     | ℹ️  M5 üçün siqnal tapılmadı
2026-08-07 02:02:35 | pocket.main          | INFO     | ℹ️  M15 üçün siqnal tapılmadı
2026-08-07 02:02:36 | httpx                | INFO     | HTTP Request: POST https://api.telegram.org/bot8941505352:AAHsWfhljzdi9hH-pdjzsfA86Ih1YzBEBLA/getUpdates "HTTP/1.1 200 OK"
2026-08-07 02:02:40 | pocket.main          | INFO     | 📊 Bazar skan edilir...
2026-08-07 02:02:41 | pocket.main          | INFO     | ℹ️  M1 üçün siqnal tapılmadı
2026-08-07 02:02:43 | pocket.main          | INFO     | ℹ️  M5 üçün siqnal tapılmadı
2026-08-07 02:02:45 | pocket.main          | INFO     | ℹ️  M15 üçün siqnal tapılmadı
2026-08-07 02:02:46 | httpx                | INFO     | HTTP Request: POST https://api.telegram.org/bot8941505352:AAHsWfhljzdi9hH-pdjzsfA86Ih1YzBEBLA/getUpdates "HTTP/1.1 200 OK"
2026-08-07 02:02:50 | pocket.main          | INFO     | 📊 Bazar skan edilir...
2026-08-07 02:02:52 | pocket.main          | INFO     | ℹ️  M1 üçün siqnal tapılmadı
2026-08-07 02:02:54 | pocket.main          | INFO     | ℹ️  M5 üçün siqnal tapılmadı
2026-08-07 02:02:56 | httpx                | INFO     | HTTP Request: POST https://api.telegram.org/bot8941505352:AAHsWfhljzdi9hH-pdjzsfA86Ih1YzBEBLA/getUpdates "HTTP/1.1 200 OK"
2026-08-07 02:02:57 | pocket.main          | INFO     | ℹ️  M15 üçün siqnal tapılmadı
2026-08-07 02:03:02 | pocket.main          | INFO     | 📊 Bazar skan edilir...
2026-08-07 02:03:05 | pocket.main          | INFO     | ℹ️  M1 üçün siqnal tapılmadı
2026-08-07 02:05:32 | pocket.main          | INFO     | 🚀 Sistem başladılır...
2026-08-07 02:05:32 | pocket.main          | INFO     | ⚙️  Core komponentlər yaradılır...
2026-08-07 02:05:32 | pocket.main          | INFO     | ✅ Core və Martingale komponentlər hazırdır
2026-08-07 02:05:32 | pocket.main          | INFO     | 🔍 Bazar skaneri və Martingale icraçısı işə düşdü
2026-08-07 02:05:32 | pocket.main          | INFO     | 🔍 Martingale Skaneri başladı
2026-08-07 02:05:32 | pocket.main          | INFO     | 🤖 Telegram Bot thread-i başladı
2026-08-07 02:05:32 | pocket.main          | INFO     | 🌐 Web Dashboard: http://localhost:5000
2026-08-07 02:05:32 | core.po_trader       | INFO     | 🔌 Pocket Option-a qoşulunur... (Hesab: DEMO)
2026-08-07 02:05:33 | pocket.main          | INFO     | 🌐 Web Dashboard işə düşür: http://localhost:5000
2026-08-07 02:05:33 | core.po_trader       | INFO     | ✅ Pocket Option-a uğurla qoşuldu!
2026-08-07 02:05:33 | core.po_trader       | INFO     | 💰 Balans: 68096.21 USD
2026-08-07 02:05:33 | pocket.main          | INFO     | 📊 Bazar skan edilir...
2026-08-07 02:05:33 | pocket.main          | INFO     | 🤖 Telegram Bot işə düşür...
2026-08-07 02:05:33 | bot.telegram_bot     | INFO     | Bot starting...
2026-08-07 02:05:33 | telegram.ext         | ERROR    | Network Retry Loop (Bootstrap Initialize Application): Failed run number 0 of 0. Aborting.
Traceback (most recent call last):
  File "C:\Users\Sadiq\AppData\Local\Programs\Python\Python311\Lib\site-packages\httpx\_transports\default.py", line 101, in map_httpcore_exceptions
    yield
  File "C:\Users\Sadiq\AppData\Local\Programs\Python\Python311\Lib\site-packages\httpx\_transports\default.py", line 394, in handle_async_request
    resp = await self._pool.handle_async_request(req)
           ^^^^^^^^^^^^^^^^^^^^^^^^^^^^^^^^^^^^^^^^^^
  File "C:\Users\Sadiq\AppData\Local\Programs\Python\Python311\Lib\site-packages\httpcore\_async\connection_pool.py", line 256, in handle_async_request
    raise exc from None
  File "C:\Users\Sadiq\AppData\Local\Programs\Python\Python311\Lib\site-packages\httpcore\_async\connection_pool.py", line 236, in handle_async_request
    response = await connection.handle_async_request(
               ^^^^^^^^^^^^^^^^^^^^^^^^^^^^^^^^^^^^^^
  File "C:\Users\Sadiq\AppData\Local\Programs\Python\Python311\Lib\site-packages\httpcore\_async\connection.py", line 101, in handle_async_request
    raise exc
  File "C:\Users\Sadiq\AppData\Local\Programs\Python\Python311\Lib\site-packages\httpcore\_async\connection.py", line 78, in handle_async_request
    stream = await self._connect(request)
             ^^^^^^^^^^^^^^^^^^^^^^^^^^^^
  File "C:\Users\Sadiq\AppData\Local\Programs\Python\Python311\Lib\site-packages\httpcore\_async\connection.py", line 156, in _connect
    stream = await stream.start_tls(**kwargs)
             ^^^^^^^^^^^^^^^^^^^^^^^^^^^^^^^^
  File "C:\Users\Sadiq\AppData\Local\Programs\Python\Python311\Lib\site-packages\httpcore\_backends\anyio.py", line 67, in start_tls
    with map_exceptions(exc_map):
  File "C:\Users\Sadiq\AppData\Local\Programs\Python\Python311\Lib\contextlib.py", line 158, in __exit__
    self.gen.throw(typ, value, traceback)
  File "C:\Users\Sadiq\AppData\Local\Programs\Python\Python311\Lib\site-packages\httpcore\_exceptions.py", line 14, in map_exceptions
    raise to_exc(exc) from exc
httpcore.ConnectError

The above exception was the direct cause of the following exception:

Traceback (most recent call last):
  File "C:\Users\Sadiq\AppData\Local\Programs\Python\Python311\Lib\site-packages\telegram\request\_httpxrequest.py", line 279, in do_request
    res = await self._client.request(
          ^^^^^^^^^^^^^^^^^^^^^^^^^^^
  File "C:\Users\Sadiq\AppData\Local\Programs\Python\Python311\Lib\site-packages\httpx\_client.py", line 1540, in request
    return await self.send(request, auth=auth, follow_redirects=follow_redirects)
           ^^^^^^^^^^^^^^^^^^^^^^^^^^^^^^^^^^^^^^^^^^^^^^^^^^^^^^^^^^^^^^^^^^^^^^
  File "C:\Users\Sadiq\AppData\Local\Programs\Python\Python311\Lib\site-packages\httpx\_client.py", line 1629, in send
    response = await self._send_handling_auth(
               ^^^^^^^^^^^^^^^^^^^^^^^^^^^^^^^
  File "C:\Users\Sadiq\AppData\Local\Programs\Python\Python311\Lib\site-packages\httpx\_client.py", line 1657, in _send_handling_auth
    response = await self._send_handling_redirects(
               ^^^^^^^^^^^^^^^^^^^^^^^^^^^^^^^^^^^^
  File "C:\Users\Sadiq\AppData\Local\Programs\Python\Python311\Lib\site-packages\httpx\_client.py", line 1694, in _send_handling_redirects
    response = await self._send_single_request(request)
               ^^^^^^^^^^^^^^^^^^^^^^^^^^^^^^^^^^^^^^^^
  File "C:\Users\Sadiq\AppData\Local\Programs\Python\Python311\Lib\site-packages\httpx\_client.py", line 1730, in _send_single_request
    response = await transport.handle_async_request(request)
               ^^^^^^^^^^^^^^^^^^^^^^^^^^^^^^^^^^^^^^^^^^^^^
  File "C:\Users\Sadiq\AppData\Local\Programs\Python\Python311\Lib\site-packages\httpx\_transports\default.py", line 393, in handle_async_request
    with map_httpcore_exceptions():
  File "C:\Users\Sadiq\AppData\Local\Programs\Python\Python311\Lib\contextlib.py", line 158, in __exit__
    self.gen.throw(typ, value, traceback)
  File "C:\Users\Sadiq\AppData\Local\Programs\Python\Python311\Lib\site-packages\httpx\_transports\default.py", line 118, in map_httpcore_exceptions
    raise mapped_exc(message) from exc
httpx.ConnectError

The above exception was the direct cause of the following exception:

Traceback (most recent call last):
  File "C:\Users\Sadiq\AppData\Local\Programs\Python\Python311\Lib\site-packages\telegram\ext\_utils\networkloop.py", line 161, in network_retry_loop
    await do_action()
  File "C:\Users\Sadiq\AppData\Local\Programs\Python\Python311\Lib\site-packages\telegram\ext\_utils\networkloop.py", line 136, in do_action
    await action_cb()
  File "C:\Users\Sadiq\AppData\Local\Programs\Python\Python311\Lib\site-packages\telegram\ext\_application.py", line 489, in initialize
    await self.bot.initialize()
  File "C:\Users\Sadiq\AppData\Local\Programs\Python\Python311\Lib\site-packages\telegram\ext\_extbot.py", line 324, in initialize
    await super().initialize()
  File "C:\Users\Sadiq\AppData\Local\Programs\Python\Python311\Lib\site-packages\telegram\_bot.py", line 865, in initialize
    await self.get_me()
  File "C:\Users\Sadiq\AppData\Local\Programs\Python\Python311\Lib\site-packages\telegram\ext\_extbot.py", line 2040, in get_me
    return await super().get_me(
           ^^^^^^^^^^^^^^^^^^^^^
  File "C:\Users\Sadiq\AppData\Local\Programs\Python\Python311\Lib\site-packages\telegram\_bot.py", line 1005, in get_me
    result = await self._post(
             ^^^^^^^^^^^^^^^^^
  File "C:\Users\Sadiq\AppData\Local\Programs\Python\Python311\Lib\site-packages\telegram\_bot.py", line 712, in _post
    return await self._do_post(
           ^^^^^^^^^^^^^^^^^^^^
  File "C:\Users\Sadiq\AppData\Local\Programs\Python\Python311\Lib\site-packages\telegram\ext\_extbot.py", line 378, in _do_post
    return await super()._do_post(
           ^^^^^^^^^^^^^^^^^^^^^^^
  File "C:\Users\Sadiq\AppData\Local\Programs\Python\Python311\Lib\site-packages\telegram\_bot.py", line 741, in _do_post
    result = await request.post(
             ^^^^^^^^^^^^^^^^^^^
  File "C:\Users\Sadiq\AppData\Local\Programs\Python\Python311\Lib\site-packages\telegram\request\_baserequest.py", line 198, in post
    result = await self._request_wrapper(
             ^^^^^^^^^^^^^^^^^^^^^^^^^^^^
  File "C:\Users\Sadiq\AppData\Local\Programs\Python\Python311\Lib\site-packages\telegram\request\_baserequest.py", line 305, in _request_wrapper
    code, payload = await self.do_request(
                    ^^^^^^^^^^^^^^^^^^^^^^
  File "C:\Users\Sadiq\AppData\Local\Programs\Python\Python311\Lib\site-packages\telegram\request\_httpxrequest.py", line 303, in do_request
    raise NetworkError(f"httpx.{err.__class__.__name__}: {err}") from err
telegram.error.NetworkError: httpx.ConnectError: 
2026-08-07 02:05:33 | pocket.main          | ERROR    | ❌ Telegram Bot xətası: httpx.ConnectError: 
Traceback (most recent call last):
  File "C:\Users\Sadiq\AppData\Local\Programs\Python\Python311\Lib\site-packages\httpx\_transports\default.py", line 101, in map_httpcore_exceptions
    yield
  File "C:\Users\Sadiq\AppData\Local\Programs\Python\Python311\Lib\site-packages\httpx\_transports\default.py", line 394, in handle_async_request
    resp = await self._pool.handle_async_request(req)
           ^^^^^^^^^^^^^^^^^^^^^^^^^^^^^^^^^^^^^^^^^^
  File "C:\Users\Sadiq\AppData\Local\Programs\Python\Python311\Lib\site-packages\httpcore\_async\connection_pool.py", line 256, in handle_async_request
    raise exc from None
  File "C:\Users\Sadiq\AppData\Local\Programs\Python\Python311\Lib\site-packages\httpcore\_async\connection_pool.py", line 236, in handle_async_request
    response = await connection.handle_async_request(
               ^^^^^^^^^^^^^^^^^^^^^^^^^^^^^^^^^^^^^^
  File "C:\Users\Sadiq\AppData\Local\Programs\Python\Python311\Lib\site-packages\httpcore\_async\connection.py", line 101, in handle_async_request
    raise exc
  File "C:\Users\Sadiq\AppData\Local\Programs\Python\Python311\Lib\site-packages\httpcore\_async\connection.py", line 78, in handle_async_request
    stream = await self._connect(request)
             ^^^^^^^^^^^^^^^^^^^^^^^^^^^^
  File "C:\Users\Sadiq\AppData\Local\Programs\Python\Python311\Lib\site-packages\httpcore\_async\connection.py", line 156, in _connect
    stream = await stream.start_tls(**kwargs)
             ^^^^^^^^^^^^^^^^^^^^^^^^^^^^^^^^
  File "C:\Users\Sadiq\AppData\Local\Programs\Python\Python311\Lib\site-packages\httpcore\_backends\anyio.py", line 67, in start_tls
    with map_exceptions(exc_map):
  File "C:\Users\Sadiq\AppData\Local\Programs\Python\Python311\Lib\contextlib.py", line 158, in __exit__
    self.gen.throw(typ, value, traceback)
  File "C:\Users\Sadiq\AppData\Local\Programs\Python\Python311\Lib\site-packages\httpcore\_exceptions.py", line 14, in map_exceptions
    raise to_exc(exc) from exc
httpcore.ConnectError

The above exception was the direct cause of the following exception:

Traceback (most recent call last):
  File "C:\Users\Sadiq\AppData\Local\Programs\Python\Python311\Lib\site-packages\telegram\request\_httpxrequest.py", line 279, in do_request
    res = await self._client.request(
          ^^^^^^^^^^^^^^^^^^^^^^^^^^^
  File "C:\Users\Sadiq\AppData\Local\Programs\Python\Python311\Lib\site-packages\httpx\_client.py", line 1540, in request
    return await self.send(request, auth=auth, follow_redirects=follow_redirects)
           ^^^^^^^^^^^^^^^^^^^^^^^^^^^^^^^^^^^^^^^^^^^^^^^^^^^^^^^^^^^^^^^^^^^^^^
  File "C:\Users\Sadiq\AppData\Local\Programs\Python\Python311\Lib\site-packages\httpx\_client.py", line 1629, in send
    response = await self._send_handling_auth(
               ^^^^^^^^^^^^^^^^^^^^^^^^^^^^^^^
  File "C:\Users\Sadiq\AppData\Local\Programs\Python\Python311\Lib\site-packages\httpx\_client.py", line 1657, in _send_handling_auth
    response = await self._send_handling_redirects(
               ^^^^^^^^^^^^^^^^^^^^^^^^^^^^^^^^^^^^
  File "C:\Users\Sadiq\AppData\Local\Programs\Python\Python311\Lib\site-packages\httpx\_client.py", line 1694, in _send_handling_redirects
    response = await self._send_single_request(request)
               ^^^^^^^^^^^^^^^^^^^^^^^^^^^^^^^^^^^^^^^^
  File "C:\Users\Sadiq\AppData\Local\Programs\Python\Python311\Lib\site-packages\httpx\_client.py", line 1730, in _send_single_request
    response = await transport.handle_async_request(request)
               ^^^^^^^^^^^^^^^^^^^^^^^^^^^^^^^^^^^^^^^^^^^^^
  File "C:\Users\Sadiq\AppData\Local\Programs\Python\Python311\Lib\site-packages\httpx\_transports\default.py", line 393, in handle_async_request
    with map_httpcore_exceptions():
  File "C:\Users\Sadiq\AppData\Local\Programs\Python\Python311\Lib\contextlib.py", line 158, in __exit__
    self.gen.throw(typ, value, traceback)
  File "C:\Users\Sadiq\AppData\Local\Programs\Python\Python311\Lib\site-packages\httpx\_transports\default.py", line 118, in map_httpcore_exceptions
    raise mapped_exc(message) from exc
httpx.ConnectError

The above exception was the direct cause of the following exception:

Traceback (most recent call last):
  File "D:\pocket\main.py", line 225, in run_telegram_bot
    bot.start()
  File "D:\pocket\bot\telegram_bot.py", line 64, in start
    self.app.run_polling()
  File "C:\Users\Sadiq\AppData\Local\Programs\Python\Python311\Lib\site-packages\telegram\ext\_application.py", line 839, in run_polling
    return self.__run(
           ^^^^^^^^^^^
  File "C:\Users\Sadiq\AppData\Local\Programs\Python\Python311\Lib\site-packages\telegram\ext\_application.py", line 1054, in __run
    loop.run_until_complete(self._bootstrap_initialize(max_retries=bootstrap_retries))
  File "C:\Users\Sadiq\AppData\Local\Programs\Python\Python311\Lib\asyncio\base_events.py", line 654, in run_until_complete
    return future.result()
           ^^^^^^^^^^^^^^^
  File "C:\Users\Sadiq\AppData\Local\Programs\Python\Python311\Lib\site-packages\telegram\ext\_application.py", line 1014, in _bootstrap_initialize
    await network_retry_loop(
  File "C:\Users\Sadiq\AppData\Local\Programs\Python\Python311\Lib\site-packages\telegram\ext\_utils\networkloop.py", line 161, in network_retry_loop
    await do_action()
  File "C:\Users\Sadiq\AppData\Local\Programs\Python\Python311\Lib\site-packages\telegram\ext\_utils\networkloop.py", line 136, in do_action
    await action_cb()
  File "C:\Users\Sadiq\AppData\Local\Programs\Python\Python311\Lib\site-packages\telegram\ext\_application.py", line 489, in initialize
    await self.bot.initialize()
  File "C:\Users\Sadiq\AppData\Local\Programs\Python\Python311\Lib\site-packages\telegram\ext\_extbot.py", line 324, in initialize
    await super().initialize()
  File "C:\Users\Sadiq\AppData\Local\Programs\Python\Python311\Lib\site-packages\telegram\_bot.py", line 865, in initialize
    await self.get_me()
  File "C:\Users\Sadiq\AppData\Local\Programs\Python\Python311\Lib\site-packages\telegram\ext\_extbot.py", line 2040, in get_me
    return await super().get_me(
           ^^^^^^^^^^^^^^^^^^^^^
  File "C:\Users\Sadiq\AppData\Local\Programs\Python\Python311\Lib\site-packages\telegram\_bot.py", line 1005, in get_me
    result = await self._post(
             ^^^^^^^^^^^^^^^^^
  File "C:\Users\Sadiq\AppData\Local\Programs\Python\Python311\Lib\site-packages\telegram\_bot.py", line 712, in _post
    return await self._do_post(
           ^^^^^^^^^^^^^^^^^^^^
  File "C:\Users\Sadiq\AppData\Local\Programs\Python\Python311\Lib\site-packages\telegram\ext\_extbot.py", line 378, in _do_post
    return await super()._do_post(
           ^^^^^^^^^^^^^^^^^^^^^^^
  File "C:\Users\Sadiq\AppData\Local\Programs\Python\Python311\Lib\site-packages\telegram\_bot.py", line 741, in _do_post
    result = await request.post(
             ^^^^^^^^^^^^^^^^^^^
  File "C:\Users\Sadiq\AppData\Local\Programs\Python\Python311\Lib\site-packages\telegram\request\_baserequest.py", line 198, in post
    result = await self._request_wrapper(
             ^^^^^^^^^^^^^^^^^^^^^^^^^^^^
  File "C:\Users\Sadiq\AppData\Local\Programs\Python\Python311\Lib\site-packages\telegram\request\_baserequest.py", line 305, in _request_wrapper
    code, payload = await self.do_request(
                    ^^^^^^^^^^^^^^^^^^^^^^
  File "C:\Users\Sadiq\AppData\Local\Programs\Python\Python311\Lib\site-packages\telegram\request\_httpxrequest.py", line 303, in do_request
    raise NetworkError(f"httpx.{err.__class__.__name__}: {err}") from err
telegram.error.NetworkError: httpx.ConnectError: 
2026-08-07 02:05:37 | pocket.main          | INFO     | ✅ M1 üçün 1 siqnal tapıldı (Ən yüksək: USD/JPY - 50.0%)
2026-08-07 02:05:38 | pocket.main          | INFO     | ⚡ Martingale Ticarəti İşə Düşür: USD/JPY BUY (50.0%)
2026-08-07 02:05:38 | core.po_trader       | INFO     | 🚀 Turbo Ticarət ardıcıllığı başlayır: USD/JPY | BUY | TF: 10s
2026-08-07 02:05:38 | core.po_trader       | INFO     | 🎯 Addım 1/4: USD/JPY - CALL $1.0
2026-08-07 02:05:38 | httpx                | INFO     | HTTP Request: POST https://api.telegram.org/bot8941505352:AAHsWfhljzdi9hH-pdjzsfA86Ih1YzBEBLA/sendMessage "HTTP/1.1 200 OK"
2026-08-07 02:07:01 | pocket.main          | INFO     | 🚀 Sistem başladılır...
2026-08-07 02:07:01 | pocket.main          | INFO     | ⚙️  Core komponentlər yaradılır...
2026-08-07 02:07:01 | pocket.main          | INFO     | ✅ Core və Martingale komponentlər hazırdır
2026-08-07 02:07:01 | pocket.main          | INFO     | 🔍 Bazar skaneri və Martingale icraçısı işə düşdü
2026-08-07 02:07:01 | pocket.main          | INFO     | 🔍 Martingale Skaneri başladı
2026-08-07 02:07:01 | pocket.main          | INFO     | 🤖 Telegram Bot thread-i başladı
2026-08-07 02:07:01 | pocket.main          | INFO     | 🌐 Web Dashboard: http://localhost:5000
2026-08-07 02:07:01 | core.po_trader       | INFO     | 🔌 Pocket Option-a qoşulunur... (Hesab: DEMO)
2026-08-07 02:07:01 | core.po_trader       | INFO     | ✅ Pocket Option-a uğurla qoşuldu!
2026-08-07 02:07:01 | core.po_trader       | INFO     | 💰 Balans: 68096.21 USD
2026-08-07 02:07:01 | pocket.main          | INFO     | 📊 Bazar skan edilir...
2026-08-07 02:07:02 | pocket.main          | INFO     | 🌐 Web Dashboard işə düşür: http://localhost:5000
2026-08-07 02:07:02 | pocket.main          | INFO     | 🤖 Telegram Bot işə düşür...
2026-08-07 02:07:02 | bot.telegram_bot     | INFO     | Bot starting...
2026-08-07 02:07:03 | httpx                | INFO     | HTTP Request: POST https://api.telegram.org/bot8941505352:AAHsWfhljzdi9hH-pdjzsfA86Ih1YzBEBLA/getMe "HTTP/1.1 200 OK"
2026-08-07 02:07:03 | httpx                | INFO     | HTTP Request: POST https://api.telegram.org/bot8941505352:AAHsWfhljzdi9hH-pdjzsfA86Ih1YzBEBLA/deleteWebhook "HTTP/1.1 200 OK"
2026-08-07 02:07:03 | apscheduler.scheduler | INFO     | Scheduler started
2026-08-07 02:07:03 | telegram.ext.Application | INFO     | Application started
2026-08-07 02:07:04 | pocket.main          | INFO     | ✅ M1 üçün 1 siqnal tapıldı (Ən yüksək: USD/JPY - 50.0%)
2026-08-07 02:07:04 | pocket.main          | INFO     | ⚡ Martingale Ticarəti İşə Düşür: USD/JPY BUY (50.0%)
2026-08-07 02:07:04 | core.po_trader       | INFO     | 🚀 Turbo Ticarət ardıcıllığı başlayır: USD/JPY | BUY | TF: 30s
2026-08-07 02:07:04 | core.po_trader       | INFO     | 🎯 Addım 1/4: USD/JPY - CALL $1.0
2026-08-07 02:07:04 | bot.telegram_bot     | ERROR    | Failed to send signal to 8951931885: Unknown error in HTTP implementation: RuntimeError('<asyncio.locks.Event object at 0x000002A552CC92D0 [unset]> is bound to a different event loop')
2026-08-07 02:07:13 | httpx                | INFO     | HTTP Request: POST https://api.telegram.org/bot8941505352:AAHsWfhljzdi9hH-pdjzsfA86Ih1YzBEBLA/getUpdates "HTTP/1.1 200 OK"
2026-08-07 02:08:03 | pocket.main          | INFO     | 🚀 Sistem başladılır...
2026-08-07 02:08:03 | pocket.main          | INFO     | ⚙️  Core komponentlər yaradılır...
2026-08-07 02:08:03 | pocket.main          | INFO     | ✅ Core və Martingale komponentlər hazırdır
2026-08-07 02:08:03 | pocket.main          | INFO     | 🔍 Bazar skaneri və Martingale icraçısı işə düşdü
2026-08-07 02:08:03 | pocket.main          | INFO     | 🔍 Martingale Skaneri başladı
2026-08-07 02:08:03 | pocket.main          | INFO     | 🤖 Telegram Bot thread-i başladı
2026-08-07 02:08:03 | pocket.main          | INFO     | 🌐 Web Dashboard: http://localhost:5000
2026-08-07 02:08:03 | core.po_trader       | INFO     | 🔌 Pocket Option-a qoşulunur... (Hesab: DEMO)
2026-08-07 02:08:04 | core.po_trader       | INFO     | ✅ Pocket Option-a uğurla qoşuldu!
2026-08-07 02:08:04 | core.po_trader       | INFO     | 💰 Balans: 68096.21 USD
2026-08-07 02:08:04 | pocket.main          | INFO     | 📊 Bazar skan edilir...
2026-08-07 02:08:04 | pocket.main          | INFO     | 🌐 Web Dashboard işə düşür: http://localhost:5000
2026-08-07 02:08:05 | pocket.main          | INFO     | 🤖 Telegram Bot işə düşür...
2026-08-07 02:08:05 | bot.telegram_bot     | INFO     | Bot starting...
2026-08-07 02:08:05 | httpx                | INFO     | HTTP Request: POST https://api.telegram.org/bot8941505352:AAHsWfhljzdi9hH-pdjzsfA86Ih1YzBEBLA/getMe "HTTP/1.1 200 OK"
2026-08-07 02:08:05 | httpx                | INFO     | HTTP Request: POST https://api.telegram.org/bot8941505352:AAHsWfhljzdi9hH-pdjzsfA86Ih1YzBEBLA/deleteWebhook "HTTP/1.1 200 OK"
2026-08-07 02:08:05 | apscheduler.scheduler | INFO     | Scheduler started
2026-08-07 02:08:05 | telegram.ext.Application | INFO     | Application started
2026-08-07 02:08:06 | pocket.main          | INFO     | ✅ M1 üçün 1 siqnal tapıldı (Ən yüksək: USD/JPY - 50.0%)
2026-08-07 02:08:06 | pocket.main          | INFO     | ⚡ Martingale Ticarəti İşə Düşür: USD/JPY BUY (50.0%)
2026-08-07 02:08:06 | core.po_trader       | INFO     | 🚀 Turbo Ticarət ardıcıllığı başlayır: USD/JPY | BUY | TF: 30s
2026-08-07 02:08:06 | core.po_trader       | INFO     | 🎯 Addım 1/4: USD/JPY - CALL $1.0
2026-08-07 02:08:11 | bot.telegram_bot     | ERROR    | Failed to send signal to 8951931885: Timed out
2026-08-07 02:08:11 | asyncio              | ERROR    | Exception in callback _ProactorBaseWritePipeTransport._loop_writing(<_OverlappedF...ed result=444>)
handle: <Handle _ProactorBaseWritePipeTransport._loop_writing(<_OverlappedF...ed result=444>)>
Traceback (most recent call last):
  File "C:\Users\Sadiq\AppData\Local\Programs\Python\Python311\Lib\asyncio\events.py", line 84, in _run
    self._context.run(self._callback, *self._args)
  File "C:\Users\Sadiq\AppData\Local\Programs\Python\Python311\Lib\asyncio\proactor_events.py", line 393, in _loop_writing
    self._sock.shutdown(socket.SHUT_WR)
    ^^^^^^^^^^^^^^^^^^^
AttributeError: 'NoneType' object has no attribute 'shutdown'
2026-08-07 02:08:11 | core.po_trader       | INFO     | ✅ PO Əmri Açıldı: ID=e40c7571-3595-46c3-8b70-4fe75e75719f, $1.0, 30s. İlkin Balans=$68096.21
2026-08-07 02:08:15 | httpx                | INFO     | HTTP Request: POST https://api.telegram.org/bot8941505352:AAHsWfhljzdi9hH-pdjzsfA86Ih1YzBEBLA/getUpdates "HTTP/1.1 200 OK"
2026-08-07 02:08:26 | httpx                | INFO     | HTTP Request: POST https://api.telegram.org/bot8941505352:AAHsWfhljzdi9hH-pdjzsfA86Ih1YzBEBLA/getUpdates "HTTP/1.1 200 OK"
2026-08-07 02:08:36 | httpx                | INFO     | HTTP Request: POST https://api.telegram.org/bot8941505352:AAHsWfhljzdi9hH-pdjzsfA86Ih1YzBEBLA/getUpdates "HTTP/1.1 200 OK"
2026-08-07 02:08:45 | core.po_trader       | INFO     | 📊 PO Server Balans Analizi: Əvvəl=$68096.21 -> Sonra=$68096.56 (Fərq=$0.35)
2026-08-07 02:08:45 | core.po_trader       | INFO     | 🎉 PO REAL QAZANC VERDİ! Profit: +$0.35
2026-08-07 02:08:45 | core.po_trader       | INFO     | ✅ Trade UĞURLU oldu (Addım 1). Martingale sıfırlanır.
2026-08-07 02:08:45 | core.po_trader       | INFO     | ✅ <b>TİCARƏT QAZANDI!</b> 🎉 (Hədəf: 1/5)
💱 USD/JPY (Addım 1)
💵 Qazanc: +$0.35
2026-08-07 02:08:46 | httpx                | INFO     | HTTP Request: POST https://api.telegram.org/bot8941505352:AAHsWfhljzdi9hH-pdjzsfA86Ih1YzBEBLA/getUpdates "HTTP/1.1 200 OK"
2026-08-07 02:08:46 | httpx                | INFO     | HTTP Request: POST https://api.telegram.org/bot8941505352:AAHsWfhljzdi9hH-pdjzsfA86Ih1YzBEBLA/sendMessage "HTTP/1.1 200 OK"
2026-08-07 02:08:47 | pocket.main          | INFO     | ✅ M5 üçün 4 siqnal tapıldı (Ən yüksək: EUR/USD - 50.0%)
2026-08-07 02:08:47 | pocket.main          | INFO     | ⚡ Martingale Ticarəti İşə Düşür: EUR/USD SELL (50.0%)
2026-08-07 02:08:47 | core.po_trader       | INFO     | 🚀 Turbo Ticarət ardıcıllığı başlayır: EUR/USD | SELL | TF: 30s
2026-08-07 02:08:47 | core.po_trader       | INFO     | 🎯 Addım 1/4: EUR/USD - PUT $1.0
2026-08-07 02:08:48 | httpx                | INFO     | HTTP Request: POST https://api.telegram.org/bot8941505352:AAHsWfhljzdi9hH-pdjzsfA86Ih1YzBEBLA/sendMessage "HTTP/1.1 200 OK"
2026-08-07 02:08:48 | core.po_trader       | INFO     | ✅ PO Əmri Açıldı: ID=dd64f24d-772c-41fa-a6bb-f3ca435c7bcf, $1.0, 30s. İlkin Balans=$68096.56
2026-08-07 02:08:56 | httpx                | INFO     | HTTP Request: POST https://api.telegram.org/bot8941505352:AAHsWfhljzdi9hH-pdjzsfA86Ih1YzBEBLA/getUpdates "HTTP/1.1 200 OK"
2026-08-07 02:09:06 | httpx                | INFO     | HTTP Request: POST https://api.telegram.org/bot8941505352:AAHsWfhljzdi9hH-pdjzsfA86Ih1YzBEBLA/getUpdates "HTTP/1.1 200 OK"
2026-08-07 02:09:16 | httpx                | INFO     | HTTP Request: POST https://api.telegram.org/bot8941505352:AAHsWfhljzdi9hH-pdjzsfA86Ih1YzBEBLA/getUpdates "HTTP/1.1 200 OK"
2026-08-07 02:09:22 | core.po_trader       | INFO     | 📊 PO Server Balans Analizi: Əvvəl=$68096.56 -> Sonra=$68097.33 (Fərq=$0.77)
2026-08-07 02:09:22 | core.po_trader       | INFO     | 🎉 PO REAL QAZANC VERDİ! Profit: +$0.77
2026-08-07 02:09:22 | core.po_trader       | INFO     | ✅ Trade UĞURLU oldu (Addım 1). Martingale sıfırlanır.
2026-08-07 02:09:22 | core.po_trader       | INFO     | ✅ <b>TİCARƏT QAZANDI!</b> 🎉 (Hədəf: 2/5)
💱 EUR/USD (Addım 1)
💵 Qazanc: +$0.77
2026-08-07 02:09:22 | httpx                | INFO     | HTTP Request: POST https://api.telegram.org/bot8941505352:AAHsWfhljzdi9hH-pdjzsfA86Ih1YzBEBLA/sendMessage "HTTP/1.1 200 OK"
2026-08-07 02:09:24 | pocket.main          | INFO     | ℹ️  M15 üçün siqnal tapılmadı
2026-08-07 02:09:26 | pocket.main          | INFO     | 📊 Bazar skan edilir...
2026-08-07 02:09:26 | httpx                | INFO     | HTTP Request: POST https://api.telegram.org/bot8941505352:AAHsWfhljzdi9hH-pdjzsfA86Ih1YzBEBLA/getUpdates "HTTP/1.1 200 OK"
2026-08-07 02:09:28 | pocket.main          | INFO     | ✅ M1 üçün 1 siqnal tapıldı (Ən yüksək: USD/JPY - 50.0%)
2026-08-07 02:09:28 | pocket.main          | INFO     | ⚡ Martingale Ticarəti İşə Düşür: USD/JPY BUY (50.0%)
2026-08-07 02:09:28 | core.po_trader       | INFO     | 🚀 Turbo Ticarət ardıcıllığı başlayır: USD/JPY | BUY | TF: 30s
2026-08-07 02:09:28 | core.po_trader       | INFO     | 🎯 Addım 1/4: USD/JPY - CALL $1.0
2026-08-07 02:09:28 | httpx                | INFO     | HTTP Request: POST https://api.telegram.org/bot8941505352:AAHsWfhljzdi9hH-pdjzsfA86Ih1YzBEBLA/sendMessage "HTTP/1.1 200 OK"
2026-08-07 02:09:29 | core.po_trader       | INFO     | ✅ PO Əmri Açıldı: ID=5738b439-704d-497d-8ff4-8f66b41395ef, $1.0, 30s. İlkin Balans=$68097.33
2026-08-07 02:09:36 | httpx                | INFO     | HTTP Request: POST https://api.telegram.org/bot8941505352:AAHsWfhljzdi9hH-pdjzsfA86Ih1YzBEBLA/getUpdates "HTTP/1.1 200 OK"
2026-08-07 02:09:46 | httpx                | INFO     | HTTP Request: POST https://api.telegram.org/bot8941505352:AAHsWfhljzdi9hH-pdjzsfA86Ih1YzBEBLA/getUpdates "HTTP/1.1 200 OK"
2026-08-07 02:09:57 | httpx                | INFO     | HTTP Request: POST https://api.telegram.org/bot8941505352:AAHsWfhljzdi9hH-pdjzsfA86Ih1YzBEBLA/getUpdates "HTTP/1.1 200 OK"
2026-08-07 02:10:03 | core.po_trader       | INFO     | 📊 PO Server Balans Analizi: Əvvəl=$68097.33 -> Sonra=$68097.66 (Fərq=$0.33)
2026-08-07 02:10:03 | core.po_trader       | INFO     | 🎉 PO REAL QAZANC VERDİ! Profit: +$0.33
2026-08-07 02:10:03 | core.po_trader       | INFO     | ✅ Trade UĞURLU oldu (Addım 1). Martingale sıfırlanır.
2026-08-07 02:10:03 | core.po_trader       | INFO     | ✅ <b>TİCARƏT QAZANDI!</b> 🎉 (Hədəf: 3/5)
💱 USD/JPY (Addım 1)
💵 Qazanc: +$0.33
2026-08-07 02:10:03 | bot.telegram_bot     | ERROR    | Failed to send signal to 8951931885: httpx.ConnectError: 
2026-08-07 02:10:04 | pocket.main          | INFO     | ✅ M5 üçün 3 siqnal tapıldı (Ən yüksək: EUR/USD - 50.0%)
2026-08-07 02:10:04 | pocket.main          | INFO     | ⚡ Martingale Ticarəti İşə Düşür: EUR/USD SELL (50.0%)
2026-08-07 02:10:04 | core.po_trader       | INFO     | 🚀 Turbo Ticarət ardıcıllığı başlayır: EUR/USD | SELL | TF: 30s
2026-08-07 02:10:04 | core.po_trader       | INFO     | 🎯 Addım 1/4: EUR/USD - PUT $1.0
2026-08-07 02:10:04 | httpx                | INFO     | HTTP Request: POST https://api.telegram.org/bot8941505352:AAHsWfhljzdi9hH-pdjzsfA86Ih1YzBEBLA/sendMessage "HTTP/1.1 200 OK"
2026-08-07 02:10:05 | core.po_trader       | INFO     | ✅ PO Əmri Açıldı: ID=d7f2a738-e185-43d6-9534-66a024ae1c03, $1.0, 30s. İlkin Balans=$68097.66
2026-08-07 02:10:07 | httpx                | INFO     | HTTP Request: POST https://api.telegram.org/bot8941505352:AAHsWfhljzdi9hH-pdjzsfA86Ih1YzBEBLA/getUpdates "HTTP/1.1 200 OK"
2026-08-07 02:10:17 | httpx                | INFO     | HTTP Request: POST https://api.telegram.org/bot8941505352:AAHsWfhljzdi9hH-pdjzsfA86Ih1YzBEBLA/getUpdates "HTTP/1.1 200 OK"
2026-08-07 02:10:27 | httpx                | INFO     | HTTP Request: POST https://api.telegram.org/bot8941505352:AAHsWfhljzdi9hH-pdjzsfA86Ih1YzBEBLA/getUpdates "HTTP/1.1 200 OK"
2026-08-07 02:10:37 | httpx                | INFO     | HTTP Request: POST https://api.telegram.org/bot8941505352:AAHsWfhljzdi9hH-pdjzsfA86Ih1YzBEBLA/getUpdates "HTTP/1.1 200 OK"
2026-08-07 02:10:39 | core.po_trader       | INFO     | 📊 PO Server Balans Analizi: Əvvəl=$68097.66 -> Sonra=$68098.43 (Fərq=$0.77)
2026-08-07 02:10:39 | core.po_trader       | INFO     | 🎉 PO REAL QAZANC VERDİ! Profit: +$0.77
2026-08-07 02:10:39 | core.po_trader       | INFO     | ✅ Trade UĞURLU oldu (Addım 1). Martingale sıfırlanır.
2026-08-07 02:10:39 | core.po_trader       | INFO     | ✅ <b>TİCARƏT QAZANDI!</b> 🎉 (Hədəf: 4/5)
💱 EUR/USD (Addım 1)
💵 Qazanc: +$0.77
2026-08-07 02:10:39 | bot.telegram_bot     | ERROR    | Failed to send signal to 8951931885: httpx.ConnectError: 
2026-08-07 02:10:40 | pocket.main          | INFO     | ℹ️  M15 üçün siqnal tapılmadı
2026-08-07 02:10:42 | pocket.main          | INFO     | 📊 Bazar skan edilir...
2026-08-07 02:10:43 | pocket.main          | INFO     | ✅ M1 üçün 1 siqnal tapıldı (Ən yüksək: USD/JPY - 50.0%)
2026-08-07 02:10:44 | pocket.main          | INFO     | ⚡ Martingale Ticarəti İşə Düşür: USD/JPY BUY (50.0%)
2026-08-07 02:10:44 | core.po_trader       | INFO     | 🚀 Turbo Ticarət ardıcıllığı başlayır: USD/JPY | BUY | TF: 30s
2026-08-07 02:10:44 | core.po_trader       | INFO     | 🎯 Addım 1/4: USD/JPY - CALL $1.0
2026-08-07 02:10:44 | httpx                | INFO     | HTTP Request: POST https://api.telegram.org/bot8941505352:AAHsWfhljzdi9hH-pdjzsfA86Ih1YzBEBLA/sendMessage "HTTP/1.1 200 OK"
2026-08-07 02:10:44 | core.po_trader       | INFO     | ✅ PO Əmri Açıldı: ID=56fd47c3-7d7d-41f0-b338-d83b37bae786, $1.0, 30s. İlkin Balans=$68098.43
2026-08-07 02:10:47 | httpx                | INFO     | HTTP Request: POST https://api.telegram.org/bot8941505352:AAHsWfhljzdi9hH-pdjzsfA86Ih1YzBEBLA/getUpdates "HTTP/1.1 200 OK"
2026-08-07 02:10:57 | httpx                | INFO     | HTTP Request: POST https://api.telegram.org/bot8941505352:AAHsWfhljzdi9hH-pdjzsfA86Ih1YzBEBLA/getUpdates "HTTP/1.1 200 OK"
2026-08-07 02:11:07 | httpx                | INFO     | HTTP Request: POST https://api.telegram.org/bot8941505352:AAHsWfhljzdi9hH-pdjzsfA86Ih1YzBEBLA/getUpdates "HTTP/1.1 200 OK"
2026-08-07 02:11:17 | httpx                | INFO     | HTTP Request: POST https://api.telegram.org/bot8941505352:AAHsWfhljzdi9hH-pdjzsfA86Ih1YzBEBLA/getUpdates "HTTP/1.1 200 OK"
2026-08-07 02:11:18 | core.po_trader       | INFO     | 📊 PO Server Balans Analizi: Əvvəl=$68098.43 -> Sonra=$68097.43 (Fərq=$-1.00)
2026-08-07 02:11:18 | core.po_trader       | INFO     | ❌ PO REAL İTKİ VERDİ. Zərər: -$1.00
2026-08-07 02:11:18 | core.po_trader       | WARNING  | ❌ Trade UĞURSUZ oldu (Addım 1).
2026-08-07 02:11:18 | core.po_trader       | INFO     | 🔄 Martingale növbəti addıma keçir: Addım 2 ($2.5)
2026-08-07 02:11:18 | core.po_trader       | WARNING  | ❌ <b>Ticarət Uğursuz Oldu</b> (Addım 1/4)
💱 USD/JPY - Məbləğ: $1.0
2026-08-07 02:11:19 | httpx                | INFO     | HTTP Request: POST https://api.telegram.org/bot8941505352:AAHsWfhljzdi9hH-pdjzsfA86Ih1YzBEBLA/sendMessage "HTTP/1.1 200 OK"
2026-08-07 02:11:19 | core.po_trader       | INFO     | 🎯 Addım 2/4: USD/JPY - CALL $2.5
2026-08-07 02:11:19 | httpx                | INFO     | HTTP Request: POST https://api.telegram.org/bot8941505352:AAHsWfhljzdi9hH-pdjzsfA86Ih1YzBEBLA/sendMessage "HTTP/1.1 200 OK"
2026-08-07 02:11:20 | core.po_trader       | INFO     | ✅ PO Əmri Açıldı: ID=c0c49679-a8cd-4761-b5e1-a852aa517620, $2.5, 30s. İlkin Balans=$68097.43
2026-08-07 02:11:27 | httpx                | INFO     | HTTP Request: POST https://api.telegram.org/bot8941505352:AAHsWfhljzdi9hH-pdjzsfA86Ih1YzBEBLA/getUpdates "HTTP/1.1 200 OK"
2026-08-07 02:11:37 | httpx                | INFO     | HTTP Request: POST https://api.telegram.org/bot8941505352:AAHsWfhljzdi9hH-pdjzsfA86Ih1YzBEBLA/getUpdates "HTTP/1.1 200 OK"
2026-08-07 02:11:48 | httpx                | INFO     | HTTP Request: POST https://api.telegram.org/bot8941505352:AAHsWfhljzdi9hH-pdjzsfA86Ih1YzBEBLA/getUpdates "HTTP/1.1 200 OK"
2026-08-07 02:11:58 | pocket.main          | INFO     | 🚀 Sistem başladılır...
2026-08-07 02:11:58 | pocket.main          | INFO     | ⚙️  Core komponentlər yaradılır...
2026-08-07 02:11:58 | pocket.main          | INFO     | ✅ Core və Martingale komponentlər hazırdır
2026-08-07 02:11:58 | pocket.main          | INFO     | 🔍 Bazar skaneri və Martingale icraçısı işə düşdü
2026-08-07 02:11:58 | pocket.main          | INFO     | 🔍 Martingale Skaneri başladı
2026-08-07 02:11:58 | pocket.main          | INFO     | 🤖 Telegram Bot thread-i başladı
2026-08-07 02:11:58 | pocket.main          | INFO     | 🌐 Web Dashboard: http://localhost:5000
2026-08-07 02:11:58 | core.po_trader       | INFO     | 🔌 Pocket Option-a qoşulunur... (Hesab: DEMO)
2026-08-07 02:11:59 | core.po_trader       | INFO     | ✅ Pocket Option-a uğurla qoşuldu!
2026-08-07 02:11:59 | core.po_trader       | INFO     | 💰 Balans: 68098.23 USD
2026-08-07 02:11:59 | pocket.main          | INFO     | 📊 Bazar skan edilir...
2026-08-07 02:11:59 | pocket.main          | INFO     | 🌐 Web Dashboard işə düşür: http://localhost:5000
2026-08-07 02:11:59 | pocket.main          | INFO     | 🤖 Telegram Bot işə düşür...
2026-08-07 02:11:59 | bot.telegram_bot     | INFO     | Bot starting...
2026-08-07 02:11:59 | telegram.ext         | ERROR    | Network Retry Loop (Bootstrap Initialize Application): Failed run number 0 of 0. Aborting.
Traceback (most recent call last):
  File "C:\Users\Sadiq\AppData\Local\Programs\Python\Python311\Lib\site-packages\httpx\_transports\default.py", line 101, in map_httpcore_exceptions
    yield
  File "C:\Users\Sadiq\AppData\Local\Programs\Python\Python311\Lib\site-packages\httpx\_transports\default.py", line 394, in handle_async_request
    resp = await self._pool.handle_async_request(req)
           ^^^^^^^^^^^^^^^^^^^^^^^^^^^^^^^^^^^^^^^^^^
  File "C:\Users\Sadiq\AppData\Local\Programs\Python\Python311\Lib\site-packages\httpcore\_async\connection_pool.py", line 256, in handle_async_request
    raise exc from None
  File "C:\Users\Sadiq\AppData\Local\Programs\Python\Python311\Lib\site-packages\httpcore\_async\connection_pool.py", line 236, in handle_async_request
    response = await connection.handle_async_request(
               ^^^^^^^^^^^^^^^^^^^^^^^^^^^^^^^^^^^^^^
  File "C:\Users\Sadiq\AppData\Local\Programs\Python\Python311\Lib\site-packages\httpcore\_async\connection.py", line 103, in handle_async_request
    return await self._connection.handle_async_request(request)
           ^^^^^^^^^^^^^^^^^^^^^^^^^^^^^^^^^^^^^^^^^^^^^^^^^^^^
  File "C:\Users\Sadiq\AppData\Local\Programs\Python\Python311\Lib\site-packages\httpcore\_async\http11.py", line 136, in handle_async_request
    raise exc
  File "C:\Users\Sadiq\AppData\Local\Programs\Python\Python311\Lib\site-packages\httpcore\_async\http11.py", line 106, in handle_async_request
    ) = await self._receive_response_headers(**kwargs)
        ^^^^^^^^^^^^^^^^^^^^^^^^^^^^^^^^^^^^^^^^^^^^^^
  File "C:\Users\Sadiq\AppData\Local\Programs\Python\Python311\Lib\site-packages\httpcore\_async\http11.py", line 177, in _receive_response_headers
    event = await self._receive_event(timeout=timeout)
            ^^^^^^^^^^^^^^^^^^^^^^^^^^^^^^^^^^^^^^^^^^
  File "C:\Users\Sadiq\AppData\Local\Programs\Python\Python311\Lib\site-packages\httpcore\_async\http11.py", line 217, in _receive_event
    data = await self._network_stream.read(
           ^^^^^^^^^^^^^^^^^^^^^^^^^^^^^^^^
  File "C:\Users\Sadiq\AppData\Local\Programs\Python\Python311\Lib\site-packages\httpcore\_backends\anyio.py", line 32, in read
    with map_exceptions(exc_map):
  File "C:\Users\Sadiq\AppData\Local\Programs\Python\Python311\Lib\contextlib.py", line 158, in __exit__
    self.gen.throw(typ, value, traceback)
  File "C:\Users\Sadiq\AppData\Local\Programs\Python\Python311\Lib\site-packages\httpcore\_exceptions.py", line 14, in map_exceptions
    raise to_exc(exc) from exc
httpcore.ReadError

The above exception was the direct cause of the following exception:

Traceback (most recent call last):
  File "C:\Users\Sadiq\AppData\Local\Programs\Python\Python311\Lib\site-packages\telegram\request\_httpxrequest.py", line 279, in do_request
    res = await self._client.request(
          ^^^^^^^^^^^^^^^^^^^^^^^^^^^
  File "C:\Users\Sadiq\AppData\Local\Programs\Python\Python311\Lib\site-packages\httpx\_client.py", line 1540, in request
    return await self.send(request, auth=auth, follow_redirects=follow_redirects)
           ^^^^^^^^^^^^^^^^^^^^^^^^^^^^^^^^^^^^^^^^^^^^^^^^^^^^^^^^^^^^^^^^^^^^^^
  File "C:\Users\Sadiq\AppData\Local\Programs\Python\Python311\Lib\site-packages\httpx\_client.py", line 1629, in send
    response = await self._send_handling_auth(
               ^^^^^^^^^^^^^^^^^^^^^^^^^^^^^^^
  File "C:\Users\Sadiq\AppData\Local\Programs\Python\Python311\Lib\site-packages\httpx\_client.py", line 1657, in _send_handling_auth
    response = await self._send_handling_redirects(
               ^^^^^^^^^^^^^^^^^^^^^^^^^^^^^^^^^^^^
  File "C:\Users\Sadiq\AppData\Local\Programs\Python\Python311\Lib\site-packages\httpx\_client.py", line 1694, in _send_handling_redirects
    response = await self._send_single_request(request)
               ^^^^^^^^^^^^^^^^^^^^^^^^^^^^^^^^^^^^^^^^
  File "C:\Users\Sadiq\AppData\Local\Programs\Python\Python311\Lib\site-packages\httpx\_client.py", line 1730, in _send_single_request
    response = await transport.handle_async_request(request)
               ^^^^^^^^^^^^^^^^^^^^^^^^^^^^^^^^^^^^^^^^^^^^^
  File "C:\Users\Sadiq\AppData\Local\Programs\Python\Python311\Lib\site-packages\httpx\_transports\default.py", line 393, in handle_async_request
    with map_httpcore_exceptions():
  File "C:\Users\Sadiq\AppData\Local\Programs\Python\Python311\Lib\contextlib.py", line 158, in __exit__
    self.gen.throw(typ, value, traceback)
  File "C:\Users\Sadiq\AppData\Local\Programs\Python\Python311\Lib\site-packages\httpx\_transports\default.py", line 118, in map_httpcore_exceptions
    raise mapped_exc(message) from exc
httpx.ReadError

The above exception was the direct cause of the following exception:

Traceback (most recent call last):
  File "C:\Users\Sadiq\AppData\Local\Programs\Python\Python311\Lib\site-packages\telegram\ext\_utils\networkloop.py", line 161, in network_retry_loop
    await do_action()
  File "C:\Users\Sadiq\AppData\Local\Programs\Python\Python311\Lib\site-packages\telegram\ext\_utils\networkloop.py", line 136, in do_action
    await action_cb()
  File "C:\Users\Sadiq\AppData\Local\Programs\Python\Python311\Lib\site-packages\telegram\ext\_application.py", line 489, in initialize
    await self.bot.initialize()
  File "C:\Users\Sadiq\AppData\Local\Programs\Python\Python311\Lib\site-packages\telegram\ext\_extbot.py", line 324, in initialize
    await super().initialize()
  File "C:\Users\Sadiq\AppData\Local\Programs\Python\Python311\Lib\site-packages\telegram\_bot.py", line 865, in initialize
    await self.get_me()
  File "C:\Users\Sadiq\AppData\Local\Programs\Python\Python311\Lib\site-packages\telegram\ext\_extbot.py", line 2040, in get_me
    return await super().get_me(
           ^^^^^^^^^^^^^^^^^^^^^
  File "C:\Users\Sadiq\AppData\Local\Programs\Python\Python311\Lib\site-packages\telegram\_bot.py", line 1005, in get_me
    result = await self._post(
             ^^^^^^^^^^^^^^^^^
  File "C:\Users\Sadiq\AppData\Local\Programs\Python\Python311\Lib\site-packages\telegram\_bot.py", line 712, in _post
    return await self._do_post(
           ^^^^^^^^^^^^^^^^^^^^
  File "C:\Users\Sadiq\AppData\Local\Programs\Python\Python311\Lib\site-packages\telegram\ext\_extbot.py", line 378, in _do_post
    return await super()._do_post(
           ^^^^^^^^^^^^^^^^^^^^^^^
  File "C:\Users\Sadiq\AppData\Local\Programs\Python\Python311\Lib\site-packages\telegram\_bot.py", line 741, in _do_post
    result = await request.post(
             ^^^^^^^^^^^^^^^^^^^
  File "C:\Users\Sadiq\AppData\Local\Programs\Python\Python311\Lib\site-packages\telegram\request\_baserequest.py", line 198, in post
    result = await self._request_wrapper(
             ^^^^^^^^^^^^^^^^^^^^^^^^^^^^
  File "C:\Users\Sadiq\AppData\Local\Programs\Python\Python311\Lib\site-packages\telegram\request\_baserequest.py", line 305, in _request_wrapper
    code, payload = await self.do_request(
                    ^^^^^^^^^^^^^^^^^^^^^^
  File "C:\Users\Sadiq\AppData\Local\Programs\Python\Python311\Lib\site-packages\telegram\request\_httpxrequest.py", line 303, in do_request
    raise NetworkError(f"httpx.{err.__class__.__name__}: {err}") from err
telegram.error.NetworkError: httpx.ReadError: 
2026-08-07 02:11:59 | pocket.main          | ERROR    | ❌ Telegram Bot xətası: httpx.ReadError: 
Traceback (most recent call last):
  File "C:\Users\Sadiq\AppData\Local\Programs\Python\Python311\Lib\site-packages\httpx\_transports\default.py", line 101, in map_httpcore_exceptions
    yield
  File "C:\Users\Sadiq\AppData\Local\Programs\Python\Python311\Lib\site-packages\httpx\_transports\default.py", line 394, in handle_async_request
    resp = await self._pool.handle_async_request(req)
           ^^^^^^^^^^^^^^^^^^^^^^^^^^^^^^^^^^^^^^^^^^
  File "C:\Users\Sadiq\AppData\Local\Programs\Python\Python311\Lib\site-packages\httpcore\_async\connection_pool.py", line 256, in handle_async_request
    raise exc from None
  File "C:\Users\Sadiq\AppData\Local\Programs\Python\Python311\Lib\site-packages\httpcore\_async\connection_pool.py", line 236, in handle_async_request
    response = await connection.handle_async_request(
               ^^^^^^^^^^^^^^^^^^^^^^^^^^^^^^^^^^^^^^
  File "C:\Users\Sadiq\AppData\Local\Programs\Python\Python311\Lib\site-packages\httpcore\_async\connection.py", line 103, in handle_async_request
    return await self._connection.handle_async_request(request)
           ^^^^^^^^^^^^^^^^^^^^^^^^^^^^^^^^^^^^^^^^^^^^^^^^^^^^
  File "C:\Users\Sadiq\AppData\Local\Programs\Python\Python311\Lib\site-packages\httpcore\_async\http11.py", line 136, in handle_async_request
    raise exc
  File "C:\Users\Sadiq\AppData\Local\Programs\Python\Python311\Lib\site-packages\httpcore\_async\http11.py", line 106, in handle_async_request
    ) = await self._receive_response_headers(**kwargs)
        ^^^^^^^^^^^^^^^^^^^^^^^^^^^^^^^^^^^^^^^^^^^^^^
  File "C:\Users\Sadiq\AppData\Local\Programs\Python\Python311\Lib\site-packages\httpcore\_async\http11.py", line 177, in _receive_response_headers
    event = await self._receive_event(timeout=timeout)
            ^^^^^^^^^^^^^^^^^^^^^^^^^^^^^^^^^^^^^^^^^^
  File "C:\Users\Sadiq\AppData\Local\Programs\Python\Python311\Lib\site-packages\httpcore\_async\http11.py", line 217, in _receive_event
    data = await self._network_stream.read(
           ^^^^^^^^^^^^^^^^^^^^^^^^^^^^^^^^
  File "C:\Users\Sadiq\AppData\Local\Programs\Python\Python311\Lib\site-packages\httpcore\_backends\anyio.py", line 32, in read
    with map_exceptions(exc_map):
  File "C:\Users\Sadiq\AppData\Local\Programs\Python\Python311\Lib\contextlib.py", line 158, in __exit__
    self.gen.throw(typ, value, traceback)
  File "C:\Users\Sadiq\AppData\Local\Programs\Python\Python311\Lib\site-packages\httpcore\_exceptions.py", line 14, in map_exceptions
    raise to_exc(exc) from exc
httpcore.ReadError

The above exception was the direct cause of the following exception:

Traceback (most recent call last):
  File "C:\Users\Sadiq\AppData\Local\Programs\Python\Python311\Lib\site-packages\telegram\request\_httpxrequest.py", line 279, in do_request
    res = await self._client.request(
          ^^^^^^^^^^^^^^^^^^^^^^^^^^^
  File "C:\Users\Sadiq\AppData\Local\Programs\Python\Python311\Lib\site-packages\httpx\_client.py", line 1540, in request
    return await self.send(request, auth=auth, follow_redirects=follow_redirects)
           ^^^^^^^^^^^^^^^^^^^^^^^^^^^^^^^^^^^^^^^^^^^^^^^^^^^^^^^^^^^^^^^^^^^^^^
  File "C:\Users\Sadiq\AppData\Local\Programs\Python\Python311\Lib\site-packages\httpx\_client.py", line 1629, in send
    response = await self._send_handling_auth(
               ^^^^^^^^^^^^^^^^^^^^^^^^^^^^^^^
  File "C:\Users\Sadiq\AppData\Local\Programs\Python\Python311\Lib\site-packages\httpx\_client.py", line 1657, in _send_handling_auth
    response = await self._send_handling_redirects(
               ^^^^^^^^^^^^^^^^^^^^^^^^^^^^^^^^^^^^
  File "C:\Users\Sadiq\AppData\Local\Programs\Python\Python311\Lib\site-packages\httpx\_client.py", line 1694, in _send_handling_redirects
    response = await self._send_single_request(request)
               ^^^^^^^^^^^^^^^^^^^^^^^^^^^^^^^^^^^^^^^^
  File "C:\Users\Sadiq\AppData\Local\Programs\Python\Python311\Lib\site-packages\httpx\_client.py", line 1730, in _send_single_request
    response = await transport.handle_async_request(request)
               ^^^^^^^^^^^^^^^^^^^^^^^^^^^^^^^^^^^^^^^^^^^^^
  File "C:\Users\Sadiq\AppData\Local\Programs\Python\Python311\Lib\site-packages\httpx\_transports\default.py", line 393, in handle_async_request
    with map_httpcore_exceptions():
  File "C:\Users\Sadiq\AppData\Local\Programs\Python\Python311\Lib\contextlib.py", line 158, in __exit__
    self.gen.throw(typ, value, traceback)
  File "C:\Users\Sadiq\AppData\Local\Programs\Python\Python311\Lib\site-packages\httpx\_transports\default.py", line 118, in map_httpcore_exceptions
    raise mapped_exc(message) from exc
httpx.ReadError

The above exception was the direct cause of the following exception:

Traceback (most recent call last):
  File "D:\pocket\main.py", line 225, in run_telegram_bot
    bot.start()
  File "D:\pocket\bot\telegram_bot.py", line 64, in start
    self.app.run_polling()
  File "C:\Users\Sadiq\AppData\Local\Programs\Python\Python311\Lib\site-packages\telegram\ext\_application.py", line 839, in run_polling
    return self.__run(
           ^^^^^^^^^^^
  File "C:\Users\Sadiq\AppData\Local\Programs\Python\Python311\Lib\site-packages\telegram\ext\_application.py", line 1054, in __run
    loop.run_until_complete(self._bootstrap_initialize(max_retries=bootstrap_retries))
  File "C:\Users\Sadiq\AppData\Local\Programs\Python\Python311\Lib\asyncio\base_events.py", line 654, in run_until_complete
    return future.result()
           ^^^^^^^^^^^^^^^
  File "C:\Users\Sadiq\AppData\Local\Programs\Python\Python311\Lib\site-packages\telegram\ext\_application.py", line 1014, in _bootstrap_initialize
    await network_retry_loop(
  File "C:\Users\Sadiq\AppData\Local\Programs\Python\Python311\Lib\site-packages\telegram\ext\_utils\networkloop.py", line 161, in network_retry_loop
    await do_action()
  File "C:\Users\Sadiq\AppData\Local\Programs\Python\Python311\Lib\site-packages\telegram\ext\_utils\networkloop.py", line 136, in do_action
    await action_cb()
  File "C:\Users\Sadiq\AppData\Local\Programs\Python\Python311\Lib\site-packages\telegram\ext\_application.py", line 489, in initialize
    await self.bot.initialize()
  File "C:\Users\Sadiq\AppData\Local\Programs\Python\Python311\Lib\site-packages\telegram\ext\_extbot.py", line 324, in initialize
    await super().initialize()
  File "C:\Users\Sadiq\AppData\Local\Programs\Python\Python311\Lib\site-packages\telegram\_bot.py", line 865, in initialize
    await self.get_me()
  File "C:\Users\Sadiq\AppData\Local\Programs\Python\Python311\Lib\site-packages\telegram\ext\_extbot.py", line 2040, in get_me
    return await super().get_me(
           ^^^^^^^^^^^^^^^^^^^^^
  File "C:\Users\Sadiq\AppData\Local\Programs\Python\Python311\Lib\site-packages\telegram\_bot.py", line 1005, in get_me
    result = await self._post(
             ^^^^^^^^^^^^^^^^^
  File "C:\Users\Sadiq\AppData\Local\Programs\Python\Python311\Lib\site-packages\telegram\_bot.py", line 712, in _post
    return await self._do_post(
           ^^^^^^^^^^^^^^^^^^^^
  File "C:\Users\Sadiq\AppData\Local\Programs\Python\Python311\Lib\site-packages\telegram\ext\_extbot.py", line 378, in _do_post
    return await super()._do_post(
           ^^^^^^^^^^^^^^^^^^^^^^^
  File "C:\Users\Sadiq\AppData\Local\Programs\Python\Python311\Lib\site-packages\telegram\_bot.py", line 741, in _do_post
    result = await request.post(
             ^^^^^^^^^^^^^^^^^^^
  File "C:\Users\Sadiq\AppData\Local\Programs\Python\Python311\Lib\site-packages\telegram\request\_baserequest.py", line 198, in post
    result = await self._request_wrapper(
             ^^^^^^^^^^^^^^^^^^^^^^^^^^^^
  File "C:\Users\Sadiq\AppData\Local\Programs\Python\Python311\Lib\site-packages\telegram\request\_baserequest.py", line 305, in _request_wrapper
    code, payload = await self.do_request(
                    ^^^^^^^^^^^^^^^^^^^^^^
  File "C:\Users\Sadiq\AppData\Local\Programs\Python\Python311\Lib\site-packages\telegram\request\_httpxrequest.py", line 303, in do_request
    raise NetworkError(f"httpx.{err.__class__.__name__}: {err}") from err
telegram.error.NetworkError: httpx.ReadError: 
2026-08-07 02:12:01 | pocket.main          | INFO     | ✅ M1 üçün 1 siqnal tapıldı (Ən yüksək: USD/JPY - 50.0%)
2026-08-07 02:12:01 | pocket.main          | INFO     | ⚡ Martingale Ticarəti İşə Düşür: USD/JPY BUY (50.0%)
2026-08-07 02:12:01 | core.po_trader       | INFO     | 🚀 Turbo Ticarət ardıcıllığı başlayır: USD/JPY | BUY | TF: 30s
2026-08-07 02:12:01 | core.po_trader       | INFO     | 🎯 Addım 1/4: USD/JPY - CALL $1.0
2026-08-07 02:12:01 | httpx                | INFO     | HTTP Request: POST https://api.telegram.org/bot8941505352:AAHsWfhljzdi9hH-pdjzsfA86Ih1YzBEBLA/sendMessage "HTTP/1.1 200 OK"
2026-08-07 02:12:01 | core.po_trader       | INFO     | ✅ PO Əmri Açıldı: ID=912d4847-9fe9-4e2e-8fb7-2d62127676f8, $1.0, 30s. İlkin Balans=$68098.23
2026-08-07 02:12:35 | core.po_trader       | INFO     | 📊 PO Server Balans Analizi: Əvvəl=$68098.23 -> Sonra=$68098.55 (Fərq=$0.32)
2026-08-07 02:12:35 | core.po_trader       | INFO     | 🎉 PO REAL QAZANC VERDİ! Profit: +$0.32
2026-08-07 02:12:35 | core.po_trader       | INFO     | ✅ Trade UĞURLU oldu (Addım 1). Martingale sıfırlanır.
2026-08-07 02:12:35 | core.po_trader       | INFO     | ✅ <b>TİCARƏT QAZANDI!</b> 🎉 (Hədəf: 1/5)
💱 USD/JPY (Addım 1)
💵 Qazanc: +$0.32
2026-08-07 02:12:36 | httpx                | INFO     | HTTP Request: POST https://api.telegram.org/bot8941505352:AAHsWfhljzdi9hH-pdjzsfA86Ih1YzBEBLA/sendMessage "HTTP/1.1 200 OK"
2026-08-07 02:12:37 | pocket.main          | INFO     | ✅ M5 üçün 3 siqnal tapıldı (Ən yüksək: EUR/USD - 50.0%)
2026-08-07 02:12:37 | pocket.main          | INFO     | ⚡ Martingale Ticarəti İşə Düşür: EUR/USD SELL (50.0%)
2026-08-07 02:12:37 | core.po_trader       | INFO     | 🚀 Turbo Ticarət ardıcıllığı başlayır: EUR/USD | SELL | TF: 30s
2026-08-07 02:12:37 | core.po_trader       | INFO     | 🎯 Addım 1/4: EUR/USD - PUT $1.0
2026-08-07 02:12:37 | httpx                | INFO     | HTTP Request: POST https://api.telegram.org/bot8941505352:AAHsWfhljzdi9hH-pdjzsfA86Ih1YzBEBLA/sendMessage "HTTP/1.1 200 OK"
2026-08-07 02:12:38 | core.po_trader       | INFO     | ✅ PO Əmri Açıldı: ID=5c321d27-2c1b-4fd3-9aec-36c087080d0c, $1.0, 30s. İlkin Balans=$68098.55
2026-08-07 02:13:12 | core.po_trader       | INFO     | 📊 PO Server Balans Analizi: Əvvəl=$68098.55 -> Sonra=$68099.34 (Fərq=$0.79)
2026-08-07 02:13:12 | core.po_trader       | INFO     | 🎉 PO REAL QAZANC VERDİ! Profit: +$0.79
2026-08-07 02:13:12 | core.po_trader       | INFO     | ✅ Trade UĞURLU oldu (Addım 1). Martingale sıfırlanır.
2026-08-07 02:13:12 | core.po_trader       | INFO     | ✅ <b>TİCARƏT QAZANDI!</b> 🎉 (Hədəf: 2/5)
💱 EUR/USD (Addım 1)
💵 Qazanc: +$0.79
2026-08-07 02:13:12 | httpx                | INFO     | HTTP Request: POST https://api.telegram.org/bot8941505352:AAHsWfhljzdi9hH-pdjzsfA86Ih1YzBEBLA/sendMessage "HTTP/1.1 200 OK"
2026-08-07 02:13:13 | pocket.main          | INFO     | ℹ️  M15 üçün siqnal tapılmadı
2026-08-07 02:13:15 | pocket.main          | INFO     | 📊 Bazar skan edilir...
2026-08-07 02:13:17 | pocket.main          | INFO     | ℹ️  M1 üçün siqnal tapılmadı
2026-08-07 02:13:18 | pocket.main          | INFO     | ✅ M5 üçün 2 siqnal tapıldı (Ən yüksək: EUR/USD - 50.0%)
2026-08-07 02:13:19 | pocket.main          | INFO     | ⚡ Martingale Ticarəti İşə Düşür: EUR/USD SELL (50.0%)
2026-08-07 02:13:19 | core.po_trader       | INFO     | 🚀 Turbo Ticarət ardıcıllığı başlayır: EUR/USD | SELL | TF: 30s
2026-08-07 02:13:19 | core.po_trader       | INFO     | 🎯 Addım 1/4: EUR/USD - PUT $1.0
2026-08-07 02:13:19 | httpx                | INFO     | HTTP Request: POST https://api.telegram.org/bot8941505352:AAHsWfhljzdi9hH-pdjzsfA86Ih1YzBEBLA/sendMessage "HTTP/1.1 200 OK"
2026-08-07 02:13:19 | core.po_trader       | INFO     | ✅ PO Əmri Açıldı: ID=159b3e9a-eee1-420e-af96-35b087b2907b, $1.0, 30s. İlkin Balans=$68099.34
2026-08-07 02:13:53 | core.po_trader       | INFO     | 📊 PO Server Balans Analizi: Əvvəl=$68099.34 -> Sonra=$68100.13 (Fərq=$0.79)
2026-08-07 02:13:53 | core.po_trader       | INFO     | 🎉 PO REAL QAZANC VERDİ! Profit: +$0.79
2026-08-07 02:13:53 | core.po_trader       | INFO     | ✅ Trade UĞURLU oldu (Addım 1). Martingale sıfırlanır.
2026-08-07 02:13:53 | core.po_trader       | INFO     | ✅ <b>TİCARƏT QAZANDI!</b> 🎉 (Hədəf: 3/5)
💱 EUR/USD (Addım 1)
💵 Qazanc: +$0.79
2026-08-07 02:13:54 | bot.telegram_bot     | ERROR    | Failed to send signal to 8951931885: httpx.ConnectError: 
2026-08-07 02:13:55 | pocket.main          | INFO     | ℹ️  M15 üçün siqnal tapılmadı
2026-08-07 02:13:57 | pocket.main          | INFO     | 📊 Bazar skan edilir...
2026-08-07 02:13:58 | pocket.main          | INFO     | ℹ️  M1 üçün siqnal tapılmadı
2026-08-07 02:14:00 | pocket.main          | INFO     | ✅ M5 üçün 2 siqnal tapıldı (Ən yüksək: EUR/USD - 50.0%)
2026-08-07 02:14:00 | pocket.main          | INFO     | ⚡ Martingale Ticarəti İşə Düşür: EUR/USD SELL (50.0%)
2026-08-07 02:14:00 | core.po_trader       | INFO     | 🚀 Turbo Ticarət ardıcıllığı başlayır: EUR/USD | SELL | TF: 30s
2026-08-07 02:14:00 | core.po_trader       | INFO     | 🎯 Addım 1/4: EUR/USD - PUT $1.0
2026-08-07 02:14:01 | httpx                | INFO     | HTTP Request: POST https://api.telegram.org/bot8941505352:AAHsWfhljzdi9hH-pdjzsfA86Ih1YzBEBLA/sendMessage "HTTP/1.1 200 OK"
2026-08-07 02:14:01 | core.po_trader       | INFO     | ✅ PO Əmri Açıldı: ID=7c77947f-d79f-4bf8-a82c-b5b060e588ad, $1.0, 30s. İlkin Balans=$68100.13
2026-08-07 02:14:40 | pocket.main          | INFO     | 🚀 Sistem başladılır...
2026-08-07 02:14:40 | pocket.main          | INFO     | ⚙️  Core komponentlər yaradılır...
2026-08-07 02:14:40 | pocket.main          | INFO     | ✅ Core və Martingale komponentlər hazırdır
2026-08-07 02:14:40 | pocket.main          | INFO     | 🔍 Bazar skaneri və Martingale icraçısı işə düşdü
2026-08-07 02:14:40 | pocket.main          | INFO     | 🔍 Martingale Skaneri başladı
2026-08-07 02:14:40 | pocket.main          | INFO     | 🤖 Telegram Bot thread-i başladı
2026-08-07 02:14:40 | core.po_trader       | INFO     | 🔌 Pocket Option-a qoşulunur... (Hesab: DEMO)
2026-08-07 02:14:40 | pocket.main          | INFO     | 🌐 Web Dashboard: http://localhost:5000
2026-08-07 02:14:41 | core.po_trader       | INFO     | ✅ Pocket Option-a uğurla qoşuldu!
2026-08-07 02:14:41 | core.po_trader       | INFO     | 💰 Balans: 68100.92 USD
2026-08-07 02:14:41 | pocket.main          | INFO     | 📊 Bazar skan edilir...
2026-08-07 02:14:42 | pocket.main          | INFO     | 🌐 Web Dashboard işə düşür: http://localhost:5000
2026-08-07 02:14:42 | pocket.main          | INFO     | 🤖 Telegram Bot işə düşür...
2026-08-07 02:14:42 | bot.telegram_bot     | INFO     | Bot starting...
2026-08-07 02:14:42 | httpx                | INFO     | HTTP Request: POST https://api.telegram.org/bot8941505352:AAHsWfhljzdi9hH-pdjzsfA86Ih1YzBEBLA/getMe "HTTP/1.1 200 OK"
2026-08-07 02:14:42 | httpx                | INFO     | HTTP Request: POST https://api.telegram.org/bot8941505352:AAHsWfhljzdi9hH-pdjzsfA86Ih1YzBEBLA/deleteWebhook "HTTP/1.1 200 OK"
2026-08-07 02:14:42 | apscheduler.scheduler | INFO     | Scheduler started
2026-08-07 02:14:42 | telegram.ext.Application | INFO     | Application started
2026-08-07 02:14:43 | pocket.main          | INFO     | ℹ️  M1 üçün siqnal tapılmadı
2026-08-07 02:14:45 | httpx                | INFO     | HTTP Request: POST https://api.telegram.org/bot8941505352:AAHsWfhljzdi9hH-pdjzsfA86Ih1YzBEBLA/getUpdates "HTTP/1.1 200 OK"
2026-08-07 02:14:45 | httpx                | INFO     | HTTP Request: POST https://api.telegram.org/bot8941505352:AAHsWfhljzdi9hH-pdjzsfA86Ih1YzBEBLA/sendChatAction "HTTP/1.1 200 OK"
2026-08-07 02:14:45 | bot.handlers         | ERROR    | Network / Bot exception: name 'settings' is not defined
2026-08-07 02:14:45 | pocket.main          | INFO     | ✅ M5 üçün 2 siqnal tapıldı (Ən yüksək: EUR/USD - 50.0%)
2026-08-07 02:14:45 | pocket.main          | INFO     | ⚡ Martingale Ticarəti İşə Düşür: EUR/USD SELL (50.0%)
2026-08-07 02:14:45 | core.po_trader       | INFO     | 🚀 Turbo Ticarət ardıcıllığı başlayır: EUR/USD | SELL | TF: 30s
2026-08-07 02:14:45 | core.po_trader       | INFO     | 🎯 Addım 1/4: EUR/USD - PUT $1.0
2026-08-07 02:14:50 | bot.telegram_bot     | ERROR    | Failed to send signal to 8951931885: Unknown error in HTTP implementation: RuntimeError('<asyncio.locks.Event object at 0x0000019B81F21790 [unset]> is bound to a different event loop')
2026-08-07 02:14:50 | core.po_trader       | INFO     | ✅ PO Əmri Açıldı: ID=de8970a5-782c-4e40-9c7c-51ed36f978f7, $1.0, 30s. İlkin Balans=$68100.92
2026-08-07 02:15:04 | pocket.main          | INFO     | 🚀 Sistem başladılır...
2026-08-07 02:15:04 | pocket.main          | INFO     | ⚙️  Core komponentlər yaradılır...
2026-08-07 02:15:04 | pocket.main          | INFO     | ✅ Core və Martingale komponentlər hazırdır
2026-08-07 02:15:04 | pocket.main          | INFO     | 🔍 Bazar skaneri və Martingale icraçısı işə düşdü
2026-08-07 02:15:04 | pocket.main          | INFO     | 🔍 Martingale Skaneri başladı
2026-08-07 02:15:04 | pocket.main          | INFO     | 🤖 Telegram Bot thread-i başladı
2026-08-07 02:15:04 | pocket.main          | INFO     | 🌐 Web Dashboard: http://localhost:5000
2026-08-07 02:15:04 | core.po_trader       | INFO     | 🔌 Pocket Option-a qoşulunur... (Hesab: DEMO)
2026-08-07 02:15:05 | core.po_trader       | INFO     | ✅ Pocket Option-a uğurla qoşuldu!
2026-08-07 02:15:05 | core.po_trader       | INFO     | 💰 Balans: 68099.92 USD
2026-08-07 02:15:05 | pocket.main          | INFO     | 📊 Bazar skan edilir...
2026-08-07 02:15:05 | pocket.main          | INFO     | 🌐 Web Dashboard işə düşür: http://localhost:5000
2026-08-07 02:15:06 | pocket.main          | INFO     | 🤖 Telegram Bot işə düşür...
2026-08-07 02:15:06 | bot.telegram_bot     | INFO     | Bot starting...
2026-08-07 02:15:06 | httpx                | INFO     | HTTP Request: POST https://api.telegram.org/bot8941505352:AAHsWfhljzdi9hH-pdjzsfA86Ih1YzBEBLA/getMe "HTTP/1.1 200 OK"
2026-08-07 02:15:06 | httpx                | INFO     | HTTP Request: POST https://api.telegram.org/bot8941505352:AAHsWfhljzdi9hH-pdjzsfA86Ih1YzBEBLA/deleteWebhook "HTTP/1.1 200 OK"
2026-08-07 02:15:06 | apscheduler.scheduler | INFO     | Scheduler started
2026-08-07 02:15:06 | telegram.ext.Application | INFO     | Application started
2026-08-07 02:15:07 | pocket.main          | INFO     | ℹ️  M1 üçün siqnal tapılmadı
2026-08-07 02:15:08 | pocket.main          | INFO     | ✅ M5 üçün 2 siqnal tapıldı (Ən yüksək: EUR/USD - 50.0%)
2026-08-07 02:15:09 | pocket.main          | INFO     | ⚡ Martingale Ticarəti İşə Düşür: EUR/USD SELL (50.0%)
2026-08-07 02:15:09 | core.po_trader       | INFO     | 🚀 Turbo Ticarət ardıcıllığı başlayır: EUR/USD | SELL | TF: 30s
2026-08-07 02:15:09 | core.po_trader       | INFO     | 🎯 Addım 1/4: EUR/USD - PUT $1.0
2026-08-07 02:15:09 | bot.telegram_bot     | ERROR    | Failed to send signal to 8951931885: Unknown error in HTTP implementation: RuntimeError('<asyncio.locks.Event object at 0x000002959B9CEC50 [unset]> is bound to a different event loop')
2026-08-07 02:15:09 | core.po_trader       | INFO     | ✅ PO Əmri Açıldı: ID=a433159f-1902-4cc3-82ea-41cda1be1239, $1.0, 30s. İlkin Balans=$68099.92
2026-08-07 02:15:16 | httpx                | INFO     | HTTP Request: POST https://api.telegram.org/bot8941505352:AAHsWfhljzdi9hH-pdjzsfA86Ih1YzBEBLA/getUpdates "HTTP/1.1 200 OK"
2026-08-07 02:15:26 | httpx                | INFO     | HTTP Request: POST https://api.telegram.org/bot8941505352:AAHsWfhljzdi9hH-pdjzsfA86Ih1YzBEBLA/getUpdates "HTTP/1.1 200 OK"
2026-08-07 02:15:36 | httpx                | INFO     | HTTP Request: POST https://api.telegram.org/bot8941505352:AAHsWfhljzdi9hH-pdjzsfA86Ih1YzBEBLA/getUpdates "HTTP/1.1 200 OK"
2026-08-07 02:15:43 | core.po_trader       | INFO     | 📊 PO Server Balans Analizi: Əvvəl=$68099.92 -> Sonra=$68098.92 (Fərq=$-1.00)
2026-08-07 02:15:43 | core.po_trader       | INFO     | ❌ PO REAL İTKİ VERDİ. Zərər: -$1.00
2026-08-07 02:15:43 | core.po_trader       | WARNING  | ❌ Trade UĞURSUZ oldu (Addım 1).
2026-08-07 02:15:43 | core.po_trader       | INFO     | 🔄 Martingale növbəti addıma keçir: Addım 2 ($2.5)
2026-08-07 02:15:43 | core.po_trader       | WARNING  | ❌ <b>Ticarət Uğursuz Oldu</b> (Addım 1/4)
💱 EUR/USD - Məbləğ: $1.0
2026-08-07 02:15:43 | httpx                | INFO     | HTTP Request: POST https://api.telegram.org/bot8941505352:AAHsWfhljzdi9hH-pdjzsfA86Ih1YzBEBLA/sendMessage "HTTP/1.1 200 OK"
2026-08-07 02:15:44 | core.po_trader       | INFO     | 🎯 Addım 2/4: EUR/USD - PUT $2.5
2026-08-07 02:15:44 | httpx                | INFO     | HTTP Request: POST https://api.telegram.org/bot8941505352:AAHsWfhljzdi9hH-pdjzsfA86Ih1YzBEBLA/sendMessage "HTTP/1.1 200 OK"
2026-08-07 02:15:44 | core.po_trader       | INFO     | ✅ PO Əmri Açıldı: ID=d6139af5-1417-432d-a571-d8279a6a6ddd, $2.5, 30s. İlkin Balans=$68098.92
2026-08-07 02:15:47 | httpx                | INFO     | HTTP Request: POST https://api.telegram.org/bot8941505352:AAHsWfhljzdi9hH-pdjzsfA86Ih1YzBEBLA/getUpdates "HTTP/1.1 200 OK"
2026-08-07 02:15:57 | httpx                | INFO     | HTTP Request: POST https://api.telegram.org/bot8941505352:AAHsWfhljzdi9hH-pdjzsfA86Ih1YzBEBLA/getUpdates "HTTP/1.1 200 OK"
2026-08-07 02:16:07 | httpx                | INFO     | HTTP Request: POST https://api.telegram.org/bot8941505352:AAHsWfhljzdi9hH-pdjzsfA86Ih1YzBEBLA/getUpdates "HTTP/1.1 200 OK"
2026-08-07 02:16:17 | httpx                | INFO     | HTTP Request: POST https://api.telegram.org/bot8941505352:AAHsWfhljzdi9hH-pdjzsfA86Ih1YzBEBLA/getUpdates "HTTP/1.1 200 OK"
2026-08-07 02:16:18 | core.po_trader       | INFO     | 📊 PO Server Balans Analizi: Əvvəl=$68098.92 -> Sonra=$68100.82 (Fərq=$1.90)
2026-08-07 02:16:18 | core.po_trader       | INFO     | 🎉 PO REAL QAZANC VERDİ! Profit: +$1.90
2026-08-07 02:16:18 | core.po_trader       | INFO     | ✅ Trade UĞURLU oldu (Addım 2). Martingale sıfırlanır.
2026-08-07 02:16:18 | core.po_trader       | INFO     | ✅ <b>TİCARƏT QAZANDI!</b> 🎉 (Hədəf: 1/5)
💱 EUR/USD (Addım 2)
💵 Qazanc: +$1.90
2026-08-07 02:16:18 | httpx                | INFO     | HTTP Request: POST https://api.telegram.org/bot8941505352:AAHsWfhljzdi9hH-pdjzsfA86Ih1YzBEBLA/sendMessage "HTTP/1.1 200 OK"
2026-08-07 02:16:20 | pocket.main          | INFO     | ℹ️  M15 üçün siqnal tapılmadı
2026-08-07 02:16:22 | pocket.main          | INFO     | 📊 Bazar skan edilir...
2026-08-07 02:16:23 | pocket.main          | INFO     | ℹ️  M1 üçün siqnal tapılmadı
2026-08-07 02:16:24 | pocket.main          | INFO     | ✅ M5 üçün 1 siqnal tapıldı (Ən yüksək: USD/JPY - 50.0%)
2026-08-07 02:16:25 | pocket.main          | INFO     | ⚡ Martingale Ticarəti İşə Düşür: USD/JPY BUY (50.0%)
2026-08-07 02:16:25 | core.po_trader       | INFO     | 🚀 Turbo Ticarət ardıcıllığı başlayır: USD/JPY | BUY | TF: 30s
2026-08-07 02:16:25 | core.po_trader       | INFO     | 🎯 Addım 1/4: USD/JPY - CALL $1.0
2026-08-07 02:16:25 | httpx                | INFO     | HTTP Request: POST https://api.telegram.org/bot8941505352:AAHsWfhljzdi9hH-pdjzsfA86Ih1YzBEBLA/sendMessage "HTTP/1.1 200 OK"
2026-08-07 02:16:25 | core.po_trader       | INFO     | ✅ PO Əmri Açıldı: ID=06fcd4e1-3c2b-4a5f-bc50-54a83b8c6af5, $1.0, 30s. İlkin Balans=$68100.82
2026-08-07 02:16:27 | httpx                | INFO     | HTTP Request: POST https://api.telegram.org/bot8941505352:AAHsWfhljzdi9hH-pdjzsfA86Ih1YzBEBLA/getUpdates "HTTP/1.1 200 OK"
2026-08-07 02:16:37 | httpx                | INFO     | HTTP Request: POST https://api.telegram.org/bot8941505352:AAHsWfhljzdi9hH-pdjzsfA86Ih1YzBEBLA/getUpdates "HTTP/1.1 200 OK"
2026-08-07 02:16:47 | httpx                | INFO     | HTTP Request: POST https://api.telegram.org/bot8941505352:AAHsWfhljzdi9hH-pdjzsfA86Ih1YzBEBLA/getUpdates "HTTP/1.1 200 OK"
2026-08-07 02:16:57 | httpx                | INFO     | HTTP Request: POST https://api.telegram.org/bot8941505352:AAHsWfhljzdi9hH-pdjzsfA86Ih1YzBEBLA/getUpdates "HTTP/1.1 200 OK"
2026-08-07 02:16:59 | core.po_trader       | INFO     | 📊 PO Server Balans Analizi: Əvvəl=$68100.82 -> Sonra=$68101.18 (Fərq=$0.36)
2026-08-07 02:16:59 | core.po_trader       | INFO     | 🎉 PO REAL QAZANC VERDİ! Profit: +$0.36
2026-08-07 02:16:59 | core.po_trader       | INFO     | ✅ Trade UĞURLU oldu (Addım 1). Martingale sıfırlanır.
2026-08-07 02:16:59 | core.po_trader       | INFO     | ✅ <b>TİCARƏT QAZANDI!</b> 🎉 (Hədəf: 2/5)
💱 USD/JPY (Addım 1)
💵 Qazanc: +$0.36
2026-08-07 02:16:59 | httpx                | INFO     | HTTP Request: POST https://api.telegram.org/bot8941505352:AAHsWfhljzdi9hH-pdjzsfA86Ih1YzBEBLA/sendMessage "HTTP/1.1 200 OK"
2026-08-07 02:17:01 | pocket.main          | INFO     | ℹ️  M15 üçün siqnal tapılmadı
2026-08-07 02:17:03 | pocket.main          | INFO     | 📊 Bazar skan edilir...
2026-08-07 02:17:04 | pocket.main          | INFO     | ℹ️  M1 üçün siqnal tapılmadı
2026-08-07 02:17:06 | pocket.main          | INFO     | ✅ M5 üçün 1 siqnal tapıldı (Ən yüksək: USD/JPY - 56.0%)
2026-08-07 02:17:06 | pocket.main          | INFO     | ⚡ Martingale Ticarəti İşə Düşür: USD/JPY BUY (56.0%)
2026-08-07 02:17:06 | core.po_trader       | INFO     | 🚀 Turbo Ticarət ardıcıllığı başlayır: USD/JPY | BUY | TF: 30s
2026-08-07 02:17:06 | core.po_trader       | INFO     | 🎯 Addım 1/4: USD/JPY - CALL $1.0
2026-08-07 02:17:06 | bot.telegram_bot     | ERROR    | Failed to send signal to 8951931885: httpx.ConnectError: 
2026-08-07 02:17:07 | core.po_trader       | INFO     | ✅ PO Əmri Açıldı: ID=e23565b4-a577-4ad5-bc8e-7cab6d413a61, $1.0, 30s. İlkin Balans=$68101.18
2026-08-07 02:17:07 | httpx                | INFO     | HTTP Request: POST https://api.telegram.org/bot8941505352:AAHsWfhljzdi9hH-pdjzsfA86Ih1YzBEBLA/getUpdates "HTTP/1.1 200 OK"
2026-08-07 02:17:18 | httpx                | INFO     | HTTP Request: POST https://api.telegram.org/bot8941505352:AAHsWfhljzdi9hH-pdjzsfA86Ih1YzBEBLA/getUpdates "HTTP/1.1 200 OK"
2026-08-07 02:17:23 | pocket.main          | INFO     | 🚀 Sistem başladılır...
2026-08-07 02:17:23 | pocket.main          | INFO     | ⚙️  Core komponentlər yaradılır...
2026-08-07 02:17:23 | pocket.main          | INFO     | ✅ Core və Martingale komponentlər hazırdır
2026-08-07 02:17:23 | pocket.main          | INFO     | 🔍 Bazar skaneri və Martingale icraçısı işə düşdü
2026-08-07 02:17:23 | pocket.main          | INFO     | 🔍 Martingale Skaneri başladı
2026-08-07 02:17:23 | pocket.main          | INFO     | 🤖 Telegram Bot thread-i başladı
2026-08-07 02:17:23 | pocket.main          | INFO     | 🌐 Web Dashboard: http://localhost:5000
2026-08-07 02:17:23 | core.po_trader       | INFO     | 🔌 Pocket Option-a qoşulunur... (Hesab: DEMO)
2026-08-07 02:17:24 | pocket.main          | INFO     | 🌐 Web Dashboard işə düşür: http://localhost:5000
2026-08-07 02:17:24 | pocket.main          | INFO     | 🤖 Telegram Bot işə düşür...
2026-08-07 02:17:24 | bot.telegram_bot     | INFO     | Bot starting...
2026-08-07 02:17:25 | httpx                | INFO     | HTTP Request: POST https://api.telegram.org/bot8941505352:AAHsWfhljzdi9hH-pdjzsfA86Ih1YzBEBLA/getMe "HTTP/1.1 200 OK"
2026-08-07 02:17:25 | httpx                | INFO     | HTTP Request: POST https://api.telegram.org/bot8941505352:AAHsWfhljzdi9hH-pdjzsfA86Ih1YzBEBLA/deleteWebhook "HTTP/1.1 200 OK"
2026-08-07 02:17:25 | apscheduler.scheduler | INFO     | Scheduler started
2026-08-07 02:17:25 | telegram.ext.Application | INFO     | Application started
2026-08-07 02:17:27 | core.po_trader       | INFO     | ✅ Pocket Option-a uğurla qoşuldu!
2026-08-07 02:17:27 | core.po_trader       | INFO     | 💰 Balans: 68100.18 USD
2026-08-07 02:17:27 | pocket.main          | INFO     | 📊 Bazar skan edilir...
2026-08-07 02:17:28 | pocket.main          | INFO     | ℹ️  M1 üçün siqnal tapılmadı
2026-08-07 02:17:30 | pocket.main          | INFO     | ✅ M5 üçün 1 siqnal tapıldı (Ən yüksək: USD/JPY - 56.0%)
2026-08-07 02:17:31 | pocket.main          | INFO     | ℹ️  M15 üçün siqnal tapılmadı
2026-08-07 02:17:33 | pocket.main          | INFO     | 📊 Bazar skan edilir...
2026-08-07 02:17:34 | pocket.main          | INFO     | ℹ️  M1 üçün siqnal tapılmadı
2026-08-07 02:17:35 | pocket.main          | INFO     | ✅ M5 üçün 1 siqnal tapıldı (Ən yüksək: USD/JPY - 56.0%)
2026-08-07 02:17:36 | httpx                | INFO     | HTTP Request: POST https://api.telegram.org/bot8941505352:AAHsWfhljzdi9hH-pdjzsfA86Ih1YzBEBLA/getUpdates "HTTP/1.1 200 OK"
2026-08-07 02:17:36 | pocket.main          | INFO     | ℹ️  M15 üçün siqnal tapılmadı
2026-08-07 02:17:38 | pocket.main          | INFO     | 📊 Bazar skan edilir...
2026-08-07 02:17:39 | pocket.main          | INFO     | ℹ️  M1 üçün siqnal tapılmadı
2026-08-07 02:17:40 | pocket.main          | INFO     | ✅ M5 üçün 1 siqnal tapıldı (Ən yüksək: USD/JPY - 50.0%)
2026-08-07 02:17:43 | pocket.main          | INFO     | ℹ️  M15 üçün siqnal tapılmadı
2026-08-07 02:17:45 | pocket.main          | INFO     | 📊 Bazar skan edilir...
2026-08-07 02:17:46 | httpx                | INFO     | HTTP Request: POST https://api.telegram.org/bot8941505352:AAHsWfhljzdi9hH-pdjzsfA86Ih1YzBEBLA/getUpdates "HTTP/1.1 200 OK"
2026-08-07 02:17:46 | pocket.main          | INFO     | ℹ️  M1 üçün siqnal tapılmadı
2026-08-07 02:17:47 | pocket.main          | INFO     | ✅ M5 üçün 1 siqnal tapıldı (Ən yüksək: USD/JPY - 50.0%)
2026-08-07 02:17:48 | pocket.main          | INFO     | ℹ️  M15 üçün siqnal tapılmadı
2026-08-07 02:17:50 | pocket.main          | INFO     | 📊 Bazar skan edilir...
2026-08-07 02:17:51 | pocket.main          | INFO     | ℹ️  M1 üçün siqnal tapılmadı
2026-08-07 02:17:53 | pocket.main          | INFO     | ✅ M5 üçün 1 siqnal tapıldı (Ən yüksək: USD/JPY - 50.0%)
2026-08-07 02:17:54 | pocket.main          | INFO     | ℹ️  M15 üçün siqnal tapılmadı
2026-08-07 02:17:56 | httpx                | INFO     | HTTP Request: POST https://api.telegram.org/bot8941505352:AAHsWfhljzdi9hH-pdjzsfA86Ih1YzBEBLA/getUpdates "HTTP/1.1 200 OK"
2026-08-07 02:17:56 | pocket.main          | INFO     | 📊 Bazar skan edilir...
2026-08-07 02:17:57 | pocket.main          | INFO     | ℹ️  M1 üçün siqnal tapılmadı
2026-08-07 02:17:58 | pocket.main          | INFO     | ✅ M5 üçün 1 siqnal tapıldı (Ən yüksək: USD/JPY - 50.0%)
2026-08-07 02:17:59 | pocket.main          | INFO     | ℹ️  M15 üçün siqnal tapılmadı
2026-08-07 02:18:01 | pocket.main          | INFO     | 📊 Bazar skan edilir...
2026-08-07 02:18:02 | pocket.main          | INFO     | ℹ️  M1 üçün siqnal tapılmadı
2026-08-07 02:18:04 | httpx                | INFO     | HTTP Request: POST https://api.telegram.org/bot8941505352:AAHsWfhljzdi9hH-pdjzsfA86Ih1YzBEBLA/getUpdates "HTTP/1.1 200 OK"
2026-08-07 02:18:04 | pocket.main          | INFO     | ✅ M5 üçün 1 siqnal tapıldı (Ən yüksək: USD/JPY - 50.0%)
2026-08-07 02:18:04 | httpx                | INFO     | HTTP Request: POST https://api.telegram.org/bot8941505352:AAHsWfhljzdi9hH-pdjzsfA86Ih1YzBEBLA/sendMessage "HTTP/1.1 200 OK"
2026-08-07 02:18:05 | pocket.main          | INFO     | ℹ️  M15 üçün siqnal tapılmadı
2026-08-07 02:18:06 | httpx                | INFO     | HTTP Request: POST https://api.telegram.org/bot8941505352:AAHsWfhljzdi9hH-pdjzsfA86Ih1YzBEBLA/getUpdates "HTTP/1.1 200 OK"
2026-08-07 02:18:06 | httpx                | INFO     | HTTP Request: POST https://api.telegram.org/bot8941505352:AAHsWfhljzdi9hH-pdjzsfA86Ih1YzBEBLA/answerCallbackQuery "HTTP/1.1 200 OK"
2026-08-07 02:18:06 | httpx                | INFO     | HTTP Request: POST https://api.telegram.org/bot8941505352:AAHsWfhljzdi9hH-pdjzsfA86Ih1YzBEBLA/editMessageText "HTTP/1.1 200 OK"
2026-08-07 02:18:07 | pocket.main          | INFO     | 📊 Bazar skan edilir...
2026-08-07 02:18:08 | httpx                | INFO     | HTTP Request: POST https://api.telegram.org/bot8941505352:AAHsWfhljzdi9hH-pdjzsfA86Ih1YzBEBLA/getUpdates "HTTP/1.1 200 OK"
2026-08-07 02:18:08 | httpx                | INFO     | HTTP Request: POST https://api.telegram.org/bot8941505352:AAHsWfhljzdi9hH-pdjzsfA86Ih1YzBEBLA/answerCallbackQuery "HTTP/1.1 200 OK"
2026-08-07 02:18:08 | httpx                | INFO     | HTTP Request: POST https://api.telegram.org/bot8941505352:AAHsWfhljzdi9hH-pdjzsfA86Ih1YzBEBLA/editMessageText "HTTP/1.1 200 OK"
2026-08-07 02:18:08 | pocket.main          | INFO     | ℹ️  M1 üçün siqnal tapılmadı
2026-08-07 02:18:09 | pocket.main          | INFO     | ✅ M5 üçün 1 siqnal tapıldı (Ən yüksək: USD/JPY - 50.0%)
2026-08-07 02:18:09 | pocket.main          | INFO     | ⚡ Martingale Ticarəti İşə Düşür: USD/JPY BUY (50.0%)
2026-08-07 02:18:09 | core.po_trader       | INFO     | 🚀 Turbo Ticarət ardıcıllığı başlayır: USD/JPY | BUY | TF: 30s
2026-08-07 02:18:09 | core.po_trader       | INFO     | 🎯 Addım 1/4: USD/JPY - CALL $10.0
2026-08-07 02:18:09 | bot.telegram_bot     | ERROR    | Failed to send signal to 8951931885: Unknown error in HTTP implementation: RuntimeError('<asyncio.locks.Event object at 0x00000200CBEBBC90 [unset]> is bound to a different event loop')
2026-08-07 02:18:10 | core.po_trader       | INFO     | ✅ PO Əmri Açıldı: ID=7c7f5a8e-07b9-4705-a655-266f5803351b, $10.0, 30s. İlkin Balans=$68100.18
2026-08-07 02:18:18 | httpx                | INFO     | HTTP Request: POST https://api.telegram.org/bot8941505352:AAHsWfhljzdi9hH-pdjzsfA86Ih1YzBEBLA/getUpdates "HTTP/1.1 200 OK"
2026-08-07 02:18:28 | httpx                | INFO     | HTTP Request: POST https://api.telegram.org/bot8941505352:AAHsWfhljzdi9hH-pdjzsfA86Ih1YzBEBLA/getUpdates "HTTP/1.1 200 OK"
2026-08-07 02:18:38 | httpx                | INFO     | HTTP Request: POST https://api.telegram.org/bot8941505352:AAHsWfhljzdi9hH-pdjzsfA86Ih1YzBEBLA/getUpdates "HTTP/1.1 200 OK"
2026-08-07 02:18:44 | core.po_trader       | INFO     | 📊 PO Server Balans Analizi: Əvvəl=$68100.18 -> Sonra=$68103.78 (Fərq=$3.60)
2026-08-07 02:18:44 | core.po_trader       | INFO     | 🎉 PO REAL QAZANC VERDİ! Profit: +$3.60
2026-08-07 02:18:44 | core.po_trader       | INFO     | ✅ Trade UĞURLU oldu (Addım 1). Martingale sıfırlanır.
2026-08-07 02:18:44 | core.po_trader       | INFO     | ✅ <b>TİCARƏT QAZANDI!</b> 🎉 (Hədəf: 1/3)
💱 USD/JPY (Addım 1)
💵 Qazanc: +$3.60
2026-08-07 02:18:44 | httpx                | INFO     | HTTP Request: POST https://api.telegram.org/bot8941505352:AAHsWfhljzdi9hH-pdjzsfA86Ih1YzBEBLA/sendMessage "HTTP/1.1 200 OK"
2026-08-07 02:18:45 | pocket.main          | INFO     | ℹ️  M15 üçün siqnal tapılmadı
2026-08-07 02:18:47 | pocket.main          | INFO     | 📊 Bazar skan edilir...
2026-08-07 02:18:48 | httpx                | INFO     | HTTP Request: POST https://api.telegram.org/bot8941505352:AAHsWfhljzdi9hH-pdjzsfA86Ih1YzBEBLA/getUpdates "HTTP/1.1 200 OK"
2026-08-07 02:18:49 | pocket.main          | INFO     | ℹ️  M1 üçün siqnal tapılmadı
2026-08-07 02:18:50 | pocket.main          | INFO     | ✅ M5 üçün 1 siqnal tapıldı (Ən yüksək: USD/JPY - 50.0%)
2026-08-07 02:18:50 | pocket.main          | INFO     | ⚡ Martingale Ticarəti İşə Düşür: USD/JPY BUY (50.0%)
2026-08-07 02:18:50 | core.po_trader       | INFO     | 🚀 Turbo Ticarət ardıcıllığı başlayır: USD/JPY | BUY | TF: 30s
2026-08-07 02:18:50 | core.po_trader       | INFO     | 🎯 Addım 1/4: USD/JPY - CALL $10.0
2026-08-07 02:18:51 | httpx                | INFO     | HTTP Request: POST https://api.telegram.org/bot8941505352:AAHsWfhljzdi9hH-pdjzsfA86Ih1YzBEBLA/sendMessage "HTTP/1.1 200 OK"
2026-08-07 02:18:51 | core.po_trader       | INFO     | ✅ PO Əmri Açıldı: ID=54c133df-78c0-4197-9459-3f95e6ef56f5, $10.0, 30s. İlkin Balans=$68103.78
2026-08-07 02:18:59 | httpx                | INFO     | HTTP Request: POST https://api.telegram.org/bot8941505352:AAHsWfhljzdi9hH-pdjzsfA86Ih1YzBEBLA/getUpdates "HTTP/1.1 200 OK"
2026-08-07 02:19:09 | httpx                | INFO     | HTTP Request: POST https://api.telegram.org/bot8941505352:AAHsWfhljzdi9hH-pdjzsfA86Ih1YzBEBLA/getUpdates "HTTP/1.1 200 OK"
2026-08-07 02:19:19 | httpx                | INFO     | HTTP Request: POST https://api.telegram.org/bot8941505352:AAHsWfhljzdi9hH-pdjzsfA86Ih1YzBEBLA/getUpdates "HTTP/1.1 200 OK"
2026-08-07 02:19:25 | core.po_trader       | INFO     | 📊 PO Server Balans Analizi: Əvvəl=$68103.78 -> Sonra=$68093.78 (Fərq=$-10.00)
2026-08-07 02:19:25 | core.po_trader       | INFO     | ❌ PO REAL İTKİ VERDİ. Zərər: -$10.00
2026-08-07 02:19:25 | core.po_trader       | WARNING  | ❌ Trade UĞURSUZ oldu (Addım 1).
2026-08-07 02:19:25 | core.po_trader       | INFO     | 🔄 Martingale növbəti addıma keçir: Addım 2 ($25.0)
2026-08-07 02:19:25 | core.po_trader       | WARNING  | ❌ <b>Ticarət Uğursuz Oldu</b> (Addım 1/4)
💱 USD/JPY - Məbləğ: $10.0
2026-08-07 02:19:25 | httpx                | INFO     | HTTP Request: POST https://api.telegram.org/bot8941505352:AAHsWfhljzdi9hH-pdjzsfA86Ih1YzBEBLA/sendMessage "HTTP/1.1 200 OK"
2026-08-07 02:19:25 | core.po_trader       | INFO     | 🎯 Addım 2/4: USD/JPY - CALL $25.0
2026-08-07 02:19:26 | httpx                | INFO     | HTTP Request: POST https://api.telegram.org/bot8941505352:AAHsWfhljzdi9hH-pdjzsfA86Ih1YzBEBLA/sendMessage "HTTP/1.1 200 OK"
2026-08-07 02:19:26 | core.po_trader       | INFO     | ✅ PO Əmri Açıldı: ID=292db145-d83f-475c-871e-1549298d97dd, $25.0, 30s. İlkin Balans=$68093.78
2026-08-07 02:19:29 | httpx                | INFO     | HTTP Request: POST https://api.telegram.org/bot8941505352:AAHsWfhljzdi9hH-pdjzsfA86Ih1YzBEBLA/getUpdates "HTTP/1.1 200 OK"
2026-08-07 02:19:39 | httpx                | INFO     | HTTP Request: POST https://api.telegram.org/bot8941505352:AAHsWfhljzdi9hH-pdjzsfA86Ih1YzBEBLA/getUpdates "HTTP/1.1 200 OK"
2026-08-07 02:19:49 | httpx                | INFO     | HTTP Request: POST https://api.telegram.org/bot8941505352:AAHsWfhljzdi9hH-pdjzsfA86Ih1YzBEBLA/getUpdates "HTTP/1.1 200 OK"
2026-08-07 02:19:59 | httpx                | INFO     | HTTP Request: POST https://api.telegram.org/bot8941505352:AAHsWfhljzdi9hH-pdjzsfA86Ih1YzBEBLA/getUpdates "HTTP/1.1 200 OK"
2026-08-07 02:20:00 | core.po_trader       | INFO     | 📊 PO Server Balans Analizi: Əvvəl=$68093.78 -> Sonra=$68104.28 (Fərq=$10.50)
2026-08-07 02:20:00 | core.po_trader       | INFO     | 🎉 PO REAL QAZANC VERDİ! Profit: +$10.50
2026-08-07 02:20:00 | core.po_trader       | INFO     | ✅ Trade UĞURLU oldu (Addım 2). Martingale sıfırlanır.
2026-08-07 02:20:00 | core.po_trader       | INFO     | ✅ <b>TİCARƏT QAZANDI!</b> 🎉 (Hədəf: 2/3)
💱 USD/JPY (Addım 2)
💵 Qazanc: +$10.50
2026-08-07 02:20:00 | httpx                | INFO     | HTTP Request: POST https://api.telegram.org/bot8941505352:AAHsWfhljzdi9hH-pdjzsfA86Ih1YzBEBLA/sendMessage "HTTP/1.1 200 OK"
2026-08-07 02:20:02 | pocket.main          | INFO     | ℹ️  M15 üçün siqnal tapılmadı
2026-08-07 02:20:04 | pocket.main          | INFO     | 📊 Bazar skan edilir...
2026-08-07 02:20:05 | pocket.main          | INFO     | ℹ️  M1 üçün siqnal tapılmadı
2026-08-07 02:20:06 | pocket.main          | INFO     | ✅ M5 üçün 1 siqnal tapıldı (Ən yüksək: USD/JPY - 50.0%)
2026-08-07 02:20:07 | pocket.main          | INFO     | ⚡ Martingale Ticarəti İşə Düşür: USD/JPY BUY (50.0%)
2026-08-07 02:20:07 | core.po_trader       | INFO     | 🚀 Turbo Ticarət ardıcıllığı başlayır: USD/JPY | BUY | TF: 30s
2026-08-07 02:20:07 | core.po_trader       | INFO     | 🎯 Addım 1/4: USD/JPY - CALL $10.0
2026-08-07 02:20:07 | httpx                | INFO     | HTTP Request: POST https://api.telegram.org/bot8941505352:AAHsWfhljzdi9hH-pdjzsfA86Ih1YzBEBLA/sendMessage "HTTP/1.1 200 OK"
2026-08-07 02:20:07 | core.po_trader       | INFO     | ✅ PO Əmri Açıldı: ID=5dee9a14-58f4-4111-91a0-59fb7d1e8290, $10.0, 30s. İlkin Balans=$68104.28
2026-08-07 02:20:09 | httpx                | INFO     | HTTP Request: POST https://api.telegram.org/bot8941505352:AAHsWfhljzdi9hH-pdjzsfA86Ih1YzBEBLA/getUpdates "HTTP/1.1 200 OK"
2026-08-07 02:20:19 | httpx                | INFO     | HTTP Request: POST https://api.telegram.org/bot8941505352:AAHsWfhljzdi9hH-pdjzsfA86Ih1YzBEBLA/getUpdates "HTTP/1.1 200 OK"
2026-08-07 02:20:29 | httpx                | INFO     | HTTP Request: POST https://api.telegram.org/bot8941505352:AAHsWfhljzdi9hH-pdjzsfA86Ih1YzBEBLA/getUpdates "HTTP/1.1 200 OK"
2026-08-07 02:20:39 | httpx                | INFO     | HTTP Request: POST https://api.telegram.org/bot8941505352:AAHsWfhljzdi9hH-pdjzsfA86Ih1YzBEBLA/getUpdates "HTTP/1.1 200 OK"
2026-08-07 02:20:41 | core.po_trader       | INFO     | 📊 PO Server Balans Analizi: Əvvəl=$68104.28 -> Sonra=$68108.48 (Fərq=$4.20)
2026-08-07 02:20:41 | core.po_trader       | INFO     | 🎉 PO REAL QAZANC VERDİ! Profit: +$4.20
2026-08-07 02:20:41 | core.po_trader       | INFO     | ✅ Trade UĞURLU oldu (Addım 1). Martingale sıfırlanır.
2026-08-07 02:20:41 | core.po_trader       | INFO     | ✅ <b>TİCARƏT QAZANDI!</b> 🎉 (Hədəf: 3/3)
💱 USD/JPY (Addım 1)
💵 Qazanc: +$4.20
2026-08-07 02:20:42 | httpx                | INFO     | HTTP Request: POST https://api.telegram.org/bot8941505352:AAHsWfhljzdi9hH-pdjzsfA86Ih1YzBEBLA/sendMessage "HTTP/1.1 200 OK"
2026-08-07 02:20:42 | httpx                | INFO     | HTTP Request: POST https://api.telegram.org/bot8941505352:AAHsWfhljzdi9hH-pdjzsfA86Ih1YzBEBLA/sendMessage "HTTP/1.1 200 OK"
2026-08-07 02:20:43 | pocket.main          | INFO     | ℹ️  M15 üçün siqnal tapılmadı
2026-08-07 02:20:45 | pocket.main          | INFO     | 📊 Bazar skan edilir...
2026-08-07 02:20:47 | pocket.main          | INFO     | ℹ️  M1 üçün siqnal tapılmadı
2026-08-07 02:20:48 | httpx                | INFO     | HTTP Request: POST https://api.telegram.org/bot8941505352:AAHsWfhljzdi9hH-pdjzsfA86Ih1YzBEBLA/getUpdates "HTTP/1.1 200 OK"
2026-08-07 02:20:49 | pocket.main          | INFO     | ✅ M5 üçün 1 siqnal tapıldı (Ən yüksək: USD/JPY - 50.0%)
2026-08-07 02:20:49 | httpx                | INFO     | HTTP Request: POST https://api.telegram.org/bot8941505352:AAHsWfhljzdi9hH-pdjzsfA86Ih1YzBEBLA/sendChatAction "HTTP/1.1 200 OK"
2026-08-07 02:20:49 | pocket.main          | INFO     | ⚡ Martingale Ticarəti İşə Düşür: USD/JPY BUY (50.0%)
2026-08-07 02:20:49 | core.po_trader       | INFO     | 🏆 Hədəfə çatıldı (3/3). Avto-ticarət dayandırıldı.
2026-08-07 02:20:49 | httpx                | INFO     | HTTP Request: POST https://api.telegram.org/bot8941505352:AAHsWfhljzdi9hH-pdjzsfA86Ih1YzBEBLA/sendMessage "HTTP/1.1 200 OK"
2026-08-07 02:20:49 | httpx                | INFO     | HTTP Request: POST https://api.telegram.org/bot8941505352:AAHsWfhljzdi9hH-pdjzsfA86Ih1YzBEBLA/sendMessage "HTTP/1.1 200 OK"
2026-08-07 02:20:50 | pocket.main          | INFO     | ℹ️  M15 üçün siqnal tapılmadı
2026-08-07 02:20:53 | pocket.main          | INFO     | 📊 Bazar skan edilir...
2026-08-07 02:20:54 | pocket.main          | INFO     | ℹ️  M1 üçün siqnal tapılmadı
2026-08-07 02:20:55 | pocket.main          | INFO     | ✅ M5 üçün 1 siqnal tapıldı (Ən yüksək: USD/JPY - 50.0%)
2026-08-07 02:20:57 | pocket.main          | INFO     | ℹ️  M15 üçün siqnal tapılmadı
2026-08-07 02:20:59 | httpx                | INFO     | HTTP Request: POST https://api.telegram.org/bot8941505352:AAHsWfhljzdi9hH-pdjzsfA86Ih1YzBEBLA/getUpdates "HTTP/1.1 200 OK"
2026-08-07 02:20:59 | pocket.main          | INFO     | 📊 Bazar skan edilir...
2026-08-07 02:21:00 | pocket.main          | INFO     | ℹ️  M1 üçün siqnal tapılmadı
2026-08-07 02:21:02 | pocket.main          | INFO     | ✅ M5 üçün 1 siqnal tapıldı (Ən yüksək: USD/JPY - 50.0%)
2026-08-07 02:21:03 | pocket.main          | INFO     | ℹ️  M15 üçün siqnal tapılmadı
2026-08-07 02:21:05 | pocket.main          | INFO     | 📊 Bazar skan edilir...
2026-08-07 02:21:07 | pocket.main          | INFO     | ℹ️  M1 üçün siqnal tapılmadı
2026-08-07 02:21:08 | pocket.main          | INFO     | ✅ M5 üçün 1 siqnal tapıldı (Ən yüksək: USD/JPY - 50.0%)
2026-08-07 02:21:09 | httpx                | INFO     | HTTP Request: POST https://api.telegram.org/bot8941505352:AAHsWfhljzdi9hH-pdjzsfA86Ih1YzBEBLA/getUpdates "HTTP/1.1 200 OK"
2026-08-07 02:21:11 | pocket.main          | INFO     | ℹ️  M15 üçün siqnal tapılmadı
2026-08-07 02:21:13 | pocket.main          | INFO     | 📊 Bazar skan edilir...
2026-08-07 02:21:14 | pocket.main          | INFO     | ℹ️  M1 üçün siqnal tapılmadı
2026-08-07 02:21:16 | pocket.main          | INFO     | ✅ M5 üçün 1 siqnal tapıldı (Ən yüksək: USD/JPY - 50.0%)
2026-08-07 02:21:18 | pocket.main          | INFO     | ℹ️  M15 üçün siqnal tapılmadı
2026-08-07 02:21:19 | httpx                | INFO     | HTTP Request: POST https://api.telegram.org/bot8941505352:AAHsWfhljzdi9hH-pdjzsfA86Ih1YzBEBLA/getUpdates "HTTP/1.1 200 OK"
2026-08-07 02:21:20 | pocket.main          | INFO     | 📊 Bazar skan edilir...
2026-08-07 02:21:21 | pocket.main          | INFO     | ℹ️  M1 üçün siqnal tapılmadı
2026-08-07 02:21:22 | pocket.main          | INFO     | ✅ M5 üçün 1 siqnal tapıldı (Ən yüksək: USD/JPY - 50.0%)
2026-08-07 02:21:24 | pocket.main          | INFO     | ℹ️  M15 üçün siqnal tapılmadı
2026-08-07 02:21:26 | pocket.main          | INFO     | 📊 Bazar skan edilir...
2026-08-07 02:21:27 | pocket.main          | INFO     | ℹ️  M1 üçün siqnal tapılmadı
2026-08-07 02:21:29 | pocket.main          | INFO     | ✅ M5 üçün 1 siqnal tapıldı (Ən yüksək: USD/JPY - 50.0%)
2026-08-07 02:21:29 | httpx                | INFO     | HTTP Request: POST https://api.telegram.org/bot8941505352:AAHsWfhljzdi9hH-pdjzsfA86Ih1YzBEBLA/getUpdates "HTTP/1.1 200 OK"
2026-08-07 02:21:31 | pocket.main          | INFO     | ℹ️  M15 üçün siqnal tapılmadı
2026-08-07 02:21:33 | pocket.main          | INFO     | 📊 Bazar skan edilir...
2026-08-07 02:21:34 | pocket.main          | INFO     | ℹ️  M1 üçün siqnal tapılmadı
2026-08-07 02:21:35 | pocket.main          | INFO     | ✅ M5 üçün 1 siqnal tapıldı (Ən yüksək: USD/JPY - 50.0%)
2026-08-07 02:21:37 | pocket.main          | INFO     | ℹ️  M15 üçün siqnal tapılmadı
2026-08-07 02:21:45 | pocket.main          | INFO     | 🚀 Sistem başladılır...
2026-08-07 02:21:45 | pocket.main          | INFO     | ⚙️  Core komponentlər yaradılır...
2026-08-07 02:21:45 | pocket.main          | INFO     | ✅ Core və Martingale komponentlər hazırdır
2026-08-07 02:21:45 | pocket.main          | INFO     | 🔍 Bazar skaneri və Martingale icraçısı işə düşdü
2026-08-07 02:21:45 | pocket.main          | INFO     | 🔍 Martingale Skaneri başladı
2026-08-07 02:21:45 | pocket.main          | INFO     | 🤖 Telegram Bot thread-i başladı
2026-08-07 02:21:45 | core.po_trader       | INFO     | 🔌 Pocket Option-a qoşulunur... (Hesab: DEMO)
2026-08-07 02:21:45 | pocket.main          | INFO     | 🌐 Web Dashboard: http://localhost:5000
2026-08-07 02:21:46 | core.po_trader       | INFO     | ✅ Pocket Option-a uğurla qoşuldu!
2026-08-07 02:21:46 | core.po_trader       | INFO     | 💰 Balans: 68108.48 USD
2026-08-07 02:21:46 | pocket.main          | INFO     | 📊 Bazar skan edilir...
2026-08-07 02:21:46 | pocket.main          | INFO     | 🌐 Web Dashboard işə düşür: http://localhost:5000
2026-08-07 02:21:47 | pocket.main          | INFO     | 🤖 Telegram Bot işə düşür...
2026-08-07 02:21:47 | bot.telegram_bot     | INFO     | Bot starting...
2026-08-07 02:21:47 | httpx                | INFO     | HTTP Request: POST https://api.telegram.org/bot8941505352:AAHsWfhljzdi9hH-pdjzsfA86Ih1YzBEBLA/getMe "HTTP/1.1 200 OK"
2026-08-07 02:21:48 | httpx                | INFO     | HTTP Request: POST https://api.telegram.org/bot8941505352:AAHsWfhljzdi9hH-pdjzsfA86Ih1YzBEBLA/deleteWebhook "HTTP/1.1 200 OK"
2026-08-07 02:21:48 | apscheduler.scheduler | INFO     | Scheduler started
2026-08-07 02:21:48 | telegram.ext.Application | INFO     | Application started
2026-08-07 02:21:48 | bot.handlers         | ERROR    | Network / Bot exception: httpx.ConnectError: 
2026-08-07 02:21:49 | pocket.main          | INFO     | ℹ️  M1 üçün siqnal tapılmadı
2026-08-07 02:21:51 | pocket.main          | INFO     | ✅ M5 üçün 1 siqnal tapıldı (Ən yüksək: USD/JPY - 50.0%)
2026-08-07 02:21:53 | pocket.main          | INFO     | ℹ️  M15 üçün siqnal tapılmadı
2026-08-07 02:21:55 | pocket.main          | INFO     | 📊 Bazar skan edilir...
2026-08-07 02:21:56 | pocket.main          | INFO     | ℹ️  M1 üçün siqnal tapılmadı
2026-08-07 02:21:57 | pocket.main          | INFO     | ✅ M5 üçün 1 siqnal tapıldı (Ən yüksək: USD/JPY - 50.0%)
2026-08-07 02:21:59 | httpx                | INFO     | HTTP Request: POST https://api.telegram.org/bot8941505352:AAHsWfhljzdi9hH-pdjzsfA86Ih1YzBEBLA/getUpdates "HTTP/1.1 200 OK"
2026-08-07 02:21:59 | pocket.main          | INFO     | ℹ️  M15 üçün siqnal tapılmadı
2026-08-07 02:22:01 | pocket.main          | INFO     | 📊 Bazar skan edilir...
2026-08-07 02:22:02 | pocket.main          | INFO     | ℹ️  M1 üçün siqnal tapılmadı
2026-08-07 02:22:04 | pocket.main          | INFO     | ✅ M5 üçün 1 siqnal tapıldı (Ən yüksək: USD/JPY - 50.0%)
2026-08-07 02:22:07 | pocket.main          | INFO     | ℹ️  M15 üçün siqnal tapılmadı
2026-08-07 02:22:09 | pocket.main          | INFO     | 📊 Bazar skan edilir...
2026-08-07 02:22:09 | httpx                | INFO     | HTTP Request: POST https://api.telegram.org/bot8941505352:AAHsWfhljzdi9hH-pdjzsfA86Ih1YzBEBLA/getUpdates "HTTP/1.1 200 OK"
2026-08-07 02:22:10 | pocket.main          | INFO     | ℹ️  M1 üçün siqnal tapılmadı
2026-08-07 02:22:11 | pocket.main          | INFO     | ✅ M5 üçün 1 siqnal tapıldı (Ən yüksək: USD/JPY - 50.0%)
2026-08-07 02:22:13 | pocket.main          | INFO     | ℹ️  M15 üçün siqnal tapılmadı
2026-08-07 02:22:15 | pocket.main          | INFO     | 📊 Bazar skan edilir...
2026-08-07 02:22:16 | pocket.main          | INFO     | ℹ️  M1 üçün siqnal tapılmadı
2026-08-07 02:22:18 | pocket.main          | INFO     | ✅ M5 üçün 1 siqnal tapıldı (Ən yüksək: USD/JPY - 50.0%)
2026-08-07 02:22:19 | httpx                | INFO     | HTTP Request: POST https://api.telegram.org/bot8941505352:AAHsWfhljzdi9hH-pdjzsfA86Ih1YzBEBLA/getUpdates "HTTP/1.1 200 OK"
2026-08-07 02:22:20 | pocket.main          | INFO     | ℹ️  M15 üçün siqnal tapılmadı
2026-08-07 02:22:22 | pocket.main          | INFO     | 📊 Bazar skan edilir...
2026-08-07 02:22:23 | pocket.main          | INFO     | ℹ️  M1 üçün siqnal tapılmadı
2026-08-07 02:22:25 | pocket.main          | INFO     | ✅ M5 üçün 1 siqnal tapıldı (Ən yüksək: USD/JPY - 50.0%)
2026-08-07 02:22:26 | pocket.main          | INFO     | ℹ️  M15 üçün siqnal tapılmadı
2026-08-07 02:22:28 | pocket.main          | INFO     | 📊 Bazar skan edilir...
2026-08-07 02:22:29 | httpx                | INFO     | HTTP Request: POST https://api.telegram.org/bot8941505352:AAHsWfhljzdi9hH-pdjzsfA86Ih1YzBEBLA/getUpdates "HTTP/1.1 200 OK"
2026-08-07 02:22:30 | pocket.main          | INFO     | ℹ️  M1 üçün siqnal tapılmadı
2026-08-07 02:22:31 | pocket.main          | INFO     | ✅ M5 üçün 1 siqnal tapıldı (Ən yüksək: USD/JPY - 50.0%)
2026-08-07 02:22:33 | pocket.main          | INFO     | ℹ️  M15 üçün siqnal tapılmadı
2026-08-07 02:22:35 | pocket.main          | INFO     | 📊 Bazar skan edilir...
2026-08-07 02:22:36 | pocket.main          | INFO     | ℹ️  M1 üçün siqnal tapılmadı
2026-08-07 02:22:37 | pocket.main          | INFO     | ✅ M5 üçün 1 siqnal tapıldı (Ən yüksək: USD/JPY - 50.0%)
2026-08-07 02:22:39 | pocket.main          | INFO     | ℹ️  M15 üçün siqnal tapılmadı
2026-08-07 02:22:40 | httpx                | INFO     | HTTP Request: POST https://api.telegram.org/bot8941505352:AAHsWfhljzdi9hH-pdjzsfA86Ih1YzBEBLA/getUpdates "HTTP/1.1 200 OK"
2026-08-07 02:22:41 | pocket.main          | INFO     | 📊 Bazar skan edilir...
2026-08-07 02:22:43 | pocket.main          | INFO     | ℹ️  M1 üçün siqnal tapılmadı
2026-08-07 02:22:44 | pocket.main          | INFO     | ✅ M5 üçün 1 siqnal tapıldı (Ən yüksək: USD/JPY - 50.0%)
2026-08-07 02:22:47 | pocket.main          | INFO     | ℹ️  M15 üçün siqnal tapılmadı
2026-08-07 02:22:47 | httpx                | INFO     | HTTP Request: POST https://api.telegram.org/bot8941505352:AAHsWfhljzdi9hH-pdjzsfA86Ih1YzBEBLA/getUpdates "HTTP/1.1 200 OK"
2026-08-07 02:22:47 | bot.handlers         | ERROR    | Network / Bot exception: httpx.ConnectError: 
2026-08-07 02:22:49 | pocket.main          | INFO     | 📊 Bazar skan edilir...
2026-08-07 02:22:50 | pocket.main          | INFO     | ℹ️  M1 üçün siqnal tapılmadı
2026-08-07 02:22:51 | pocket.main          | INFO     | ✅ M5 üçün 1 siqnal tapıldı (Ən yüksək: USD/JPY - 50.0%)
2026-08-07 02:22:51 | pocket.main          | INFO     | ⚡ Martingale Ticarəti İşə Düşür: USD/JPY BUY (50.0%)
2026-08-07 02:22:51 | core.po_trader       | INFO     | 🚀 Turbo Ticarət ardıcıllığı başlayır: USD/JPY | BUY | TF: 30s
2026-08-07 02:22:51 | core.po_trader       | INFO     | 🎯 Addım 1/4: USD/JPY - CALL $1.0
2026-08-07 02:22:52 | httpx                | INFO     | HTTP Request: POST https://api.telegram.org/bot8941505352:AAHsWfhljzdi9hH-pdjzsfA86Ih1YzBEBLA/sendMessage "HTTP/1.1 200 OK"
2026-08-07 02:22:52 | core.po_trader       | ERROR    | PO Real Trade Xətası: Not connected to PocketOption
2026-08-07 02:22:52 | core.po_trader       | WARNING  | ❌ Trade UĞURSUZ oldu (Addım 1).
2026-08-07 02:22:52 | core.po_trader       | INFO     | 🔄 Martingale növbəti addıma keçir: Addım 2 ($2.5)
2026-08-07 02:22:52 | core.po_trader       | WARNING  | ❌ <b>Ticarət Uğursuz Oldu</b> (Addım 1/4)
💱 USD/JPY - Məbləğ: $1.0
2026-08-07 02:22:52 | httpx                | INFO     | HTTP Request: POST https://api.telegram.org/bot8941505352:AAHsWfhljzdi9hH-pdjzsfA86Ih1YzBEBLA/sendMessage "HTTP/1.1 200 OK"
2026-08-07 02:22:53 | core.po_trader       | INFO     | 🎯 Addım 2/4: USD/JPY - CALL $2.5
2026-08-07 02:22:53 | httpx                | INFO     | HTTP Request: POST https://api.telegram.org/bot8941505352:AAHsWfhljzdi9hH-pdjzsfA86Ih1YzBEBLA/sendMessage "HTTP/1.1 200 OK"
2026-08-07 02:22:53 | core.po_trader       | ERROR    | PO Real Trade Xətası: Not connected to PocketOption
2026-08-07 02:22:53 | core.po_trader       | WARNING  | ❌ Trade UĞURSUZ oldu (Addım 2).
2026-08-07 02:22:53 | core.po_trader       | INFO     | 🔄 Martingale növbəti addıma keçir: Addım 3 ($6.5)
2026-08-07 02:22:53 | core.po_trader       | WARNING  | ❌ <b>Ticarət Uğursuz Oldu</b> (Addım 2/4)
💱 USD/JPY - Məbləğ: $2.5
2026-08-07 02:22:53 | httpx                | INFO     | HTTP Request: POST https://api.telegram.org/bot8941505352:AAHsWfhljzdi9hH-pdjzsfA86Ih1YzBEBLA/sendMessage "HTTP/1.1 200 OK"
2026-08-07 02:22:54 | core.po_trader       | INFO     | 🎯 Addım 3/4: USD/JPY - CALL $6.5
2026-08-07 02:22:54 | httpx                | INFO     | HTTP Request: POST https://api.telegram.org/bot8941505352:AAHsWfhljzdi9hH-pdjzsfA86Ih1YzBEBLA/sendMessage "HTTP/1.1 200 OK"
2026-08-07 02:22:54 | core.po_trader       | ERROR    | PO Real Trade Xətası: Not connected to PocketOption
2026-08-07 02:22:54 | core.po_trader       | WARNING  | ❌ Trade UĞURSUZ oldu (Addım 3).
2026-08-07 02:22:54 | core.po_trader       | INFO     | 🔄 Martingale növbəti addıma keçir: Addım 4 ($16.5)
2026-08-07 02:22:54 | core.po_trader       | WARNING  | ❌ <b>Ticarət Uğursuz Oldu</b> (Addım 3/4)
💱 USD/JPY - Məbləğ: $6.5
2026-08-07 02:22:54 | httpx                | INFO     | HTTP Request: POST https://api.telegram.org/bot8941505352:AAHsWfhljzdi9hH-pdjzsfA86Ih1YzBEBLA/sendMessage "HTTP/1.1 200 OK"
2026-08-07 02:22:55 | core.po_trader       | INFO     | 🎯 Addım 4/4: USD/JPY - CALL $16.5
2026-08-07 02:22:55 | httpx                | INFO     | HTTP Request: POST https://api.telegram.org/bot8941505352:AAHsWfhljzdi9hH-pdjzsfA86Ih1YzBEBLA/sendMessage "HTTP/1.1 200 OK"
2026-08-07 02:22:55 | core.po_trader       | ERROR    | PO Real Trade Xətası: Not connected to PocketOption
2026-08-07 02:22:55 | core.po_trader       | WARNING  | ❌ Trade UĞURSUZ oldu (Addım 4).
2026-08-07 02:22:55 | core.po_trader       | ERROR    | 🛑 Maksimum Martingale addımına (4) çatıldı. Sıfırlanır.
2026-08-07 02:22:55 | core.po_trader       | WARNING  | ❌ <b>Ticarət Uğursuz Oldu</b> (Addım 4/4)
💱 USD/JPY - Məbləğ: $16.5
2026-08-07 02:22:56 | httpx                | INFO     | HTTP Request: POST https://api.telegram.org/bot8941505352:AAHsWfhljzdi9hH-pdjzsfA86Ih1YzBEBLA/sendMessage "HTTP/1.1 200 OK"
2026-08-07 02:22:56 | httpx                | INFO     | HTTP Request: POST https://api.telegram.org/bot8941505352:AAHsWfhljzdi9hH-pdjzsfA86Ih1YzBEBLA/sendMessage "HTTP/1.1 200 OK"
2026-08-07 02:22:57 | httpx                | INFO     | HTTP Request: POST https://api.telegram.org/bot8941505352:AAHsWfhljzdi9hH-pdjzsfA86Ih1YzBEBLA/getUpdates "HTTP/1.1 200 OK"
2026-08-07 02:22:58 | pocket.main          | INFO     | ℹ️  M15 üçün siqnal tapılmadı
2026-08-07 02:23:00 | pocket.main          | INFO     | 📊 Bazar skan edilir...
2026-08-07 02:23:01 | pocket.main          | INFO     | ℹ️  M1 üçün siqnal tapılmadı
2026-08-07 02:23:03 | pocket.main          | INFO     | ✅ M5 üçün 1 siqnal tapıldı (Ən yüksək: USD/JPY - 50.0%)
2026-08-07 02:23:03 | pocket.main          | INFO     | ⚡ Martingale Ticarəti İşə Düşür: USD/JPY BUY (50.0%)
2026-08-07 02:23:03 | core.po_trader       | INFO     | 🚀 Turbo Ticarət ardıcıllığı başlayır: USD/JPY | BUY | TF: 30s
2026-08-07 02:23:03 | core.po_trader       | INFO     | 🎯 Addım 1/4: USD/JPY - CALL $1.0
2026-08-07 02:23:03 | httpx                | INFO     | HTTP Request: POST https://api.telegram.org/bot8941505352:AAHsWfhljzdi9hH-pdjzsfA86Ih1YzBEBLA/sendMessage "HTTP/1.1 200 OK"
2026-08-07 02:23:03 | core.po_trader       | ERROR    | PO Real Trade Xətası: Not connected to PocketOption
2026-08-07 02:23:03 | core.po_trader       | WARNING  | ❌ Trade UĞURSUZ oldu (Addım 1).
2026-08-07 02:23:03 | core.po_trader       | INFO     | 🔄 Martingale növbəti addıma keçir: Addım 2 ($2.5)
2026-08-07 02:23:03 | core.po_trader       | WARNING  | ❌ <b>Ticarət Uğursuz Oldu</b> (Addım 1/4)
💱 USD/JPY - Məbləğ: $1.0
2026-08-07 02:23:04 | httpx                | INFO     | HTTP Request: POST https://api.telegram.org/bot8941505352:AAHsWfhljzdi9hH-pdjzsfA86Ih1YzBEBLA/sendMessage "HTTP/1.1 200 OK"
2026-08-07 02:23:04 | core.po_trader       | INFO     | 🎯 Addım 2/4: USD/JPY - CALL $2.5
2026-08-07 02:23:05 | httpx                | INFO     | HTTP Request: POST https://api.telegram.org/bot8941505352:AAHsWfhljzdi9hH-pdjzsfA86Ih1YzBEBLA/sendMessage "HTTP/1.1 200 OK"
2026-08-07 02:23:05 | core.po_trader       | ERROR    | PO Real Trade Xətası: Not connected to PocketOption
2026-08-07 02:23:05 | core.po_trader       | WARNING  | ❌ Trade UĞURSUZ oldu (Addım 2).
2026-08-07 02:23:05 | core.po_trader       | INFO     | 🔄 Martingale növbəti addıma keçir: Addım 3 ($6.5)
2026-08-07 02:23:05 | core.po_trader       | WARNING  | ❌ <b>Ticarət Uğursuz Oldu</b> (Addım 2/4)
💱 USD/JPY - Məbləğ: $2.5
2026-08-07 02:23:05 | httpx                | INFO     | HTTP Request: POST https://api.telegram.org/bot8941505352:AAHsWfhljzdi9hH-pdjzsfA86Ih1YzBEBLA/sendMessage "HTTP/1.1 200 OK"
2026-08-07 02:23:05 | core.po_trader       | INFO     | 🎯 Addım 3/4: USD/JPY - CALL $6.5
2026-08-07 02:23:06 | httpx                | INFO     | HTTP Request: POST https://api.telegram.org/bot8941505352:AAHsWfhljzdi9hH-pdjzsfA86Ih1YzBEBLA/sendMessage "HTTP/1.1 200 OK"
2026-08-07 02:23:06 | core.po_trader       | ERROR    | PO Real Trade Xətası: Not connected to PocketOption
2026-08-07 02:23:06 | core.po_trader       | WARNING  | ❌ Trade UĞURSUZ oldu (Addım 3).
2026-08-07 02:23:06 | core.po_trader       | INFO     | 🔄 Martingale növbəti addıma keçir: Addım 4 ($16.5)
2026-08-07 02:23:06 | core.po_trader       | WARNING  | ❌ <b>Ticarət Uğursuz Oldu</b> (Addım 3/4)
💱 USD/JPY - Məbləğ: $6.5
2026-08-07 02:23:06 | httpx                | INFO     | HTTP Request: POST https://api.telegram.org/bot8941505352:AAHsWfhljzdi9hH-pdjzsfA86Ih1YzBEBLA/sendMessage "HTTP/1.1 200 OK"
2026-08-07 02:23:07 | core.po_trader       | INFO     | 🎯 Addım 4/4: USD/JPY - CALL $16.5
2026-08-07 02:23:07 | httpx                | INFO     | HTTP Request: POST https://api.telegram.org/bot8941505352:AAHsWfhljzdi9hH-pdjzsfA86Ih1YzBEBLA/sendMessage "HTTP/1.1 200 OK"
2026-08-07 02:23:07 | core.po_trader       | ERROR    | PO Real Trade Xətası: Not connected to PocketOption
2026-08-07 02:23:07 | core.po_trader       | WARNING  | ❌ Trade UĞURSUZ oldu (Addım 4).
2026-08-07 02:23:07 | core.po_trader       | ERROR    | 🛑 Maksimum Martingale addımına (4) çatıldı. Sıfırlanır.
2026-08-07 02:23:07 | core.po_trader       | WARNING  | ❌ <b>Ticarət Uğursuz Oldu</b> (Addım 4/4)
💱 USD/JPY - Məbləğ: $16.5
2026-08-07 02:23:07 | httpx                | INFO     | HTTP Request: POST https://api.telegram.org/bot8941505352:AAHsWfhljzdi9hH-pdjzsfA86Ih1YzBEBLA/sendMessage "HTTP/1.1 200 OK"
2026-08-07 02:23:07 | httpx                | INFO     | HTTP Request: POST https://api.telegram.org/bot8941505352:AAHsWfhljzdi9hH-pdjzsfA86Ih1YzBEBLA/sendMessage "HTTP/1.1 200 OK"
2026-08-07 02:23:08 | httpx                | INFO     | HTTP Request: POST https://api.telegram.org/bot8941505352:AAHsWfhljzdi9hH-pdjzsfA86Ih1YzBEBLA/getUpdates "HTTP/1.1 200 OK"
2026-08-07 02:23:09 | pocket.main          | INFO     | ℹ️  M15 üçün siqnal tapılmadı
2026-08-07 02:23:12 | pocket.main          | INFO     | 📊 Bazar skan edilir...
2026-08-07 02:23:13 | pocket.main          | INFO     | ℹ️  M1 üçün siqnal tapılmadı
2026-08-07 02:23:14 | pocket.main          | INFO     | ✅ M5 üçün 1 siqnal tapıldı (Ən yüksək: USD/JPY - 50.0%)
2026-08-07 02:23:15 | pocket.main          | INFO     | ⚡ Martingale Ticarəti İşə Düşür: USD/JPY BUY (50.0%)
2026-08-07 02:23:15 | core.po_trader       | INFO     | 🚀 Turbo Ticarət ardıcıllığı başlayır: USD/JPY | BUY | TF: 30s
2026-08-07 02:23:15 | core.po_trader       | INFO     | 🎯 Addım 1/4: USD/JPY - CALL $1.0
2026-08-07 02:23:15 | httpx                | INFO     | HTTP Request: POST https://api.telegram.org/bot8941505352:AAHsWfhljzdi9hH-pdjzsfA86Ih1YzBEBLA/sendMessage "HTTP/1.1 200 OK"
2026-08-07 02:23:15 | core.po_trader       | ERROR    | PO Real Trade Xətası: Not connected to PocketOption
2026-08-07 02:23:15 | core.po_trader       | WARNING  | ❌ Trade UĞURSUZ oldu (Addım 1).
2026-08-07 02:23:15 | core.po_trader       | INFO     | 🔄 Martingale növbəti addıma keçir: Addım 2 ($2.5)
2026-08-07 02:23:15 | core.po_trader       | WARNING  | ❌ <b>Ticarət Uğursuz Oldu</b> (Addım 1/4)
💱 USD/JPY - Məbləğ: $1.0
2026-08-07 02:23:15 | httpx                | INFO     | HTTP Request: POST https://api.telegram.org/bot8941505352:AAHsWfhljzdi9hH-pdjzsfA86Ih1YzBEBLA/sendMessage "HTTP/1.1 200 OK"
2026-08-07 02:23:16 | core.po_trader       | INFO     | 🎯 Addım 2/4: USD/JPY - CALL $2.5
2026-08-07 02:23:16 | httpx                | INFO     | HTTP Request: POST https://api.telegram.org/bot8941505352:AAHsWfhljzdi9hH-pdjzsfA86Ih1YzBEBLA/sendMessage "HTTP/1.1 200 OK"
2026-08-07 02:23:16 | core.po_trader       | ERROR    | PO Real Trade Xətası: Not connected to PocketOption
2026-08-07 02:23:16 | core.po_trader       | WARNING  | ❌ Trade UĞURSUZ oldu (Addım 2).
2026-08-07 02:23:16 | core.po_trader       | INFO     | 🔄 Martingale növbəti addıma keçir: Addım 3 ($6.5)
2026-08-07 02:23:16 | core.po_trader       | WARNING  | ❌ <b>Ticarət Uğursuz Oldu</b> (Addım 2/4)
💱 USD/JPY - Məbləğ: $2.5
2026-08-07 02:23:16 | httpx                | INFO     | HTTP Request: POST https://api.telegram.org/bot8941505352:AAHsWfhljzdi9hH-pdjzsfA86Ih1YzBEBLA/getUpdates "HTTP/1.1 200 OK"
2026-08-07 02:23:17 | httpx                | INFO     | HTTP Request: POST https://api.telegram.org/bot8941505352:AAHsWfhljzdi9hH-pdjzsfA86Ih1YzBEBLA/sendMessage "HTTP/1.1 200 OK"
2026-08-07 02:23:17 | bot.handlers         | ERROR    | Network / Bot exception: httpx.ConnectError: 
2026-08-07 02:23:17 | core.po_trader       | INFO     | 🎯 Addım 3/4: USD/JPY - CALL $6.5
2026-08-07 02:23:18 | httpx                | INFO     | HTTP Request: POST https://api.telegram.org/bot8941505352:AAHsWfhljzdi9hH-pdjzsfA86Ih1YzBEBLA/sendMessage "HTTP/1.1 200 OK"
2026-08-07 02:23:18 | core.po_trader       | ERROR    | PO Real Trade Xətası: Not connected to PocketOption
2026-08-07 02:23:18 | core.po_trader       | WARNING  | ❌ Trade UĞURSUZ oldu (Addım 3).
2026-08-07 02:23:18 | core.po_trader       | INFO     | 🔄 Martingale növbəti addıma keçir: Addım 4 ($16.5)
2026-08-07 02:23:18 | core.po_trader       | WARNING  | ❌ <b>Ticarət Uğursuz Oldu</b> (Addım 3/4)
💱 USD/JPY - Məbləğ: $6.5
2026-08-07 02:23:18 | httpx                | INFO     | HTTP Request: POST https://api.telegram.org/bot8941505352:AAHsWfhljzdi9hH-pdjzsfA86Ih1YzBEBLA/sendMessage "HTTP/1.1 200 OK"
2026-08-07 02:23:19 | core.po_trader       | INFO     | 🎯 Addım 4/4: USD/JPY - CALL $16.5
2026-08-07 02:23:19 | httpx                | INFO     | HTTP Request: POST https://api.telegram.org/bot8941505352:AAHsWfhljzdi9hH-pdjzsfA86Ih1YzBEBLA/sendMessage "HTTP/1.1 200 OK"
2026-08-07 02:23:19 | core.po_trader       | ERROR    | PO Real Trade Xətası: Not connected to PocketOption
2026-08-07 02:23:19 | core.po_trader       | WARNING  | ❌ Trade UĞURSUZ oldu (Addım 4).
2026-08-07 02:23:19 | core.po_trader       | ERROR    | 🛑 Maksimum Martingale addımına (4) çatıldı. Sıfırlanır.
2026-08-07 02:23:19 | core.po_trader       | WARNING  | ❌ <b>Ticarət Uğursuz Oldu</b> (Addım 4/4)
💱 USD/JPY - Məbləğ: $16.5
2026-08-07 02:23:19 | httpx                | INFO     | HTTP Request: POST https://api.telegram.org/bot8941505352:AAHsWfhljzdi9hH-pdjzsfA86Ih1YzBEBLA/sendMessage "HTTP/1.1 200 OK"
2026-08-07 02:23:19 | httpx                | INFO     | HTTP Request: POST https://api.telegram.org/bot8941505352:AAHsWfhljzdi9hH-pdjzsfA86Ih1YzBEBLA/sendMessage "HTTP/1.1 200 OK"
2026-08-07 02:23:21 | pocket.main          | INFO     | ℹ️  M15 üçün siqnal tapılmadı
2026-08-07 02:23:23 | pocket.main          | INFO     | 📊 Bazar skan edilir...
2026-08-07 02:23:25 | pocket.main          | INFO     | ℹ️  M1 üçün siqnal tapılmadı
2026-08-07 02:23:26 | pocket.main          | INFO     | ✅ M5 üçün 1 siqnal tapıldı (Ən yüksək: USD/JPY - 50.0%)
2026-08-07 02:23:27 | httpx                | INFO     | HTTP Request: POST https://api.telegram.org/bot8941505352:AAHsWfhljzdi9hH-pdjzsfA86Ih1YzBEBLA/getUpdates "HTTP/1.1 200 OK"
2026-08-07 02:23:28 | pocket.main          | INFO     | ℹ️  M15 üçün siqnal tapılmadı
2026-08-07 02:23:30 | pocket.main          | INFO     | 📊 Bazar skan edilir...
2026-08-07 02:23:31 | pocket.main          | INFO     | ℹ️  M1 üçün siqnal tapılmadı
2026-08-07 02:23:32 | pocket.main          | INFO     | ✅ M5 üçün 1 siqnal tapıldı (Ən yüksək: USD/JPY - 50.0%)
2026-08-07 02:23:34 | pocket.main          | INFO     | ℹ️  M15 üçün siqnal tapılmadı
2026-08-07 02:23:36 | pocket.main          | INFO     | 📊 Bazar skan edilir...
2026-08-07 02:23:37 | httpx                | INFO     | HTTP Request: POST https://api.telegram.org/bot8941505352:AAHsWfhljzdi9hH-pdjzsfA86Ih1YzBEBLA/getUpdates "HTTP/1.1 200 OK"
2026-08-07 02:23:37 | pocket.main          | INFO     | ℹ️  M1 üçün siqnal tapılmadı
2026-08-07 02:23:39 | pocket.main          | INFO     | ✅ M5 üçün 1 siqnal tapıldı (Ən yüksək: USD/JPY - 50.0%)
2026-08-07 02:23:40 | pocket.main          | INFO     | ℹ️  M15 üçün siqnal tapılmadı
2026-08-07 02:23:42 | pocket.main          | INFO     | 📊 Bazar skan edilir...
2026-08-07 02:23:43 | pocket.main          | INFO     | ℹ️  M1 üçün siqnal tapılmadı
2026-08-07 02:23:45 | pocket.main          | INFO     | ✅ M5 üçün 1 siqnal tapıldı (Ən yüksək: USD/JPY - 50.0%)
2026-08-07 02:23:47 | pocket.main          | INFO     | ℹ️  M15 üçün siqnal tapılmadı
2026-08-07 02:23:47 | httpx                | INFO     | HTTP Request: POST https://api.telegram.org/bot8941505352:AAHsWfhljzdi9hH-pdjzsfA86Ih1YzBEBLA/getUpdates "HTTP/1.1 200 OK"
2026-08-07 02:23:49 | pocket.main          | INFO     | 📊 Bazar skan edilir...
2026-08-07 02:24:19 | pocket.main          | INFO     | 🚀 Sistem başladılır...
2026-08-07 02:24:19 | pocket.main          | INFO     | ⚙️  Core komponentlər yaradılır...
2026-08-07 02:24:19 | pocket.main          | INFO     | ✅ Core və Martingale komponentlər hazırdır
2026-08-07 02:24:19 | pocket.main          | INFO     | 🔍 Bazar skaneri və Martingale icraçısı işə düşdü
2026-08-07 02:24:19 | pocket.main          | INFO     | 🔍 Martingale Skaneri başladı
2026-08-07 02:24:19 | pocket.main          | INFO     | 🤖 Telegram Bot thread-i başladı
2026-08-07 02:24:19 | pocket.main          | INFO     | 🌐 Web Dashboard: http://localhost:5000
2026-08-07 02:24:19 | core.po_trader       | INFO     | 🔌 Pocket Option-a qoşulunur... (Hesab: DEMO)
2026-08-07 02:24:20 | core.po_trader       | INFO     | ✅ Pocket Option-a uğurla qoşuldu!
2026-08-07 02:24:20 | core.po_trader       | INFO     | 💰 Balans: 68108.48 USD
2026-08-07 02:24:20 | pocket.main          | INFO     | 📊 Bazar skan edilir...
2026-08-07 02:24:20 | pocket.main          | INFO     | 🌐 Web Dashboard işə düşür: http://localhost:5000
2026-08-07 02:24:21 | pocket.main          | INFO     | 🤖 Telegram Bot işə düşür...
2026-08-07 02:24:21 | bot.telegram_bot     | INFO     | Bot starting...
2026-08-07 02:24:21 | httpx                | INFO     | HTTP Request: POST https://api.telegram.org/bot8941505352:AAHsWfhljzdi9hH-pdjzsfA86Ih1YzBEBLA/getMe "HTTP/1.1 200 OK"
2026-08-07 02:24:22 | httpx                | INFO     | HTTP Request: POST https://api.telegram.org/bot8941505352:AAHsWfhljzdi9hH-pdjzsfA86Ih1YzBEBLA/deleteWebhook "HTTP/1.1 200 OK"
2026-08-07 02:24:22 | apscheduler.scheduler | INFO     | Scheduler started
2026-08-07 02:24:22 | telegram.ext.Application | INFO     | Application started
2026-08-07 02:24:22 | pocket.main          | INFO     | ℹ️  M1 üçün siqnal tapılmadı
2026-08-07 02:24:24 | pocket.main          | INFO     | ✅ M5 üçün 1 siqnal tapıldı (Ən yüksək: USD/JPY - 50.0%)
2026-08-07 02:24:26 | pocket.main          | INFO     | ℹ️  M15 üçün siqnal tapılmadı
2026-08-07 02:24:28 | pocket.main          | INFO     | 📊 Bazar skan edilir...
2026-08-07 02:24:29 | pocket.main          | INFO     | ℹ️  M1 üçün siqnal tapılmadı
2026-08-07 02:24:30 | pocket.main          | INFO     | ✅ M5 üçün 1 siqnal tapıldı (Ən yüksək: USD/JPY - 50.0%)
2026-08-07 02:24:32 | pocket.main          | INFO     | ℹ️  M15 üçün siqnal tapılmadı
2026-08-07 02:24:34 | pocket.main          | INFO     | 📊 Bazar skan edilir...
2026-08-07 02:24:35 | pocket.main          | INFO     | ℹ️  M1 üçün siqnal tapılmadı
2026-08-07 02:24:37 | httpx                | INFO     | HTTP Request: POST https://api.telegram.org/bot8941505352:AAHsWfhljzdi9hH-pdjzsfA86Ih1YzBEBLA/getUpdates "HTTP/1.1 200 OK"
2026-08-07 02:24:37 | pocket.main          | INFO     | ✅ M5 üçün 1 siqnal tapıldı (Ən yüksək: USD/JPY - 50.0%)
2026-08-07 02:24:39 | pocket.main          | INFO     | ℹ️  M15 üçün siqnal tapılmadı
2026-08-07 02:24:41 | pocket.main          | INFO     | 📊 Bazar skan edilir...
2026-08-07 02:24:42 | pocket.main          | INFO     | ℹ️  M1 üçün siqnal tapılmadı
2026-08-07 02:24:44 | pocket.main          | INFO     | ✅ M5 üçün 1 siqnal tapıldı (Ən yüksək: USD/JPY - 50.0%)
2026-08-07 02:24:45 | pocket.main          | INFO     | ℹ️  M15 üçün siqnal tapılmadı
2026-08-07 02:24:47 | httpx                | INFO     | HTTP Request: POST https://api.telegram.org/bot8941505352:AAHsWfhljzdi9hH-pdjzsfA86Ih1YzBEBLA/getUpdates "HTTP/1.1 200 OK"
2026-08-07 02:24:47 | pocket.main          | INFO     | 📊 Bazar skan edilir...
2026-08-07 02:24:49 | pocket.main          | INFO     | ℹ️  M1 üçün siqnal tapılmadı
2026-08-07 02:24:50 | pocket.main          | INFO     | ✅ M5 üçün 1 siqnal tapıldı (Ən yüksək: USD/JPY - 50.0%)
2026-08-07 02:24:52 | pocket.main          | INFO     | ℹ️  M15 üçün siqnal tapılmadı
2026-08-07 02:24:54 | pocket.main          | INFO     | 📊 Bazar skan edilir...
2026-08-07 02:24:56 | pocket.main          | INFO     | ℹ️  M1 üçün siqnal tapılmadı
2026-08-07 02:24:57 | pocket.main          | INFO     | ✅ M5 üçün 1 siqnal tapıldı (Ən yüksək: USD/JPY - 50.0%)
2026-08-07 02:24:57 | httpx                | INFO     | HTTP Request: POST https://api.telegram.org/bot8941505352:AAHsWfhljzdi9hH-pdjzsfA86Ih1YzBEBLA/getUpdates "HTTP/1.1 200 OK"
2026-08-07 02:24:58 | pocket.main          | INFO     | ℹ️  M15 üçün siqnal tapılmadı
2026-08-07 02:25:00 | pocket.main          | INFO     | 📊 Bazar skan edilir...
2026-08-07 02:25:02 | pocket.main          | INFO     | ℹ️  M1 üçün siqnal tapılmadı
2026-08-07 02:25:02 | httpx                | INFO     | HTTP Request: POST https://api.telegram.org/bot8941505352:AAHsWfhljzdi9hH-pdjzsfA86Ih1YzBEBLA/getUpdates "HTTP/1.1 200 OK"
2026-08-07 02:25:02 | bot.handlers         | ERROR    | Network / Bot exception: httpx.ConnectError: 
2026-08-07 02:25:03 | pocket.main          | INFO     | ✅ M5 üçün 1 siqnal tapıldı (Ən yüksək: USD/JPY - 50.0%)
2026-08-07 02:25:04 | pocket.main          | INFO     | ⚡ Martingale Ticarəti İşə Düşür: USD/JPY BUY (50.0%)
2026-08-07 02:25:04 | core.po_trader       | INFO     | 🚀 Turbo Ticarət ardıcıllığı başlayır: USD/JPY | BUY | TF: 30s
2026-08-07 02:25:04 | core.po_trader       | INFO     | 🎯 Addım 1/4: USD/JPY - CALL $1.0
2026-08-07 02:25:04 | httpx                | INFO     | HTTP Request: POST https://api.telegram.org/bot8941505352:AAHsWfhljzdi9hH-pdjzsfA86Ih1YzBEBLA/sendMessage "HTTP/1.1 200 OK"
2026-08-07 02:25:04 | core.po_trader       | INFO     | ✅ PO Əmri Açıldı: ID=35516ccc-2b3a-4986-9c32-f6bea3499c66, $1.0, 30s. İlkin Balans=$68108.48
2026-08-07 02:25:11 | httpx                | INFO     | HTTP Request: POST https://api.telegram.org/bot8941505352:AAHsWfhljzdi9hH-pdjzsfA86Ih1YzBEBLA/getUpdates "HTTP/1.1 200 OK"
2026-08-07 02:25:11 | httpx                | INFO     | HTTP Request: POST https://api.telegram.org/bot8941505352:AAHsWfhljzdi9hH-pdjzsfA86Ih1YzBEBLA/sendMessage "HTTP/1.1 200 OK"
2026-08-07 02:25:15 | httpx                | INFO     | HTTP Request: POST https://api.telegram.org/bot8941505352:AAHsWfhljzdi9hH-pdjzsfA86Ih1YzBEBLA/getUpdates "HTTP/1.1 200 OK"
2026-08-07 02:25:15 | httpx                | INFO     | HTTP Request: POST https://api.telegram.org/bot8941505352:AAHsWfhljzdi9hH-pdjzsfA86Ih1YzBEBLA/sendMessage "HTTP/1.1 200 OK"
2026-08-07 02:25:17 | httpx                | INFO     | HTTP Request: POST https://api.telegram.org/bot8941505352:AAHsWfhljzdi9hH-pdjzsfA86Ih1YzBEBLA/getUpdates "HTTP/1.1 200 OK"
2026-08-07 02:25:17 | httpx                | INFO     | HTTP Request: POST https://api.telegram.org/bot8941505352:AAHsWfhljzdi9hH-pdjzsfA86Ih1YzBEBLA/answerCallbackQuery "HTTP/1.1 200 OK"
2026-08-07 02:25:17 | httpx                | INFO     | HTTP Request: POST https://api.telegram.org/bot8941505352:AAHsWfhljzdi9hH-pdjzsfA86Ih1YzBEBLA/editMessageText "HTTP/1.1 200 OK"
2026-08-07 02:25:18 | httpx                | INFO     | HTTP Request: POST https://api.telegram.org/bot8941505352:AAHsWfhljzdi9hH-pdjzsfA86Ih1YzBEBLA/getUpdates "HTTP/1.1 200 OK"
2026-08-07 02:25:18 | httpx                | INFO     | HTTP Request: POST https://api.telegram.org/bot8941505352:AAHsWfhljzdi9hH-pdjzsfA86Ih1YzBEBLA/answerCallbackQuery "HTTP/1.1 200 OK"
2026-08-07 02:25:18 | httpx                | INFO     | HTTP Request: POST https://api.telegram.org/bot8941505352:AAHsWfhljzdi9hH-pdjzsfA86Ih1YzBEBLA/editMessageText "HTTP/1.1 200 OK"
2026-08-07 02:25:18 | httpx                | INFO     | HTTP Request: POST https://api.telegram.org/bot8941505352:AAHsWfhljzdi9hH-pdjzsfA86Ih1YzBEBLA/sendMessage "HTTP/1.1 200 OK"
2026-08-07 02:25:21 | httpx                | INFO     | HTTP Request: POST https://api.telegram.org/bot8941505352:AAHsWfhljzdi9hH-pdjzsfA86Ih1YzBEBLA/getUpdates "HTTP/1.1 200 OK"
2026-08-07 02:25:21 | httpx                | INFO     | HTTP Request: POST https://api.telegram.org/bot8941505352:AAHsWfhljzdi9hH-pdjzsfA86Ih1YzBEBLA/sendMessage "HTTP/1.1 200 OK"
2026-08-07 02:25:31 | httpx                | INFO     | HTTP Request: POST https://api.telegram.org/bot8941505352:AAHsWfhljzdi9hH-pdjzsfA86Ih1YzBEBLA/getUpdates "HTTP/1.1 200 OK"
2026-08-07 02:25:38 | core.po_trader       | INFO     | 📊 PO Server Balans Analizi: Əvvəl=$68108.48 -> Sonra=$68107.48 (Fərq=$-1.00)
2026-08-07 02:25:38 | core.po_trader       | INFO     | ❌ PO REAL İTKİ VERDİ. Zərər: -$1.00
2026-08-07 02:25:38 | core.po_trader       | WARNING  | ❌ Trade UĞURSUZ oldu (Addım 1).
2026-08-07 02:25:38 | core.po_trader       | INFO     | 🔄 Martingale növbəti addıma keçir: Addım 2 ($25.0)
2026-08-07 02:25:38 | core.po_trader       | WARNING  | ❌ <b>Ticarət Uğursuz Oldu</b> (Addım 1/4)
💱 USD/JPY - Məbləğ: $1.0
2026-08-07 02:25:39 | httpx                | INFO     | HTTP Request: POST https://api.telegram.org/bot8941505352:AAHsWfhljzdi9hH-pdjzsfA86Ih1YzBEBLA/sendMessage "HTTP/1.1 200 OK"
2026-08-07 02:25:39 | core.po_trader       | INFO     | 🎯 Addım 2/4: USD/JPY - CALL $25.0
2026-08-07 02:25:39 | httpx                | INFO     | HTTP Request: POST https://api.telegram.org/bot8941505352:AAHsWfhljzdi9hH-pdjzsfA86Ih1YzBEBLA/sendMessage "HTTP/1.1 200 OK"
2026-08-07 02:25:39 | core.po_trader       | INFO     | ✅ PO Əmri Açıldı: ID=9492fae8-f2a3-4f36-95ff-da0983f98b5d, $25.0, 30s. İlkin Balans=$68107.48
2026-08-07 02:25:41 | httpx                | INFO     | HTTP Request: POST https://api.telegram.org/bot8941505352:AAHsWfhljzdi9hH-pdjzsfA86Ih1YzBEBLA/getUpdates "HTTP/1.1 200 OK"
2026-08-07 02:25:51 | httpx                | INFO     | HTTP Request: POST https://api.telegram.org/bot8941505352:AAHsWfhljzdi9hH-pdjzsfA86Ih1YzBEBLA/getUpdates "HTTP/1.1 200 OK"
2026-08-07 02:26:01 | httpx                | INFO     | HTTP Request: POST https://api.telegram.org/bot8941505352:AAHsWfhljzdi9hH-pdjzsfA86Ih1YzBEBLA/getUpdates "HTTP/1.1 200 OK"
2026-08-07 02:26:11 | httpx                | INFO     | HTTP Request: POST https://api.telegram.org/bot8941505352:AAHsWfhljzdi9hH-pdjzsfA86Ih1YzBEBLA/getUpdates "HTTP/1.1 200 OK"
2026-08-07 02:26:13 | core.po_trader       | INFO     | 📊 PO Server Balans Analizi: Əvvəl=$68107.48 -> Sonra=$68119.98 (Fərq=$12.50)
2026-08-07 02:26:13 | core.po_trader       | INFO     | 🎉 PO REAL QAZANC VERDİ! Profit: +$12.50
2026-08-07 02:26:13 | core.po_trader       | INFO     | ✅ Trade UĞURLU oldu (Addım 2). Martingale sıfırlanır.
2026-08-07 02:26:13 | core.po_trader       | INFO     | ✅ <b>TİCARƏT QAZANDI!</b> 🎉 (Hədəf: 1/3)
💱 USD/JPY (Addım 2)
💵 Qazanc: +$12.50
2026-08-07 02:26:13 | httpx                | INFO     | HTTP Request: POST https://api.telegram.org/bot8941505352:AAHsWfhljzdi9hH-pdjzsfA86Ih1YzBEBLA/sendMessage "HTTP/1.1 200 OK"
2026-08-07 02:26:15 | pocket.main          | INFO     | ℹ️  M15 üçün siqnal tapılmadı
2026-08-07 02:26:17 | pocket.main          | INFO     | 📊 Bazar skan edilir...
2026-08-07 02:26:19 | pocket.main          | INFO     | ℹ️  M1 üçün siqnal tapılmadı
2026-08-07 02:26:20 | pocket.main          | INFO     | ✅ M5 üçün 1 siqnal tapıldı (Ən yüksək: USD/JPY - 50.0%)
2026-08-07 02:26:21 | pocket.main          | INFO     | ⚡ Martingale Ticarəti İşə Düşür: USD/JPY BUY (50.0%)
2026-08-07 02:26:21 | core.po_trader       | INFO     | 🚀 Turbo Ticarət ardıcıllığı başlayır: USD/JPY | BUY | TF: 30s
2026-08-07 02:26:21 | core.po_trader       | INFO     | 🎯 Addım 1/4: USD/JPY - CALL $10.0
2026-08-07 02:26:21 | httpx                | INFO     | HTTP Request: POST https://api.telegram.org/bot8941505352:AAHsWfhljzdi9hH-pdjzsfA86Ih1YzBEBLA/sendMessage "HTTP/1.1 200 OK"
2026-08-07 02:26:21 | core.po_trader       | INFO     | ✅ PO Əmri Açıldı: ID=9f339eaf-c076-47b3-81a7-20360529943b, $10.0, 30s. İlkin Balans=$68119.98
2026-08-07 02:26:21 | httpx                | INFO     | HTTP Request: POST https://api.telegram.org/bot8941505352:AAHsWfhljzdi9hH-pdjzsfA86Ih1YzBEBLA/getUpdates "HTTP/1.1 200 OK"
2026-08-07 02:26:31 | httpx                | INFO     | HTTP Request: POST https://api.telegram.org/bot8941505352:AAHsWfhljzdi9hH-pdjzsfA86Ih1YzBEBLA/getUpdates "HTTP/1.1 200 OK"
2026-08-07 02:26:41 | httpx                | INFO     | HTTP Request: POST https://api.telegram.org/bot8941505352:AAHsWfhljzdi9hH-pdjzsfA86Ih1YzBEBLA/getUpdates "HTTP/1.1 200 OK"
2026-08-07 02:26:52 | httpx                | INFO     | HTTP Request: POST https://api.telegram.org/bot8941505352:AAHsWfhljzdi9hH-pdjzsfA86Ih1YzBEBLA/getUpdates "HTTP/1.1 200 OK"
2026-08-07 02:26:55 | core.po_trader       | INFO     | 📊 PO Server Balans Analizi: Əvvəl=$68119.98 -> Sonra=$68124.98 (Fərq=$5.00)
2026-08-07 02:26:55 | core.po_trader       | INFO     | 🎉 PO REAL QAZANC VERDİ! Profit: +$5.00
2026-08-07 02:26:55 | core.po_trader       | INFO     | ✅ Trade UĞURLU oldu (Addım 1). Martingale sıfırlanır.
2026-08-07 02:26:55 | core.po_trader       | INFO     | ✅ <b>TİCARƏT QAZANDI!</b> 🎉 (Hədəf: 2/3)
💱 USD/JPY (Addım 1)
💵 Qazanc: +$5.00
2026-08-07 02:26:55 | bot.telegram_bot     | ERROR    | Failed to send signal to 8951931885: httpx.ConnectError: 
2026-08-07 02:26:57 | pocket.main          | INFO     | ℹ️  M15 üçün siqnal tapılmadı
2026-08-07 02:26:59 | pocket.main          | INFO     | 📊 Bazar skan edilir...
2026-08-07 02:27:01 | pocket.main          | INFO     | ℹ️  M1 üçün siqnal tapılmadı
2026-08-07 02:27:02 | httpx                | INFO     | HTTP Request: POST https://api.telegram.org/bot8941505352:AAHsWfhljzdi9hH-pdjzsfA86Ih1YzBEBLA/getUpdates "HTTP/1.1 200 OK"
2026-08-07 02:27:02 | pocket.main          | INFO     | ✅ M5 üçün 1 siqnal tapıldı (Ən yüksək: USD/JPY - 50.0%)
2026-08-07 02:27:03 | pocket.main          | INFO     | ⚡ Martingale Ticarəti İşə Düşür: USD/JPY BUY (50.0%)
2026-08-07 02:27:03 | core.po_trader       | INFO     | 🚀 Turbo Ticarət ardıcıllığı başlayır: USD/JPY | BUY | TF: 30s
2026-08-07 02:27:03 | core.po_trader       | INFO     | 🎯 Addım 1/4: USD/JPY - CALL $10.0
2026-08-07 02:27:03 | httpx                | INFO     | HTTP Request: POST https://api.telegram.org/bot8941505352:AAHsWfhljzdi9hH-pdjzsfA86Ih1YzBEBLA/sendMessage "HTTP/1.1 200 OK"
2026-08-07 02:27:03 | core.po_trader       | INFO     | ✅ PO Əmri Açıldı: ID=3192e072-0415-4794-af85-2d8fd2898800, $10.0, 30s. İlkin Balans=$68124.98
2026-08-07 02:27:16 | pocket.main          | INFO     | 🚀 Sistem başladılır...
2026-08-07 02:27:16 | pocket.main          | INFO     | ⚙️  Core komponentlər yaradılır...
2026-08-07 02:27:16 | pocket.main          | INFO     | ✅ Core və Martingale komponentlər hazırdır
2026-08-07 02:27:16 | pocket.main          | INFO     | 🔍 Bazar skaneri və Martingale icraçısı işə düşdü
2026-08-07 02:27:16 | pocket.main          | INFO     | 🔍 Martingale Skaneri başladı
2026-08-07 02:27:16 | pocket.main          | INFO     | 🤖 Telegram Bot thread-i başladı
2026-08-07 02:27:16 | core.po_trader       | INFO     | 🔌 Pocket Option-a qoşulunur... (Hesab: DEMO)
2026-08-07 02:27:16 | pocket.main          | INFO     | 🌐 Web Dashboard: http://localhost:5000
2026-08-07 02:27:17 | core.po_trader       | INFO     | ✅ Pocket Option-a uğurla qoşuldu!
2026-08-07 02:27:17 | core.po_trader       | INFO     | 💰 Balans: 68114.98 USD
2026-08-07 02:27:17 | pocket.main          | INFO     | 📊 Bazar skan edilir...
2026-08-07 02:27:18 | pocket.main          | INFO     | 🌐 Web Dashboard işə düşür: http://localhost:5000
2026-08-07 02:27:19 | pocket.main          | INFO     | 🤖 Telegram Bot işə düşür...
2026-08-07 02:27:19 | bot.telegram_bot     | INFO     | Bot starting...
2026-08-07 02:27:19 | httpx                | INFO     | HTTP Request: POST https://api.telegram.org/bot8941505352:AAHsWfhljzdi9hH-pdjzsfA86Ih1YzBEBLA/getMe "HTTP/1.1 200 OK"
2026-08-07 02:27:19 | httpx                | INFO     | HTTP Request: POST https://api.telegram.org/bot8941505352:AAHsWfhljzdi9hH-pdjzsfA86Ih1YzBEBLA/deleteWebhook "HTTP/1.1 200 OK"
2026-08-07 02:27:19 | apscheduler.scheduler | INFO     | Scheduler started
2026-08-07 02:27:19 | telegram.ext.Application | INFO     | Application started
2026-08-07 02:27:20 | pocket.main          | INFO     | ℹ️  M1 üçün siqnal tapılmadı
2026-08-07 02:27:21 | pocket.main          | INFO     | ✅ M5 üçün 1 siqnal tapıldı (Ən yüksək: USD/JPY - 50.0%)
2026-08-07 02:27:23 | pocket.main          | INFO     | ℹ️  M15 üçün siqnal tapılmadı
2026-08-07 02:27:25 | pocket.main          | INFO     | 📊 Bazar skan edilir...
2026-08-07 02:27:27 | pocket.main          | INFO     | ℹ️  M1 üçün siqnal tapılmadı
2026-08-07 02:27:28 | pocket.main          | INFO     | ✅ M5 üçün 1 siqnal tapıldı (Ən yüksək: USD/JPY - 50.0%)
2026-08-07 02:27:29 | pocket.main          | INFO     | ℹ️  M15 üçün siqnal tapılmadı
2026-08-07 02:27:30 | httpx                | INFO     | HTTP Request: POST https://api.telegram.org/bot8941505352:AAHsWfhljzdi9hH-pdjzsfA86Ih1YzBEBLA/getUpdates "HTTP/1.1 200 OK"
2026-08-07 02:27:31 | pocket.main          | INFO     | 📊 Bazar skan edilir...
2026-08-07 02:27:33 | pocket.main          | INFO     | ℹ️  M1 üçün siqnal tapılmadı
2026-08-07 02:27:34 | pocket.main          | INFO     | ✅ M5 üçün 1 siqnal tapıldı (Ən yüksək: USD/JPY - 50.0%)
2026-08-07 02:27:36 | pocket.main          | INFO     | ℹ️  M15 üçün siqnal tapılmadı
2026-08-07 02:27:38 | pocket.main          | INFO     | 📊 Bazar skan edilir...
2026-08-07 02:27:39 | pocket.main          | INFO     | ℹ️  M1 üçün siqnal tapılmadı
2026-08-07 02:27:40 | httpx                | INFO     | HTTP Request: POST https://api.telegram.org/bot8941505352:AAHsWfhljzdi9hH-pdjzsfA86Ih1YzBEBLA/getUpdates "HTTP/1.1 200 OK"
2026-08-07 02:27:40 | pocket.main          | INFO     | ✅ M5 üçün 1 siqnal tapıldı (Ən yüksək: USD/JPY - 50.0%)
2026-08-07 02:27:42 | pocket.main          | INFO     | ℹ️  M15 üçün siqnal tapılmadı
2026-08-07 02:27:44 | pocket.main          | INFO     | 📊 Bazar skan edilir...
2026-08-07 02:27:45 | pocket.main          | INFO     | ℹ️  M1 üçün siqnal tapılmadı
2026-08-07 02:27:47 | pocket.main          | INFO     | ✅ M5 üçün 1 siqnal tapıldı (Ən yüksək: USD/JPY - 50.0%)
2026-08-07 02:27:49 | pocket.main          | INFO     | ℹ️  M15 üçün siqnal tapılmadı
2026-08-07 02:27:50 | httpx                | INFO     | HTTP Request: POST https://api.telegram.org/bot8941505352:AAHsWfhljzdi9hH-pdjzsfA86Ih1YzBEBLA/getUpdates "HTTP/1.1 200 OK"
2026-08-07 02:27:51 | pocket.main          | INFO     | 📊 Bazar skan edilir...
2026-08-07 02:27:52 | pocket.main          | INFO     | ℹ️  M1 üçün siqnal tapılmadı
2026-08-07 02:27:53 | pocket.main          | INFO     | ✅ M5 üçün 1 siqnal tapıldı (Ən yüksək: USD/JPY - 50.0%)
2026-08-07 02:27:55 | pocket.main          | INFO     | ℹ️  M15 üçün siqnal tapılmadı
2026-08-07 02:27:57 | pocket.main          | INFO     | 📊 Bazar skan edilir...
2026-08-07 02:27:58 | pocket.main          | INFO     | ℹ️  M1 üçün siqnal tapılmadı
2026-08-07 02:28:00 | httpx                | INFO     | HTTP Request: POST https://api.telegram.org/bot8941505352:AAHsWfhljzdi9hH-pdjzsfA86Ih1YzBEBLA/getUpdates "HTTP/1.1 200 OK"
2026-08-07 02:28:00 | pocket.main          | INFO     | ✅ M5 üçün 1 siqnal tapıldı (Ən yüksək: USD/JPY - 50.0%)
2026-08-07 02:28:02 | pocket.main          | INFO     | ℹ️  M15 üçün siqnal tapılmadı
2026-08-07 02:28:04 | pocket.main          | INFO     | 📊 Bazar skan edilir...
2026-08-07 02:28:05 | pocket.main          | INFO     | ℹ️  M1 üçün siqnal tapılmadı
2026-08-07 02:28:06 | pocket.main          | INFO     | ✅ M5 üçün 1 siqnal tapıldı (Ən yüksək: USD/JPY - 50.0%)
2026-08-07 02:28:08 | pocket.main          | INFO     | ℹ️  M15 üçün siqnal tapılmadı
2026-08-07 02:28:10 | httpx                | INFO     | HTTP Request: POST https://api.telegram.org/bot8941505352:AAHsWfhljzdi9hH-pdjzsfA86Ih1YzBEBLA/getUpdates "HTTP/1.1 200 OK"
2026-08-07 02:28:11 | pocket.main          | INFO     | 📊 Bazar skan edilir...
2026-08-07 02:28:12 | pocket.main          | INFO     | ℹ️  M1 üçün siqnal tapılmadı
2026-08-07 02:28:14 | pocket.main          | INFO     | ✅ M5 üçün 1 siqnal tapıldı (Ən yüksək: USD/JPY - 50.0%)
2026-08-07 02:28:16 | pocket.main          | INFO     | ℹ️  M15 üçün siqnal tapılmadı
2026-08-07 02:28:18 | pocket.main          | INFO     | 📊 Bazar skan edilir...
2026-08-07 02:28:19 | pocket.main          | INFO     | ℹ️  M1 üçün siqnal tapılmadı
2026-08-07 02:28:20 | httpx                | INFO     | HTTP Request: POST https://api.telegram.org/bot8941505352:AAHsWfhljzdi9hH-pdjzsfA86Ih1YzBEBLA/getUpdates "HTTP/1.1 200 OK"
2026-08-07 02:28:20 | pocket.main          | INFO     | ✅ M5 üçün 1 siqnal tapıldı (Ən yüksək: USD/JPY - 50.0%)
2026-08-07 02:28:22 | pocket.main          | INFO     | ℹ️  M15 üçün siqnal tapılmadı
2026-08-07 02:28:24 | pocket.main          | INFO     | 📊 Bazar skan edilir...
2026-08-07 02:28:25 | pocket.main          | INFO     | ℹ️  M1 üçün siqnal tapılmadı
2026-08-07 02:28:27 | pocket.main          | INFO     | ✅ M5 üçün 1 siqnal tapıldı (Ən yüksək: USD/JPY - 50.0%)
2026-08-07 02:28:29 | pocket.main          | INFO     | ℹ️  M15 üçün siqnal tapılmadı
2026-08-07 02:28:30 | httpx                | INFO     | HTTP Request: POST https://api.telegram.org/bot8941505352:AAHsWfhljzdi9hH-pdjzsfA86Ih1YzBEBLA/getUpdates "HTTP/1.1 200 OK"
2026-08-07 02:28:31 | pocket.main          | INFO     | 📊 Bazar skan edilir...
2026-08-07 02:28:33 | pocket.main          | INFO     | ℹ️  M1 üçün siqnal tapılmadı
2026-08-07 02:28:35 | pocket.main          | INFO     | ✅ M5 üçün 1 siqnal tapıldı (Ən yüksək: USD/JPY - 50.0%)
2026-08-07 02:28:37 | pocket.main          | INFO     | ℹ️  M15 üçün siqnal tapılmadı
2026-08-07 02:28:39 | pocket.main          | INFO     | 📊 Bazar skan edilir...
2026-08-07 02:28:51 | pocket.main          | INFO     | 🚀 Sistem başladılır...
2026-08-07 02:28:51 | pocket.main          | INFO     | ⚙️  Core komponentlər yaradılır...
2026-08-07 02:28:51 | pocket.main          | INFO     | ✅ Core və Martingale komponentlər hazırdır
2026-08-07 02:28:51 | pocket.main          | INFO     | 🔍 Bazar skaneri və Martingale icraçısı işə düşdü
2026-08-07 02:28:51 | pocket.main          | INFO     | 🔍 Martingale Skaneri başladı
2026-08-07 02:28:51 | pocket.main          | INFO     | 🤖 Telegram Bot thread-i başladı
2026-08-07 02:28:51 | pocket.main          | INFO     | 🌐 Web Dashboard: http://localhost:5000
2026-08-07 02:28:51 | core.po_trader       | INFO     | 🔌 Pocket Option-a qoşulunur... (Hesab: DEMO)
2026-08-07 02:28:52 | core.po_trader       | INFO     | ✅ Pocket Option-a uğurla qoşuldu!
2026-08-07 02:28:52 | core.po_trader       | INFO     | 💰 Balans: 68114.98 USD
2026-08-07 02:28:52 | pocket.main          | INFO     | 📊 Bazar skan edilir...
2026-08-07 02:28:52 | pocket.main          | INFO     | 🌐 Web Dashboard işə düşür: http://localhost:5000
2026-08-07 02:28:53 | pocket.main          | INFO     | 🤖 Telegram Bot işə düşür...
2026-08-07 02:28:53 | bot.telegram_bot     | INFO     | Bot starting...
2026-08-07 02:28:53 | telegram.ext         | ERROR    | Network Retry Loop (Bootstrap Initialize Application): Failed run number 0 of 0. Aborting.
Traceback (most recent call last):
  File "C:\Users\Sadiq\AppData\Local\Programs\Python\Python311\Lib\site-packages\httpx\_transports\default.py", line 101, in map_httpcore_exceptions
    yield
  File "C:\Users\Sadiq\AppData\Local\Programs\Python\Python311\Lib\site-packages\httpx\_transports\default.py", line 394, in handle_async_request
    resp = await self._pool.handle_async_request(req)
           ^^^^^^^^^^^^^^^^^^^^^^^^^^^^^^^^^^^^^^^^^^
  File "C:\Users\Sadiq\AppData\Local\Programs\Python\Python311\Lib\site-packages\httpcore\_async\connection_pool.py", line 256, in handle_async_request
    raise exc from None
  File "C:\Users\Sadiq\AppData\Local\Programs\Python\Python311\Lib\site-packages\httpcore\_async\connection_pool.py", line 236, in handle_async_request
    response = await connection.handle_async_request(
               ^^^^^^^^^^^^^^^^^^^^^^^^^^^^^^^^^^^^^^
  File "C:\Users\Sadiq\AppData\Local\Programs\Python\Python311\Lib\site-packages\httpcore\_async\connection.py", line 101, in handle_async_request
    raise exc
  File "C:\Users\Sadiq\AppData\Local\Programs\Python\Python311\Lib\site-packages\httpcore\_async\connection.py", line 78, in handle_async_request
    stream = await self._connect(request)
             ^^^^^^^^^^^^^^^^^^^^^^^^^^^^
  File "C:\Users\Sadiq\AppData\Local\Programs\Python\Python311\Lib\site-packages\httpcore\_async\connection.py", line 156, in _connect
    stream = await stream.start_tls(**kwargs)
             ^^^^^^^^^^^^^^^^^^^^^^^^^^^^^^^^
  File "C:\Users\Sadiq\AppData\Local\Programs\Python\Python311\Lib\site-packages\httpcore\_backends\anyio.py", line 67, in start_tls
    with map_exceptions(exc_map):
  File "C:\Users\Sadiq\AppData\Local\Programs\Python\Python311\Lib\contextlib.py", line 158, in __exit__
    self.gen.throw(typ, value, traceback)
  File "C:\Users\Sadiq\AppData\Local\Programs\Python\Python311\Lib\site-packages\httpcore\_exceptions.py", line 14, in map_exceptions
    raise to_exc(exc) from exc
httpcore.ConnectError

The above exception was the direct cause of the following exception:

Traceback (most recent call last):
  File "C:\Users\Sadiq\AppData\Local\Programs\Python\Python311\Lib\site-packages\telegram\request\_httpxrequest.py", line 279, in do_request
    res = await self._client.request(
          ^^^^^^^^^^^^^^^^^^^^^^^^^^^
  File "C:\Users\Sadiq\AppData\Local\Programs\Python\Python311\Lib\site-packages\httpx\_client.py", line 1540, in request
    return await self.send(request, auth=auth, follow_redirects=follow_redirects)
           ^^^^^^^^^^^^^^^^^^^^^^^^^^^^^^^^^^^^^^^^^^^^^^^^^^^^^^^^^^^^^^^^^^^^^^
  File "C:\Users\Sadiq\AppData\Local\Programs\Python\Python311\Lib\site-packages\httpx\_client.py", line 1629, in send
    response = await self._send_handling_auth(
               ^^^^^^^^^^^^^^^^^^^^^^^^^^^^^^^
  File "C:\Users\Sadiq\AppData\Local\Programs\Python\Python311\Lib\site-packages\httpx\_client.py", line 1657, in _send_handling_auth
    response = await self._send_handling_redirects(
               ^^^^^^^^^^^^^^^^^^^^^^^^^^^^^^^^^^^^
  File "C:\Users\Sadiq\AppData\Local\Programs\Python\Python311\Lib\site-packages\httpx\_client.py", line 1694, in _send_handling_redirects
    response = await self._send_single_request(request)
               ^^^^^^^^^^^^^^^^^^^^^^^^^^^^^^^^^^^^^^^^
  File "C:\Users\Sadiq\AppData\Local\Programs\Python\Python311\Lib\site-packages\httpx\_client.py", line 1730, in _send_single_request
    response = await transport.handle_async_request(request)
               ^^^^^^^^^^^^^^^^^^^^^^^^^^^^^^^^^^^^^^^^^^^^^
  File "C:\Users\Sadiq\AppData\Local\Programs\Python\Python311\Lib\site-packages\httpx\_transports\default.py", line 393, in handle_async_request
    with map_httpcore_exceptions():
  File "C:\Users\Sadiq\AppData\Local\Programs\Python\Python311\Lib\contextlib.py", line 158, in __exit__
    self.gen.throw(typ, value, traceback)
  File "C:\Users\Sadiq\AppData\Local\Programs\Python\Python311\Lib\site-packages\httpx\_transports\default.py", line 118, in map_httpcore_exceptions
    raise mapped_exc(message) from exc
httpx.ConnectError

The above exception was the direct cause of the following exception:

Traceback (most recent call last):
  File "C:\Users\Sadiq\AppData\Local\Programs\Python\Python311\Lib\site-packages\telegram\ext\_utils\networkloop.py", line 161, in network_retry_loop
    await do_action()
  File "C:\Users\Sadiq\AppData\Local\Programs\Python\Python311\Lib\site-packages\telegram\ext\_utils\networkloop.py", line 136, in do_action
    await action_cb()
  File "C:\Users\Sadiq\AppData\Local\Programs\Python\Python311\Lib\site-packages\telegram\ext\_application.py", line 489, in initialize
    await self.bot.initialize()
  File "C:\Users\Sadiq\AppData\Local\Programs\Python\Python311\Lib\site-packages\telegram\ext\_extbot.py", line 324, in initialize
    await super().initialize()
  File "C:\Users\Sadiq\AppData\Local\Programs\Python\Python311\Lib\site-packages\telegram\_bot.py", line 865, in initialize
    await self.get_me()
  File "C:\Users\Sadiq\AppData\Local\Programs\Python\Python311\Lib\site-packages\telegram\ext\_extbot.py", line 2040, in get_me
    return await super().get_me(
           ^^^^^^^^^^^^^^^^^^^^^
  File "C:\Users\Sadiq\AppData\Local\Programs\Python\Python311\Lib\site-packages\telegram\_bot.py", line 1005, in get_me
    result = await self._post(
             ^^^^^^^^^^^^^^^^^
  File "C:\Users\Sadiq\AppData\Local\Programs\Python\Python311\Lib\site-packages\telegram\_bot.py", line 712, in _post
    return await self._do_post(
           ^^^^^^^^^^^^^^^^^^^^
  File "C:\Users\Sadiq\AppData\Local\Programs\Python\Python311\Lib\site-packages\telegram\ext\_extbot.py", line 378, in _do_post
    return await super()._do_post(
           ^^^^^^^^^^^^^^^^^^^^^^^
  File "C:\Users\Sadiq\AppData\Local\Programs\Python\Python311\Lib\site-packages\telegram\_bot.py", line 741, in _do_post
    result = await request.post(
             ^^^^^^^^^^^^^^^^^^^
  File "C:\Users\Sadiq\AppData\Local\Programs\Python\Python311\Lib\site-packages\telegram\request\_baserequest.py", line 198, in post
    result = await self._request_wrapper(
             ^^^^^^^^^^^^^^^^^^^^^^^^^^^^
  File "C:\Users\Sadiq\AppData\Local\Programs\Python\Python311\Lib\site-packages\telegram\request\_baserequest.py", line 305, in _request_wrapper
    code, payload = await self.do_request(
                    ^^^^^^^^^^^^^^^^^^^^^^
  File "C:\Users\Sadiq\AppData\Local\Programs\Python\Python311\Lib\site-packages\telegram\request\_httpxrequest.py", line 303, in do_request
    raise NetworkError(f"httpx.{err.__class__.__name__}: {err}") from err
telegram.error.NetworkError: httpx.ConnectError: 
2026-08-07 02:28:53 | pocket.main          | ERROR    | ❌ Telegram Bot xətası: httpx.ConnectError: 
Traceback (most recent call last):
  File "C:\Users\Sadiq\AppData\Local\Programs\Python\Python311\Lib\site-packages\httpx\_transports\default.py", line 101, in map_httpcore_exceptions
    yield
  File "C:\Users\Sadiq\AppData\Local\Programs\Python\Python311\Lib\site-packages\httpx\_transports\default.py", line 394, in handle_async_request
    resp = await self._pool.handle_async_request(req)
           ^^^^^^^^^^^^^^^^^^^^^^^^^^^^^^^^^^^^^^^^^^
  File "C:\Users\Sadiq\AppData\Local\Programs\Python\Python311\Lib\site-packages\httpcore\_async\connection_pool.py", line 256, in handle_async_request
    raise exc from None
  File "C:\Users\Sadiq\AppData\Local\Programs\Python\Python311\Lib\site-packages\httpcore\_async\connection_pool.py", line 236, in handle_async_request
    response = await connection.handle_async_request(
               ^^^^^^^^^^^^^^^^^^^^^^^^^^^^^^^^^^^^^^
  File "C:\Users\Sadiq\AppData\Local\Programs\Python\Python311\Lib\site-packages\httpcore\_async\connection.py", line 101, in handle_async_request
    raise exc
  File "C:\Users\Sadiq\AppData\Local\Programs\Python\Python311\Lib\site-packages\httpcore\_async\connection.py", line 78, in handle_async_request
    stream = await self._connect(request)
             ^^^^^^^^^^^^^^^^^^^^^^^^^^^^
  File "C:\Users\Sadiq\AppData\Local\Programs\Python\Python311\Lib\site-packages\httpcore\_async\connection.py", line 156, in _connect
    stream = await stream.start_tls(**kwargs)
             ^^^^^^^^^^^^^^^^^^^^^^^^^^^^^^^^
  File "C:\Users\Sadiq\AppData\Local\Programs\Python\Python311\Lib\site-packages\httpcore\_backends\anyio.py", line 67, in start_tls
    with map_exceptions(exc_map):
  File "C:\Users\Sadiq\AppData\Local\Programs\Python\Python311\Lib\contextlib.py", line 158, in __exit__
    self.gen.throw(typ, value, traceback)
  File "C:\Users\Sadiq\AppData\Local\Programs\Python\Python311\Lib\site-packages\httpcore\_exceptions.py", line 14, in map_exceptions
    raise to_exc(exc) from exc
httpcore.ConnectError

The above exception was the direct cause of the following exception:

Traceback (most recent call last):
  File "C:\Users\Sadiq\AppData\Local\Programs\Python\Python311\Lib\site-packages\telegram\request\_httpxrequest.py", line 279, in do_request
    res = await self._client.request(
          ^^^^^^^^^^^^^^^^^^^^^^^^^^^
  File "C:\Users\Sadiq\AppData\Local\Programs\Python\Python311\Lib\site-packages\httpx\_client.py", line 1540, in request
    return await self.send(request, auth=auth, follow_redirects=follow_redirects)
           ^^^^^^^^^^^^^^^^^^^^^^^^^^^^^^^^^^^^^^^^^^^^^^^^^^^^^^^^^^^^^^^^^^^^^^
  File "C:\Users\Sadiq\AppData\Local\Programs\Python\Python311\Lib\site-packages\httpx\_client.py", line 1629, in send
    response = await self._send_handling_auth(
               ^^^^^^^^^^^^^^^^^^^^^^^^^^^^^^^
  File "C:\Users\Sadiq\AppData\Local\Programs\Python\Python311\Lib\site-packages\httpx\_client.py", line 1657, in _send_handling_auth
    response = await self._send_handling_redirects(
               ^^^^^^^^^^^^^^^^^^^^^^^^^^^^^^^^^^^^
  File "C:\Users\Sadiq\AppData\Local\Programs\Python\Python311\Lib\site-packages\httpx\_client.py", line 1694, in _send_handling_redirects
    response = await self._send_single_request(request)
               ^^^^^^^^^^^^^^^^^^^^^^^^^^^^^^^^^^^^^^^^
  File "C:\Users\Sadiq\AppData\Local\Programs\Python\Python311\Lib\site-packages\httpx\_client.py", line 1730, in _send_single_request
    response = await transport.handle_async_request(request)
               ^^^^^^^^^^^^^^^^^^^^^^^^^^^^^^^^^^^^^^^^^^^^^
  File "C:\Users\Sadiq\AppData\Local\Programs\Python\Python311\Lib\site-packages\httpx\_transports\default.py", line 393, in handle_async_request
    with map_httpcore_exceptions():
  File "C:\Users\Sadiq\AppData\Local\Programs\Python\Python311\Lib\contextlib.py", line 158, in __exit__
    self.gen.throw(typ, value, traceback)
  File "C:\Users\Sadiq\AppData\Local\Programs\Python\Python311\Lib\site-packages\httpx\_transports\default.py", line 118, in map_httpcore_exceptions
    raise mapped_exc(message) from exc
httpx.ConnectError

The above exception was the direct cause of the following exception:

Traceback (most recent call last):
  File "D:\pocket\main.py", line 237, in run_telegram_bot
    bot.start()
  File "D:\pocket\bot\telegram_bot.py", line 64, in start
    self.app.run_polling()
  File "C:\Users\Sadiq\AppData\Local\Programs\Python\Python311\Lib\site-packages\telegram\ext\_application.py", line 839, in run_polling
    return self.__run(
           ^^^^^^^^^^^
  File "C:\Users\Sadiq\AppData\Local\Programs\Python\Python311\Lib\site-packages\telegram\ext\_application.py", line 1054, in __run
    loop.run_until_complete(self._bootstrap_initialize(max_retries=bootstrap_retries))
  File "C:\Users\Sadiq\AppData\Local\Programs\Python\Python311\Lib\asyncio\base_events.py", line 654, in run_until_complete
    return future.result()
           ^^^^^^^^^^^^^^^
  File "C:\Users\Sadiq\AppData\Local\Programs\Python\Python311\Lib\site-packages\telegram\ext\_application.py", line 1014, in _bootstrap_initialize
    await network_retry_loop(
  File "C:\Users\Sadiq\AppData\Local\Programs\Python\Python311\Lib\site-packages\telegram\ext\_utils\networkloop.py", line 161, in network_retry_loop
    await do_action()
  File "C:\Users\Sadiq\AppData\Local\Programs\Python\Python311\Lib\site-packages\telegram\ext\_utils\networkloop.py", line 136, in do_action
    await action_cb()
  File "C:\Users\Sadiq\AppData\Local\Programs\Python\Python311\Lib\site-packages\telegram\ext\_application.py", line 489, in initialize
    await self.bot.initialize()
  File "C:\Users\Sadiq\AppData\Local\Programs\Python\Python311\Lib\site-packages\telegram\ext\_extbot.py", line 324, in initialize
    await super().initialize()
  File "C:\Users\Sadiq\AppData\Local\Programs\Python\Python311\Lib\site-packages\telegram\_bot.py", line 865, in initialize
    await self.get_me()
  File "C:\Users\Sadiq\AppData\Local\Programs\Python\Python311\Lib\site-packages\telegram\ext\_extbot.py", line 2040, in get_me
    return await super().get_me(
           ^^^^^^^^^^^^^^^^^^^^^
  File "C:\Users\Sadiq\AppData\Local\Programs\Python\Python311\Lib\site-packages\telegram\_bot.py", line 1005, in get_me
    result = await self._post(
             ^^^^^^^^^^^^^^^^^
  File "C:\Users\Sadiq\AppData\Local\Programs\Python\Python311\Lib\site-packages\telegram\_bot.py", line 712, in _post
    return await self._do_post(
           ^^^^^^^^^^^^^^^^^^^^
  File "C:\Users\Sadiq\AppData\Local\Programs\Python\Python311\Lib\site-packages\telegram\ext\_extbot.py", line 378, in _do_post
    return await super()._do_post(
           ^^^^^^^^^^^^^^^^^^^^^^^
  File "C:\Users\Sadiq\AppData\Local\Programs\Python\Python311\Lib\site-packages\telegram\_bot.py", line 741, in _do_post
    result = await request.post(
             ^^^^^^^^^^^^^^^^^^^
  File "C:\Users\Sadiq\AppData\Local\Programs\Python\Python311\Lib\site-packages\telegram\request\_baserequest.py", line 198, in post
    result = await self._request_wrapper(
             ^^^^^^^^^^^^^^^^^^^^^^^^^^^^
  File "C:\Users\Sadiq\AppData\Local\Programs\Python\Python311\Lib\site-packages\telegram\request\_baserequest.py", line 305, in _request_wrapper
    code, payload = await self.do_request(
                    ^^^^^^^^^^^^^^^^^^^^^^
  File "C:\Users\Sadiq\AppData\Local\Programs\Python\Python311\Lib\site-packages\telegram\request\_httpxrequest.py", line 303, in do_request
    raise NetworkError(f"httpx.{err.__class__.__name__}: {err}") from err
telegram.error.NetworkError: httpx.ConnectError: 
2026-08-07 02:28:54 | pocket.main          | INFO     | ℹ️  M1 üçün siqnal tapılmadı
2026-08-07 02:28:56 | pocket.main          | INFO     | ✅ M5 üçün 1 siqnal tapıldı (Seçilən Aktiv: USD/JPY - 50.0%)
2026-08-07 02:28:58 | pocket.main          | INFO     | ℹ️  M15 üçün siqnal tapılmadı
2026-08-07 02:29:00 | pocket.main          | INFO     | 📊 Bazar skan edilir...
2026-08-07 02:29:01 | pocket.main          | INFO     | ℹ️  M1 üçün siqnal tapılmadı
2026-08-07 02:29:02 | pocket.main          | INFO     | ✅ M5 üçün 1 siqnal tapıldı (Seçilən Aktiv: USD/JPY - 50.0%)
2026-08-07 02:29:03 | pocket.main          | INFO     | ℹ️  M15 üçün siqnal tapılmadı
2026-08-07 02:29:05 | pocket.main          | INFO     | 📊 Bazar skan edilir...
2026-08-07 02:29:07 | pocket.main          | INFO     | ℹ️  M1 üçün siqnal tapılmadı
2026-08-07 02:29:09 | pocket.main          | INFO     | ✅ M5 üçün 1 siqnal tapıldı (Seçilən Aktiv: USD/JPY - 50.0%)
2026-08-07 02:29:12 | pocket.main          | INFO     | ℹ️  M15 üçün siqnal tapılmadı
2026-08-07 02:29:14 | pocket.main          | INFO     | 📊 Bazar skan edilir...
2026-08-07 02:29:15 | pocket.main          | INFO     | ℹ️  M1 üçün siqnal tapılmadı
2026-08-07 02:29:16 | pocket.main          | INFO     | ✅ M5 üçün 1 siqnal tapıldı (Seçilən Aktiv: USD/JPY - 50.0%)
2026-08-07 02:29:18 | pocket.main          | INFO     | ℹ️  M15 üçün siqnal tapılmadı
2026-08-07 02:29:20 | pocket.main          | INFO     | 📊 Bazar skan edilir...
2026-08-07 02:29:23 | pocket.main          | INFO     | ℹ️  M1 üçün siqnal tapılmadı
2026-08-07 02:29:25 | pocket.main          | INFO     | ✅ M5 üçün 1 siqnal tapıldı (Seçilən Aktiv: USD/JPY - 50.0%)
2026-08-07 02:29:27 | pocket.main          | INFO     | ℹ️  M15 üçün siqnal tapılmadı
2026-08-07 02:29:29 | pocket.main          | INFO     | 📊 Bazar skan edilir...
2026-08-07 02:29:31 | pocket.main          | INFO     | ℹ️  M1 üçün siqnal tapılmadı
2026-08-07 02:29:33 | pocket.main          | INFO     | ✅ M5 üçün 1 siqnal tapıldı (Seçilən Aktiv: USD/JPY - 50.0%)
2026-08-07 02:29:36 | pocket.main          | INFO     | ℹ️  M15 üçün siqnal tapılmadı
2026-08-07 02:29:38 | pocket.main          | INFO     | 📊 Bazar skan edilir...
2026-08-07 02:29:39 | pocket.main          | INFO     | ℹ️  M1 üçün siqnal tapılmadı
2026-08-07 02:29:42 | pocket.main          | INFO     | ✅ M5 üçün 1 siqnal tapıldı (Seçilən Aktiv: USD/JPY - 50.0%)
2026-08-07 02:29:45 | pocket.main          | INFO     | ℹ️  M15 üçün siqnal tapılmadı
2026-08-07 02:29:47 | pocket.main          | INFO     | 📊 Bazar skan edilir...
2026-08-07 02:29:49 | pocket.main          | INFO     | ℹ️  M1 üçün siqnal tapılmadı
2026-08-07 02:29:51 | pocket.main          | INFO     | ✅ M5 üçün 1 siqnal tapıldı (Seçilən Aktiv: USD/JPY - 50.0%)
2026-08-07 02:29:53 | pocket.main          | INFO     | ℹ️  M15 üçün siqnal tapılmadı
2026-08-07 02:29:55 | pocket.main          | INFO     | 📊 Bazar skan edilir...
2026-08-07 02:29:59 | pocket.main          | INFO     | ℹ️  M1 üçün siqnal tapılmadı
2026-08-07 02:30:02 | pocket.main          | INFO     | ✅ M5 üçün 1 siqnal tapıldı (Seçilən Aktiv: USD/JPY - 50.0%)
2026-08-07 02:30:05 | pocket.main          | INFO     | ℹ️  M15 üçün siqnal tapılmadı
2026-08-07 02:30:07 | pocket.main          | INFO     | 📊 Bazar skan edilir...
2026-08-07 02:30:08 | yfinance             | ERROR    | $EURUSD=X: possibly delisted; no price data found  (period=1d)
2026-08-07 02:30:09 | pocket.main          | INFO     | ℹ️  M1 üçün siqnal tapılmadı
2026-08-07 02:30:11 | pocket.main          | INFO     | ✅ M5 üçün 1 siqnal tapıldı (Seçilən Aktiv: USD/JPY - 50.0%)
2026-08-07 02:30:13 | pocket.main          | INFO     | ℹ️  M15 üçün siqnal tapılmadı
2026-08-07 02:30:15 | pocket.main          | INFO     | 📊 Bazar skan edilir...
2026-08-07 02:30:15 | yfinance             | ERROR    | $EURUSD=X: possibly delisted; no price data found  (period=1d)
2026-08-07 02:30:16 | pocket.main          | INFO     | ℹ️  M1 üçün siqnal tapılmadı
2026-08-07 02:30:20 | pocket.main          | INFO     | ✅ M5 üçün 1 siqnal tapıldı (Seçilən Aktiv: USD/JPY - 50.0%)
2026-08-07 02:30:23 | pocket.main          | INFO     | ℹ️  M15 üçün siqnal tapılmadı
2026-08-07 02:30:25 | pocket.main          | INFO     | 📊 Bazar skan edilir...
2026-08-07 02:30:25 | yfinance             | ERROR    | $EURUSD=X: possibly delisted; no price data found  (period=1d)
2026-08-07 02:30:26 | pocket.main          | INFO     | ℹ️  M1 üçün siqnal tapılmadı
2026-08-07 02:30:28 | pocket.main          | INFO     | ✅ M5 üçün 1 siqnal tapıldı (Seçilən Aktiv: USD/JPY - 50.0%)
2026-08-07 02:30:30 | pocket.main          | INFO     | ℹ️  M15 üçün siqnal tapılmadı
2026-08-07 02:30:32 | pocket.main          | INFO     | 📊 Bazar skan edilir...
2026-08-07 02:30:33 | yfinance             | ERROR    | $EURUSD=X: possibly delisted; no price data found  (period=1d)
2026-08-07 02:30:34 | pocket.main          | INFO     | ℹ️  M1 üçün siqnal tapılmadı
2026-08-07 02:30:36 | pocket.main          | INFO     | ✅ M5 üçün 1 siqnal tapıldı (Seçilən Aktiv: USD/JPY - 50.0%)
2026-08-07 02:30:39 | pocket.main          | INFO     | ℹ️  M15 üçün siqnal tapılmadı
2026-08-07 02:30:41 | pocket.main          | INFO     | 📊 Bazar skan edilir...
2026-08-07 02:30:41 | yfinance             | ERROR    | $EURUSD=X: possibly delisted; no price data found  (period=1d)
2026-08-07 02:30:42 | pocket.main          | INFO     | ℹ️  M1 üçün siqnal tapılmadı
2026-08-07 02:30:44 | pocket.main          | INFO     | ✅ M5 üçün 1 siqnal tapıldı (Seçilən Aktiv: USD/JPY - 50.0%)
2026-08-07 02:30:45 | pocket.main          | INFO     | ℹ️  M15 üçün siqnal tapılmadı
2026-08-07 02:30:47 | pocket.main          | INFO     | 📊 Bazar skan edilir...
2026-08-07 02:30:48 | yfinance             | ERROR    | $EURUSD=X: possibly delisted; no price data found  (period=1d)
2026-08-07 02:30:49 | pocket.main          | INFO     | ℹ️  M1 üçün siqnal tapılmadı
2026-08-07 02:30:50 | pocket.main          | INFO     | ✅ M5 üçün 1 siqnal tapıldı (Seçilən Aktiv: USD/JPY - 50.0%)
2026-08-07 02:30:53 | pocket.main          | INFO     | ℹ️  M15 üçün siqnal tapılmadı
2026-08-07 02:30:55 | pocket.main          | INFO     | 📊 Bazar skan edilir...
2026-08-07 02:30:55 | yfinance             | ERROR    | $EURUSD=X: possibly delisted; no price data found  (period=1d)
2026-08-07 02:30:56 | pocket.main          | INFO     | ℹ️  M1 üçün siqnal tapılmadı
2026-08-07 02:30:57 | pocket.main          | INFO     | ✅ M5 üçün 1 siqnal tapıldı (Seçilən Aktiv: USD/JPY - 50.0%)
2026-08-07 02:30:59 | pocket.main          | INFO     | ℹ️  M15 üçün siqnal tapılmadı
2026-08-07 02:31:01 | pocket.main          | INFO     | 📊 Bazar skan edilir...
2026-08-07 02:31:02 | pocket.main          | INFO     | ℹ️  M1 üçün siqnal tapılmadı
2026-08-07 02:31:04 | pocket.main          | INFO     | ✅ M5 üçün 1 siqnal tapıldı (Seçilən Aktiv: USD/JPY - 50.0%)
2026-08-07 02:31:07 | pocket.main          | INFO     | ℹ️  M15 üçün siqnal tapılmadı
2026-08-07 02:31:09 | pocket.main          | INFO     | 📊 Bazar skan edilir...
2026-08-07 02:31:10 | pocket.main          | INFO     | ℹ️  M1 üçün siqnal tapılmadı
2026-08-07 02:31:12 | pocket.main          | INFO     | ✅ M5 üçün 1 siqnal tapıldı (Seçilən Aktiv: USD/JPY - 50.0%)
2026-08-07 02:31:13 | pocket.main          | INFO     | ℹ️  M15 üçün siqnal tapılmadı
2026-08-07 02:31:15 | pocket.main          | INFO     | 📊 Bazar skan edilir...
2026-08-07 02:31:16 | pocket.main          | INFO     | ℹ️  M1 üçün siqnal tapılmadı
2026-08-07 02:31:18 | pocket.main          | INFO     | ✅ M5 üçün 1 siqnal tapıldı (Seçilən Aktiv: USD/JPY - 50.0%)
2026-08-07 02:31:20 | pocket.main          | INFO     | ℹ️  M15 üçün siqnal tapılmadı
2026-08-07 02:31:22 | pocket.main          | INFO     | 📊 Bazar skan edilir...
2026-08-07 02:31:24 | pocket.main          | INFO     | ℹ️  M1 üçün siqnal tapılmadı
2026-08-07 02:31:25 | pocket.main          | INFO     | ✅ M5 üçün 1 siqnal tapıldı (Seçilən Aktiv: USD/JPY - 50.0%)
2026-08-07 02:31:28 | pocket.main          | INFO     | ℹ️  M15 üçün siqnal tapılmadı
2026-08-07 02:31:30 | pocket.main          | INFO     | 📊 Bazar skan edilir...
2026-08-07 02:31:31 | pocket.main          | INFO     | ℹ️  M1 üçün siqnal tapılmadı
2026-08-07 02:31:33 | pocket.main          | INFO     | ✅ M5 üçün 1 siqnal tapıldı (Seçilən Aktiv: USD/JPY - 50.0%)
2026-08-07 02:31:35 | pocket.main          | INFO     | ℹ️  M15 üçün siqnal tapılmadı
2026-08-07 02:31:37 | pocket.main          | INFO     | 📊 Bazar skan edilir...
2026-08-07 02:31:38 | pocket.main          | INFO     | ℹ️  M1 üçün siqnal tapılmadı
2026-08-07 02:31:40 | pocket.main          | INFO     | ✅ M5 üçün 1 siqnal tapıldı (Seçilən Aktiv: USD/JPY - 50.0%)
2026-08-07 02:31:41 | pocket.main          | INFO     | ℹ️  M15 üçün siqnal tapılmadı
2026-08-07 02:31:43 | pocket.main          | INFO     | 📊 Bazar skan edilir...
2026-08-07 02:31:45 | pocket.main          | INFO     | ℹ️  M1 üçün siqnal tapılmadı
2026-08-07 02:31:46 | pocket.main          | INFO     | ✅ M5 üçün 1 siqnal tapıldı (Seçilən Aktiv: USD/JPY - 56.0%)
2026-08-07 02:31:49 | pocket.main          | INFO     | ℹ️  M15 üçün siqnal tapılmadı
2026-08-07 02:31:51 | pocket.main          | INFO     | 📊 Bazar skan edilir...
2026-08-07 02:31:52 | pocket.main          | INFO     | ℹ️  M1 üçün siqnal tapılmadı
2026-08-07 02:31:53 | pocket.main          | INFO     | ✅ M5 üçün 1 siqnal tapıldı (Seçilən Aktiv: USD/JPY - 56.0%)
2026-08-07 02:31:55 | pocket.main          | INFO     | ℹ️  M15 üçün siqnal tapılmadı
2026-08-07 02:31:57 | pocket.main          | INFO     | 📊 Bazar skan edilir...
2026-08-07 02:31:58 | pocket.main          | INFO     | ℹ️  M1 üçün siqnal tapılmadı
2026-08-07 02:32:00 | pocket.main          | INFO     | ✅ M5 üçün 1 siqnal tapıldı (Seçilən Aktiv: USD/JPY - 56.0%)
2026-08-07 02:32:02 | pocket.main          | INFO     | ℹ️  M15 üçün siqnal tapılmadı
2026-08-07 02:32:04 | pocket.main          | INFO     | 📊 Bazar skan edilir...
2026-08-07 02:32:06 | pocket.main          | INFO     | ℹ️  M1 üçün siqnal tapılmadı
2026-08-07 02:32:07 | pocket.main          | INFO     | ✅ M5 üçün 1 siqnal tapıldı (Seçilən Aktiv: USD/JPY - 56.0%)
2026-08-07 02:32:09 | pocket.main          | INFO     | ℹ️  M15 üçün siqnal tapılmadı
2026-08-07 02:32:11 | pocket.main          | INFO     | 📊 Bazar skan edilir...
2026-08-07 02:32:13 | pocket.main          | INFO     | ℹ️  M1 üçün siqnal tapılmadı
2026-08-07 02:32:14 | pocket.main          | INFO     | ✅ M5 üçün 1 siqnal tapıldı (Seçilən Aktiv: USD/JPY - 50.0%)
2026-08-07 02:32:16 | pocket.main          | INFO     | ℹ️  M15 üçün siqnal tapılmadı
2026-08-07 02:32:18 | pocket.main          | INFO     | 📊 Bazar skan edilir...
2026-08-07 02:32:19 | pocket.main          | INFO     | ℹ️  M1 üçün siqnal tapılmadı
2026-08-07 02:32:21 | pocket.main          | INFO     | ✅ M5 üçün 1 siqnal tapıldı (Seçilən Aktiv: USD/JPY - 50.0%)
2026-08-07 02:32:22 | pocket.main          | INFO     | ℹ️  M15 üçün siqnal tapılmadı
2026-08-07 02:32:24 | pocket.main          | INFO     | 📊 Bazar skan edilir...
2026-08-07 02:32:25 | pocket.main          | INFO     | ℹ️  M1 üçün siqnal tapılmadı
2026-08-07 02:32:27 | pocket.main          | INFO     | ✅ M5 üçün 1 siqnal tapıldı (Seçilən Aktiv: USD/JPY - 50.0%)
2026-08-07 02:32:29 | pocket.main          | INFO     | ℹ️  M15 üçün siqnal tapılmadı
2026-08-07 02:32:31 | pocket.main          | INFO     | 📊 Bazar skan edilir...
2026-08-07 02:32:32 | pocket.main          | INFO     | ℹ️  M1 üçün siqnal tapılmadı
2026-08-07 02:32:34 | pocket.main          | INFO     | ✅ M5 üçün 1 siqnal tapıldı (Seçilən Aktiv: USD/JPY - 50.0%)
2026-08-07 02:32:36 | pocket.main          | INFO     | ℹ️  M15 üçün siqnal tapılmadı
2026-08-07 02:32:38 | pocket.main          | INFO     | 📊 Bazar skan edilir...
2026-08-07 02:32:39 | pocket.main          | INFO     | ℹ️  M1 üçün siqnal tapılmadı
2026-08-07 02:32:41 | pocket.main          | INFO     | ✅ M5 üçün 1 siqnal tapıldı (Seçilən Aktiv: USD/JPY - 50.0%)
2026-08-07 02:32:43 | pocket.main          | INFO     | ℹ️  M15 üçün siqnal tapılmadı
2026-08-07 02:32:45 | pocket.main          | INFO     | 📊 Bazar skan edilir...
2026-08-07 02:32:46 | pocket.main          | INFO     | ℹ️  M1 üçün siqnal tapılmadı
2026-08-07 02:32:48 | pocket.main          | INFO     | ✅ M5 üçün 1 siqnal tapıldı (Seçilən Aktiv: USD/JPY - 50.0%)
2026-08-07 02:32:49 | pocket.main          | INFO     | ℹ️  M15 üçün siqnal tapılmadı
2026-08-07 02:32:51 | pocket.main          | INFO     | 📊 Bazar skan edilir...
2026-08-07 02:32:52 | pocket.main          | INFO     | ℹ️  M1 üçün siqnal tapılmadı
2026-08-07 02:32:54 | pocket.main          | INFO     | ✅ M5 üçün 1 siqnal tapıldı (Seçilən Aktiv: USD/JPY - 50.0%)
2026-08-07 02:32:56 | pocket.main          | INFO     | ℹ️  M15 üçün siqnal tapılmadı
2026-08-07 02:32:58 | pocket.main          | INFO     | 📊 Bazar skan edilir...
2026-08-07 02:32:59 | pocket.main          | INFO     | ℹ️  M1 üçün siqnal tapılmadı
2026-08-07 02:33:01 | pocket.main          | INFO     | ✅ M5 üçün 1 siqnal tapıldı (Seçilən Aktiv: USD/JPY - 50.0%)
2026-08-07 02:33:03 | pocket.main          | INFO     | ℹ️  M15 üçün siqnal tapılmadı
2026-08-07 02:33:05 | pocket.main          | INFO     | 📊 Bazar skan edilir...
2026-08-07 02:33:06 | pocket.main          | INFO     | ℹ️  M1 üçün siqnal tapılmadı
2026-08-07 02:33:09 | pocket.main          | INFO     | ✅ M5 üçün 1 siqnal tapıldı (Seçilən Aktiv: USD/JPY - 50.0%)
2026-08-07 02:33:11 | pocket.main          | INFO     | ℹ️  M15 üçün siqnal tapılmadı
2026-08-07 02:33:13 | pocket.main          | INFO     | 📊 Bazar skan edilir...
2026-08-07 02:33:15 | pocket.main          | INFO     | ℹ️  M1 üçün siqnal tapılmadı
2026-08-07 02:33:16 | pocket.main          | INFO     | ✅ M5 üçün 1 siqnal tapıldı (Seçilən Aktiv: USD/JPY - 50.0%)
2026-08-07 02:33:18 | pocket.main          | INFO     | ℹ️  M15 üçün siqnal tapılmadı
2026-08-07 02:33:20 | pocket.main          | INFO     | 📊 Bazar skan edilir...
2026-08-07 02:33:21 | pocket.main          | INFO     | ℹ️  M1 üçün siqnal tapılmadı
2026-08-07 02:33:23 | pocket.main          | INFO     | ✅ M5 üçün 1 siqnal tapıldı (Seçilən Aktiv: USD/JPY - 50.0%)
2026-08-07 02:33:25 | pocket.main          | INFO     | ℹ️  M15 üçün siqnal tapılmadı
2026-08-07 02:33:27 | pocket.main          | INFO     | 📊 Bazar skan edilir...
2026-08-07 02:33:28 | pocket.main          | INFO     | ℹ️  M1 üçün siqnal tapılmadı
2026-08-07 02:33:30 | pocket.main          | INFO     | ✅ M5 üçün 1 siqnal tapıldı (Seçilən Aktiv: USD/JPY - 50.0%)
2026-08-07 02:33:32 | pocket.main          | INFO     | ℹ️  M15 üçün siqnal tapılmadı
2026-08-07 02:33:34 | pocket.main          | INFO     | 📊 Bazar skan edilir...
2026-08-07 02:33:35 | pocket.main          | INFO     | ℹ️  M1 üçün siqnal tapılmadı
2026-08-07 02:33:37 | pocket.main          | INFO     | ✅ M5 üçün 1 siqnal tapıldı (Seçilən Aktiv: USD/JPY - 50.0%)
2026-08-07 02:33:39 | pocket.main          | INFO     | ℹ️  M15 üçün siqnal tapılmadı
2026-08-07 02:33:41 | pocket.main          | INFO     | 📊 Bazar skan edilir...
2026-08-07 02:33:42 | pocket.main          | INFO     | ℹ️  M1 üçün siqnal tapılmadı
2026-08-07 02:33:44 | pocket.main          | INFO     | ✅ M5 üçün 1 siqnal tapıldı (Seçilən Aktiv: USD/JPY - 50.0%)
2026-08-07 02:33:46 | pocket.main          | INFO     | ℹ️  M15 üçün siqnal tapılmadı
2026-08-07 02:33:48 | pocket.main          | INFO     | 📊 Bazar skan edilir...
2026-08-07 02:33:49 | pocket.main          | INFO     | ℹ️  M1 üçün siqnal tapılmadı
2026-08-07 02:33:51 | pocket.main          | INFO     | ✅ M5 üçün 1 siqnal tapıldı (Seçilən Aktiv: USD/JPY - 50.0%)
2026-08-07 02:33:53 | pocket.main          | INFO     | ℹ️  M15 üçün siqnal tapılmadı
2026-08-07 02:33:55 | pocket.main          | INFO     | 📊 Bazar skan edilir...
2026-08-07 02:33:56 | pocket.main          | INFO     | ℹ️  M1 üçün siqnal tapılmadı
